image_id,image_path,class_id,breed
Sphynx_179,C:\Users\mahmu\OneDrive\Desktop\Fine-Grained Pet Breed Classification\data\processed\images\Sphynx_179.jpg,34,Sphynx
leonberger_156,C:\Users\mahmu\OneDrive\Desktop\Fine-Grained Pet Breed Classification\data\processed\images\leonberger_156.jpg,20,leonberger
Bengal_13,C:\Users\mahmu\OneDrive\Desktop\Fine-Grained Pet Breed Classification\data\processed\images\Bengal_13.jpg,6,Bengal
staffordshire_bull_terrier_143,C:\Users\mahmu\OneDrive\Desktop\Fine-Grained Pet Breed Classification\data\processed\images\staffordshire_bull_terrier_143.jpg,35,staffordshire_bull_terrier
Siamese_102,C:\Users\mahmu\OneDrive\Desktop\Fine-Grained Pet Breed Classification\data\processed\images\Siamese_102.jpg,33,Siamese
newfoundland_159,C:\Users\mahmu\OneDrive\Desktop\Fine-Grained Pet Breed Classification\data\processed\images\newfoundland_159.jpg,23,newfoundland
japanese_chin_165,C:\Users\mahmu\OneDrive\Desktop\Fine-Grained Pet Breed Classification\data\processed\images\japanese_chin_165.jpg,18,japanese_chin
Bengal_16,C:\Users\mahmu\OneDrive\Desktop\Fine-Grained Pet Breed Classification\data\processed\images\Bengal_16.jpg,6,Bengal
havanese_179,C:\Users\mahmu\OneDrive\Desktop\Fine-Grained Pet Breed Classification\data\processed\images\havanese_179.jpg,17,havanese
samoyed_10,C:\Users\mahmu\OneDrive\Desktop\Fine-Grained Pet Breed Classification\data\processed\images\samoyed_10.jpg,30,samoyed
Persian_200,C:\Users\mahmu\OneDrive\Desktop\Fine-Grained Pet Breed Classification\data\processed\images\Persian_200.jpg,24,Persian
pomeranian_145,C:\Users\mahmu\OneDrive\Desktop\Fine-Grained Pet Breed Classification\data\processed\images\pomeranian_145.jpg,25,pomeranian
Siamese_18,C:\Users\mahmu\OneDrive\Desktop\Fine-Grained Pet Breed Classification\data\processed\images\Siamese_18.jpg,33,Siamese
leonberger_126,C:\Users\mahmu\OneDrive\Desktop\Fine-Grained Pet Breed Classification\data\processed\images\leonberger_126.jpg,20,leonberger
scottish_terrier_120,C:\Users\mahmu\OneDrive\Desktop\Fine-Grained Pet Breed Classification\data\processed\images\scottish_terrier_120.jpg,31,scottish_terrier
english_cocker_spaniel_177,C:\Users\mahmu\OneDrive\Desktop\Fine-Grained Pet Breed Classification\data\processed\images\english_cocker_spaniel_177.jpg,13,english_cocker_spaniel
staffordshire_bull_terrier_110,C:\Users\mahmu\OneDrive\Desktop\Fine-Grained Pet Breed Classification\data\processed\images\staffordshire_bull_terrier_110.jpg,35,staffordshire_bull_terrier
wheaten_terrier_16,C:\Users\mahmu\OneDrive\Desktop\Fine-Grained Pet Breed Classification\data\processed\images\wheaten_terrier_16.jpg,36,wheaten_terrier
pomeranian_126,C:\Users\mahmu\OneDrive\Desktop\Fine-Grained Pet Breed Classification\data\processed\images\pomeranian_126.jpg,25,pomeranian
german_shorthaired_171,C:\Users\mahmu\OneDrive\Desktop\Fine-Grained Pet Breed Classification\data\processed\images\german_shorthaired_171.jpg,15,german_shorthaired
Maine_Coon_197,C:\Users\mahmu\OneDrive\Desktop\Fine-Grained Pet Breed Classification\data\processed\images\Maine_Coon_197.jpg,21,Maine_Coon
Maine_Coon_186,C:\Users\mahmu\OneDrive\Desktop\Fine-Grained Pet Breed Classification\data\processed\images\Maine_Coon_186.jpg,21,Maine_Coon
japanese_chin_148,C:\Users\mahmu\OneDrive\Desktop\Fine-Grained Pet Breed Classification\data\processed\images\japanese_chin_148.jpg,18,japanese_chin
yorkshire_terrier_113,C:\Users\mahmu\OneDrive\Desktop\Fine-Grained Pet Breed Classification\data\processed\images\yorkshire_terrier_113.jpg,37,yorkshire_terrier
boxer_156,C:\Users\mahmu\OneDrive\Desktop\Fine-Grained Pet Breed Classification\data\processed\images\boxer_156.jpg,9,boxer
chihuahua_125,C:\Users\mahmu\OneDrive\Desktop\Fine-Grained Pet Breed Classification\data\processed\images\chihuahua_125.jpg,11,chihuahua
beagle_172,C:\Users\mahmu\OneDrive\Desktop\Fine-Grained Pet Breed Classification\data\processed\images\beagle_172.jpg,5,beagle
shiba_inu_194,C:\Users\mahmu\OneDrive\Desktop\Fine-Grained Pet Breed Classification\data\processed\images\shiba_inu_194.jpg,32,shiba_inu
newfoundland_165,C:\Users\mahmu\OneDrive\Desktop\Fine-Grained Pet Breed Classification\data\processed\images\newfoundland_165.jpg,23,newfoundland
english_setter_114,C:\Users\mahmu\OneDrive\Desktop\Fine-Grained Pet Breed Classification\data\processed\images\english_setter_114.jpg,14,english_setter
samoyed_128,C:\Users\mahmu\OneDrive\Desktop\Fine-Grained Pet Breed Classification\data\processed\images\samoyed_128.jpg,30,samoyed
beagle_122,C:\Users\mahmu\OneDrive\Desktop\Fine-Grained Pet Breed Classification\data\processed\images\beagle_122.jpg,5,beagle
Russian_Blue_164,C:\Users\mahmu\OneDrive\Desktop\Fine-Grained Pet Breed Classification\data\processed\images\Russian_Blue_164.jpg,28,Russian_Blue
chihuahua_178,C:\Users\mahmu\OneDrive\Desktop\Fine-Grained Pet Breed Classification\data\processed\images\chihuahua_178.jpg,11,chihuahua
american_pit_bull_terrier_125,C:\Users\mahmu\OneDrive\Desktop\Fine-Grained Pet Breed Classification\data\processed\images\american_pit_bull_terrier_125.jpg,3,american_pit_bull_terrier
chihuahua_187,C:\Users\mahmu\OneDrive\Desktop\Fine-Grained Pet Breed Classification\data\processed\images\chihuahua_187.jpg,11,chihuahua
Birman_162,C:\Users\mahmu\OneDrive\Desktop\Fine-Grained Pet Breed Classification\data\processed\images\Birman_162.jpg,7,Birman
basset_hound_133,C:\Users\mahmu\OneDrive\Desktop\Fine-Grained Pet Breed Classification\data\processed\images\basset_hound_133.jpg,4,basset_hound
english_cocker_spaniel_158,C:\Users\mahmu\OneDrive\Desktop\Fine-Grained Pet Breed Classification\data\processed\images\english_cocker_spaniel_158.jpg,13,english_cocker_spaniel
boxer_170,C:\Users\mahmu\OneDrive\Desktop\Fine-Grained Pet Breed Classification\data\processed\images\boxer_170.jpg,9,boxer
wheaten_terrier_138,C:\Users\mahmu\OneDrive\Desktop\Fine-Grained Pet Breed Classification\data\processed\images\wheaten_terrier_138.jpg,36,wheaten_terrier
shiba_inu_16,C:\Users\mahmu\OneDrive\Desktop\Fine-Grained Pet Breed Classification\data\processed\images\shiba_inu_16.jpg,32,shiba_inu
pug_187,C:\Users\mahmu\OneDrive\Desktop\Fine-Grained Pet Breed Classification\data\processed\images\pug_187.jpg,26,pug
american_bulldog_136,C:\Users\mahmu\OneDrive\Desktop\Fine-Grained Pet Breed Classification\data\processed\images\american_bulldog_136.jpg,2,american_bulldog
german_shorthaired_149,C:\Users\mahmu\OneDrive\Desktop\Fine-Grained Pet Breed Classification\data\processed\images\german_shorthaired_149.jpg,15,german_shorthaired
Russian_Blue_14,C:\Users\mahmu\OneDrive\Desktop\Fine-Grained Pet Breed Classification\data\processed\images\Russian_Blue_14.jpg,28,Russian_Blue
Siamese_159,C:\Users\mahmu\OneDrive\Desktop\Fine-Grained Pet Breed Classification\data\processed\images\Siamese_159.jpg,33,Siamese
Russian_Blue_114,C:\Users\mahmu\OneDrive\Desktop\Fine-Grained Pet Breed Classification\data\processed\images\Russian_Blue_114.jpg,28,Russian_Blue
english_cocker_spaniel_112,C:\Users\mahmu\OneDrive\Desktop\Fine-Grained Pet Breed Classification\data\processed\images\english_cocker_spaniel_112.jpg,13,english_cocker_spaniel
yorkshire_terrier_129,C:\Users\mahmu\OneDrive\Desktop\Fine-Grained Pet Breed Classification\data\processed\images\yorkshire_terrier_129.jpg,37,yorkshire_terrier
Sphynx_145,C:\Users\mahmu\OneDrive\Desktop\Fine-Grained Pet Breed Classification\data\processed\images\Sphynx_145.jpg,34,Sphynx
boxer_144,C:\Users\mahmu\OneDrive\Desktop\Fine-Grained Pet Breed Classification\data\processed\images\boxer_144.jpg,9,boxer
pug_171,C:\Users\mahmu\OneDrive\Desktop\Fine-Grained Pet Breed Classification\data\processed\images\pug_171.jpg,26,pug
japanese_chin_185,C:\Users\mahmu\OneDrive\Desktop\Fine-Grained Pet Breed Classification\data\processed\images\japanese_chin_185.jpg,18,japanese_chin
english_cocker_spaniel_184,C:\Users\mahmu\OneDrive\Desktop\Fine-Grained Pet Breed Classification\data\processed\images\english_cocker_spaniel_184.jpg,13,english_cocker_spaniel
Birman_133,C:\Users\mahmu\OneDrive\Desktop\Fine-Grained Pet Breed Classification\data\processed\images\Birman_133.jpg,7,Birman
german_shorthaired_190,C:\Users\mahmu\OneDrive\Desktop\Fine-Grained Pet Breed Classification\data\processed\images\german_shorthaired_190.jpg,15,german_shorthaired
beagle_179,C:\Users\mahmu\OneDrive\Desktop\Fine-Grained Pet Breed Classification\data\processed\images\beagle_179.jpg,5,beagle
english_setter_158,C:\Users\mahmu\OneDrive\Desktop\Fine-Grained Pet Breed Classification\data\processed\images\english_setter_158.jpg,14,english_setter
yorkshire_terrier_127,C:\Users\mahmu\OneDrive\Desktop\Fine-Grained Pet Breed Classification\data\processed\images\yorkshire_terrier_127.jpg,37,yorkshire_terrier
keeshond_166,C:\Users\mahmu\OneDrive\Desktop\Fine-Grained Pet Breed Classification\data\processed\images\keeshond_166.jpg,19,keeshond
Bengal_140,C:\Users\mahmu\OneDrive\Desktop\Fine-Grained Pet Breed Classification\data\processed\images\Bengal_140.jpg,6,Bengal
pomeranian_156,C:\Users\mahmu\OneDrive\Desktop\Fine-Grained Pet Breed Classification\data\processed\images\pomeranian_156.jpg,25,pomeranian
Abyssinian_123,C:\Users\mahmu\OneDrive\Desktop\Fine-Grained Pet Breed Classification\data\processed\images\Abyssinian_123.jpg,1,Abyssinian
Maine_Coon_132,C:\Users\mahmu\OneDrive\Desktop\Fine-Grained Pet Breed Classification\data\processed\images\Maine_Coon_132.jpg,21,Maine_Coon
yorkshire_terrier_110,C:\Users\mahmu\OneDrive\Desktop\Fine-Grained Pet Breed Classification\data\processed\images\yorkshire_terrier_110.jpg,37,yorkshire_terrier
Abyssinian_184,C:\Users\mahmu\OneDrive\Desktop\Fine-Grained Pet Breed Classification\data\processed\images\Abyssinian_184.jpg,1,Abyssinian
Maine_Coon_146,C:\Users\mahmu\OneDrive\Desktop\Fine-Grained Pet Breed Classification\data\processed\images\Maine_Coon_146.jpg,21,Maine_Coon
Russian_Blue_108,C:\Users\mahmu\OneDrive\Desktop\Fine-Grained Pet Breed Classification\data\processed\images\Russian_Blue_108.jpg,28,Russian_Blue
leonberger_168,C:\Users\mahmu\OneDrive\Desktop\Fine-Grained Pet Breed Classification\data\processed\images\leonberger_168.jpg,20,leonberger
Ragdoll_16,C:\Users\mahmu\OneDrive\Desktop\Fine-Grained Pet Breed Classification\data\processed\images\Ragdoll_16.jpg,27,Ragdoll
Abyssinian_190,C:\Users\mahmu\OneDrive\Desktop\Fine-Grained Pet Breed Classification\data\processed\images\Abyssinian_190.jpg,1,Abyssinian
staffordshire_bull_terrier_126,C:\Users\mahmu\OneDrive\Desktop\Fine-Grained Pet Breed Classification\data\processed\images\staffordshire_bull_terrier_126.jpg,35,staffordshire_bull_terrier
leonberger_12,C:\Users\mahmu\OneDrive\Desktop\Fine-Grained Pet Breed Classification\data\processed\images\leonberger_12.jpg,20,leonberger
Ragdoll_159,C:\Users\mahmu\OneDrive\Desktop\Fine-Grained Pet Breed Classification\data\processed\images\Ragdoll_159.jpg,27,Ragdoll
german_shorthaired_170,C:\Users\mahmu\OneDrive\Desktop\Fine-Grained Pet Breed Classification\data\processed\images\german_shorthaired_170.jpg,15,german_shorthaired
basset_hound_183,C:\Users\mahmu\OneDrive\Desktop\Fine-Grained Pet Breed Classification\data\processed\images\basset_hound_183.jpg,4,basset_hound
japanese_chin_177,C:\Users\mahmu\OneDrive\Desktop\Fine-Grained Pet Breed Classification\data\processed\images\japanese_chin_177.jpg,18,japanese_chin
Bengal_127,C:\Users\mahmu\OneDrive\Desktop\Fine-Grained Pet Breed Classification\data\processed\images\Bengal_127.jpg,6,Bengal
British_Shorthair_121,C:\Users\mahmu\OneDrive\Desktop\Fine-Grained Pet Breed Classification\data\processed\images\British_Shorthair_121.jpg,10,British_Shorthair
Abyssinian_175,C:\Users\mahmu\OneDrive\Desktop\Fine-Grained Pet Breed Classification\data\processed\images\Abyssinian_175.jpg,1,Abyssinian
japanese_chin_143,C:\Users\mahmu\OneDrive\Desktop\Fine-Grained Pet Breed Classification\data\processed\images\japanese_chin_143.jpg,18,japanese_chin
american_pit_bull_terrier_10,C:\Users\mahmu\OneDrive\Desktop\Fine-Grained Pet Breed Classification\data\processed\images\american_pit_bull_terrier_10.jpg,3,american_pit_bull_terrier
Abyssinian_116,C:\Users\mahmu\OneDrive\Desktop\Fine-Grained Pet Breed Classification\data\processed\images\Abyssinian_116.jpg,1,Abyssinian
great_pyrenees_145,C:\Users\mahmu\OneDrive\Desktop\Fine-Grained Pet Breed Classification\data\processed\images\great_pyrenees_145.jpg,16,great_pyrenees
shiba_inu_12,C:\Users\mahmu\OneDrive\Desktop\Fine-Grained Pet Breed Classification\data\processed\images\shiba_inu_12.jpg,32,shiba_inu
scottish_terrier_148,C:\Users\mahmu\OneDrive\Desktop\Fine-Grained Pet Breed Classification\data\processed\images\scottish_terrier_148.jpg,31,scottish_terrier
yorkshire_terrier_16,C:\Users\mahmu\OneDrive\Desktop\Fine-Grained Pet Breed Classification\data\processed\images\yorkshire_terrier_16.jpg,37,yorkshire_terrier
Persian_187,C:\Users\mahmu\OneDrive\Desktop\Fine-Grained Pet Breed Classification\data\processed\images\Persian_187.jpg,24,Persian
basset_hound_144,C:\Users\mahmu\OneDrive\Desktop\Fine-Grained Pet Breed Classification\data\processed\images\basset_hound_144.jpg,4,basset_hound
Persian_143,C:\Users\mahmu\OneDrive\Desktop\Fine-Grained Pet Breed Classification\data\processed\images\Persian_143.jpg,24,Persian
Abyssinian_108,C:\Users\mahmu\OneDrive\Desktop\Fine-Grained Pet Breed Classification\data\processed\images\Abyssinian_108.jpg,1,Abyssinian
Birman_145,C:\Users\mahmu\OneDrive\Desktop\Fine-Grained Pet Breed Classification\data\processed\images\Birman_145.jpg,7,Birman
pug_104,C:\Users\mahmu\OneDrive\Desktop\Fine-Grained Pet Breed Classification\data\processed\images\pug_104.jpg,26,pug
newfoundland_178,C:\Users\mahmu\OneDrive\Desktop\Fine-Grained Pet Breed Classification\data\processed\images\newfoundland_178.jpg,23,newfoundland
samoyed_166,C:\Users\mahmu\OneDrive\Desktop\Fine-Grained Pet Breed Classification\data\processed\images\samoyed_166.jpg,30,samoyed
Abyssinian_145,C:\Users\mahmu\OneDrive\Desktop\Fine-Grained Pet Breed Classification\data\processed\images\Abyssinian_145.jpg,1,Abyssinian
wheaten_terrier_126,C:\Users\mahmu\OneDrive\Desktop\Fine-Grained Pet Breed Classification\data\processed\images\wheaten_terrier_126.jpg,36,wheaten_terrier
Ragdoll_169,C:\Users\mahmu\OneDrive\Desktop\Fine-Grained Pet Breed Classification\data\processed\images\Ragdoll_169.jpg,27,Ragdoll
British_Shorthair_164,C:\Users\mahmu\OneDrive\Desktop\Fine-Grained Pet Breed Classification\data\processed\images\British_Shorthair_164.jpg,10,British_Shorthair
chihuahua_189,C:\Users\mahmu\OneDrive\Desktop\Fine-Grained Pet Breed Classification\data\processed\images\chihuahua_189.jpg,11,chihuahua
Egyptian_Mau_179,C:\Users\mahmu\OneDrive\Desktop\Fine-Grained Pet Breed Classification\data\processed\images\Egyptian_Mau_179.jpg,12,Egyptian_Mau
american_bulldog_101,C:\Users\mahmu\OneDrive\Desktop\Fine-Grained Pet Breed Classification\data\processed\images\american_bulldog_101.jpg,2,american_bulldog
saint_bernard_18,C:\Users\mahmu\OneDrive\Desktop\Fine-Grained Pet Breed Classification\data\processed\images\saint_bernard_18.jpg,29,saint_bernard
newfoundland_157,C:\Users\mahmu\OneDrive\Desktop\Fine-Grained Pet Breed Classification\data\processed\images\newfoundland_157.jpg,23,newfoundland
pomeranian_169,C:\Users\mahmu\OneDrive\Desktop\Fine-Grained Pet Breed Classification\data\processed\images\pomeranian_169.jpg,25,pomeranian
great_pyrenees_114,C:\Users\mahmu\OneDrive\Desktop\Fine-Grained Pet Breed Classification\data\processed\images\great_pyrenees_114.jpg,16,great_pyrenees
Sphynx_127,C:\Users\mahmu\OneDrive\Desktop\Fine-Grained Pet Breed Classification\data\processed\images\Sphynx_127.jpg,34,Sphynx
Persian_101,C:\Users\mahmu\OneDrive\Desktop\Fine-Grained Pet Breed Classification\data\processed\images\Persian_101.jpg,24,Persian
scottish_terrier_13,C:\Users\mahmu\OneDrive\Desktop\Fine-Grained Pet Breed Classification\data\processed\images\scottish_terrier_13.jpg,31,scottish_terrier
Bombay_144,C:\Users\mahmu\OneDrive\Desktop\Fine-Grained Pet Breed Classification\data\processed\images\Bombay_144.jpg,8,Bombay
Abyssinian_151,C:\Users\mahmu\OneDrive\Desktop\Fine-Grained Pet Breed Classification\data\processed\images\Abyssinian_151.jpg,1,Abyssinian
shiba_inu_177,C:\Users\mahmu\OneDrive\Desktop\Fine-Grained Pet Breed Classification\data\processed\images\shiba_inu_177.jpg,32,shiba_inu
great_pyrenees_182,C:\Users\mahmu\OneDrive\Desktop\Fine-Grained Pet Breed Classification\data\processed\images\great_pyrenees_182.jpg,16,great_pyrenees
shiba_inu_181,C:\Users\mahmu\OneDrive\Desktop\Fine-Grained Pet Breed Classification\data\processed\images\shiba_inu_181.jpg,32,shiba_inu
german_shorthaired_16,C:\Users\mahmu\OneDrive\Desktop\Fine-Grained Pet Breed Classification\data\processed\images\german_shorthaired_16.jpg,15,german_shorthaired
Russian_Blue_178,C:\Users\mahmu\OneDrive\Desktop\Fine-Grained Pet Breed Classification\data\processed\images\Russian_Blue_178.jpg,28,Russian_Blue
keeshond_168,C:\Users\mahmu\OneDrive\Desktop\Fine-Grained Pet Breed Classification\data\processed\images\keeshond_168.jpg,19,keeshond
keeshond_170,C:\Users\mahmu\OneDrive\Desktop\Fine-Grained Pet Breed Classification\data\processed\images\keeshond_170.jpg,19,keeshond
shiba_inu_107,C:\Users\mahmu\OneDrive\Desktop\Fine-Grained Pet Breed Classification\data\processed\images\shiba_inu_107.jpg,32,shiba_inu
wheaten_terrier_183,C:\Users\mahmu\OneDrive\Desktop\Fine-Grained Pet Breed Classification\data\processed\images\wheaten_terrier_183.jpg,36,wheaten_terrier
Bombay_172,C:\Users\mahmu\OneDrive\Desktop\Fine-Grained Pet Breed Classification\data\processed\images\Bombay_172.jpg,8,Bombay
saint_bernard_162,C:\Users\mahmu\OneDrive\Desktop\Fine-Grained Pet Breed Classification\data\processed\images\saint_bernard_162.jpg,29,saint_bernard
Bengal_120,C:\Users\mahmu\OneDrive\Desktop\Fine-Grained Pet Breed Classification\data\processed\images\Bengal_120.jpg,6,Bengal
Egyptian_Mau_175,C:\Users\mahmu\OneDrive\Desktop\Fine-Grained Pet Breed Classification\data\processed\images\Egyptian_Mau_175.jpg,12,Egyptian_Mau
Siamese_152,C:\Users\mahmu\OneDrive\Desktop\Fine-Grained Pet Breed Classification\data\processed\images\Siamese_152.jpg,33,Siamese
leonberger_139,C:\Users\mahmu\OneDrive\Desktop\Fine-Grained Pet Breed Classification\data\processed\images\leonberger_139.jpg,20,leonberger
american_bulldog_16,C:\Users\mahmu\OneDrive\Desktop\Fine-Grained Pet Breed Classification\data\processed\images\american_bulldog_16.jpg,2,american_bulldog
samoyed_108,C:\Users\mahmu\OneDrive\Desktop\Fine-Grained Pet Breed Classification\data\processed\images\samoyed_108.jpg,30,samoyed
yorkshire_terrier_145,C:\Users\mahmu\OneDrive\Desktop\Fine-Grained Pet Breed Classification\data\processed\images\yorkshire_terrier_145.jpg,37,yorkshire_terrier
miniature_pinscher_151,C:\Users\mahmu\OneDrive\Desktop\Fine-Grained Pet Breed Classification\data\processed\images\miniature_pinscher_151.jpg,22,miniature_pinscher
english_setter_152,C:\Users\mahmu\OneDrive\Desktop\Fine-Grained Pet Breed Classification\data\processed\images\english_setter_152.jpg,14,english_setter
english_setter_15,C:\Users\mahmu\OneDrive\Desktop\Fine-Grained Pet Breed Classification\data\processed\images\english_setter_15.jpg,14,english_setter
japanese_chin_131,C:\Users\mahmu\OneDrive\Desktop\Fine-Grained Pet Breed Classification\data\processed\images\japanese_chin_131.jpg,18,japanese_chin
Persian_134,C:\Users\mahmu\OneDrive\Desktop\Fine-Grained Pet Breed Classification\data\processed\images\Persian_134.jpg,24,Persian
pomeranian_106,C:\Users\mahmu\OneDrive\Desktop\Fine-Grained Pet Breed Classification\data\processed\images\pomeranian_106.jpg,25,pomeranian
Russian_Blue_149,C:\Users\mahmu\OneDrive\Desktop\Fine-Grained Pet Breed Classification\data\processed\images\Russian_Blue_149.jpg,28,Russian_Blue
Bengal_138,C:\Users\mahmu\OneDrive\Desktop\Fine-Grained Pet Breed Classification\data\processed\images\Bengal_138.jpg,6,Bengal
pomeranian_155,C:\Users\mahmu\OneDrive\Desktop\Fine-Grained Pet Breed Classification\data\processed\images\pomeranian_155.jpg,25,pomeranian
german_shorthaired_108,C:\Users\mahmu\OneDrive\Desktop\Fine-Grained Pet Breed Classification\data\processed\images\german_shorthaired_108.jpg,15,german_shorthaired
pomeranian_119,C:\Users\mahmu\OneDrive\Desktop\Fine-Grained Pet Breed Classification\data\processed\images\pomeranian_119.jpg,25,pomeranian
american_pit_bull_terrier_118,C:\Users\mahmu\OneDrive\Desktop\Fine-Grained Pet Breed Classification\data\processed\images\american_pit_bull_terrier_118.jpg,3,american_pit_bull_terrier
basset_hound_186,C:\Users\mahmu\OneDrive\Desktop\Fine-Grained Pet Breed Classification\data\processed\images\basset_hound_186.jpg,4,basset_hound
wheaten_terrier_109,C:\Users\mahmu\OneDrive\Desktop\Fine-Grained Pet Breed Classification\data\processed\images\wheaten_terrier_109.jpg,36,wheaten_terrier
basset_hound_161,C:\Users\mahmu\OneDrive\Desktop\Fine-Grained Pet Breed Classification\data\processed\images\basset_hound_161.jpg,4,basset_hound
saint_bernard_16,C:\Users\mahmu\OneDrive\Desktop\Fine-Grained Pet Breed Classification\data\processed\images\saint_bernard_16.jpg,29,saint_bernard
great_pyrenees_109,C:\Users\mahmu\OneDrive\Desktop\Fine-Grained Pet Breed Classification\data\processed\images\great_pyrenees_109.jpg,16,great_pyrenees
Birman_161,C:\Users\mahmu\OneDrive\Desktop\Fine-Grained Pet Breed Classification\data\processed\images\Birman_161.jpg,7,Birman
Birman_10,C:\Users\mahmu\OneDrive\Desktop\Fine-Grained Pet Breed Classification\data\processed\images\Birman_10.jpg,7,Birman
Abyssinian_118,C:\Users\mahmu\OneDrive\Desktop\Fine-Grained Pet Breed Classification\data\processed\images\Abyssinian_118.jpg,1,Abyssinian
staffordshire_bull_terrier_134,C:\Users\mahmu\OneDrive\Desktop\Fine-Grained Pet Breed Classification\data\processed\images\staffordshire_bull_terrier_134.jpg,35,staffordshire_bull_terrier
British_Shorthair_157,C:\Users\mahmu\OneDrive\Desktop\Fine-Grained Pet Breed Classification\data\processed\images\British_Shorthair_157.jpg,10,British_Shorthair
Maine_Coon_1,C:\Users\mahmu\OneDrive\Desktop\Fine-Grained Pet Breed Classification\data\processed\images\Maine_Coon_1.jpg,21,Maine_Coon
Persian_189,C:\Users\mahmu\OneDrive\Desktop\Fine-Grained Pet Breed Classification\data\processed\images\Persian_189.jpg,24,Persian
great_pyrenees_190,C:\Users\mahmu\OneDrive\Desktop\Fine-Grained Pet Breed Classification\data\processed\images\great_pyrenees_190.jpg,16,great_pyrenees
leonberger_100,C:\Users\mahmu\OneDrive\Desktop\Fine-Grained Pet Breed Classification\data\processed\images\leonberger_100.jpg,20,leonberger
saint_bernard_170,C:\Users\mahmu\OneDrive\Desktop\Fine-Grained Pet Breed Classification\data\processed\images\saint_bernard_170.jpg,29,saint_bernard
Bengal_191,C:\Users\mahmu\OneDrive\Desktop\Fine-Grained Pet Breed Classification\data\processed\images\Bengal_191.jpg,6,Bengal
american_bulldog_168,C:\Users\mahmu\OneDrive\Desktop\Fine-Grained Pet Breed Classification\data\processed\images\american_bulldog_168.jpg,2,american_bulldog
shiba_inu_108,C:\Users\mahmu\OneDrive\Desktop\Fine-Grained Pet Breed Classification\data\processed\images\shiba_inu_108.jpg,32,shiba_inu
leonberger_150,C:\Users\mahmu\OneDrive\Desktop\Fine-Grained Pet Breed Classification\data\processed\images\leonberger_150.jpg,20,leonberger
staffordshire_bull_terrier_188,C:\Users\mahmu\OneDrive\Desktop\Fine-Grained Pet Breed Classification\data\processed\images\staffordshire_bull_terrier_188.jpg,35,staffordshire_bull_terrier
basset_hound_138,C:\Users\mahmu\OneDrive\Desktop\Fine-Grained Pet Breed Classification\data\processed\images\basset_hound_138.jpg,4,basset_hound
havanese_176,C:\Users\mahmu\OneDrive\Desktop\Fine-Grained Pet Breed Classification\data\processed\images\havanese_176.jpg,17,havanese
Abyssinian_139,C:\Users\mahmu\OneDrive\Desktop\Fine-Grained Pet Breed Classification\data\processed\images\Abyssinian_139.jpg,1,Abyssinian
american_bulldog_118,C:\Users\mahmu\OneDrive\Desktop\Fine-Grained Pet Breed Classification\data\processed\images\american_bulldog_118.jpg,2,american_bulldog
staffordshire_bull_terrier_112,C:\Users\mahmu\OneDrive\Desktop\Fine-Grained Pet Breed Classification\data\processed\images\staffordshire_bull_terrier_112.jpg,35,staffordshire_bull_terrier
samoyed_183,C:\Users\mahmu\OneDrive\Desktop\Fine-Grained Pet Breed Classification\data\processed\images\samoyed_183.jpg,30,samoyed
keeshond_120,C:\Users\mahmu\OneDrive\Desktop\Fine-Grained Pet Breed Classification\data\processed\images\keeshond_120.jpg,19,keeshond
saint_bernard_130,C:\Users\mahmu\OneDrive\Desktop\Fine-Grained Pet Breed Classification\data\processed\images\saint_bernard_130.jpg,29,saint_bernard
chihuahua_114,C:\Users\mahmu\OneDrive\Desktop\Fine-Grained Pet Breed Classification\data\processed\images\chihuahua_114.jpg,11,chihuahua
Siamese_172,C:\Users\mahmu\OneDrive\Desktop\Fine-Grained Pet Breed Classification\data\processed\images\Siamese_172.jpg,33,Siamese
Maine_Coon_169,C:\Users\mahmu\OneDrive\Desktop\Fine-Grained Pet Breed Classification\data\processed\images\Maine_Coon_169.jpg,21,Maine_Coon
staffordshire_bull_terrier_139,C:\Users\mahmu\OneDrive\Desktop\Fine-Grained Pet Breed Classification\data\processed\images\staffordshire_bull_terrier_139.jpg,35,staffordshire_bull_terrier
Maine_Coon_19,C:\Users\mahmu\OneDrive\Desktop\Fine-Grained Pet Breed Classification\data\processed\images\Maine_Coon_19.jpg,21,Maine_Coon
english_cocker_spaniel_190,C:\Users\mahmu\OneDrive\Desktop\Fine-Grained Pet Breed Classification\data\processed\images\english_cocker_spaniel_190.jpg,13,english_cocker_spaniel
Ragdoll_189,C:\Users\mahmu\OneDrive\Desktop\Fine-Grained Pet Breed Classification\data\processed\images\Ragdoll_189.jpg,27,Ragdoll
havanese_181,C:\Users\mahmu\OneDrive\Desktop\Fine-Grained Pet Breed Classification\data\processed\images\havanese_181.jpg,17,havanese
american_bulldog_196,C:\Users\mahmu\OneDrive\Desktop\Fine-Grained Pet Breed Classification\data\processed\images\american_bulldog_196.jpg,2,american_bulldog
scottish_terrier_139,C:\Users\mahmu\OneDrive\Desktop\Fine-Grained Pet Breed Classification\data\processed\images\scottish_terrier_139.jpg,31,scottish_terrier
american_pit_bull_terrier_18,C:\Users\mahmu\OneDrive\Desktop\Fine-Grained Pet Breed Classification\data\processed\images\american_pit_bull_terrier_18.jpg,3,american_pit_bull_terrier
Russian_Blue_19,C:\Users\mahmu\OneDrive\Desktop\Fine-Grained Pet Breed Classification\data\processed\images\Russian_Blue_19.jpg,28,Russian_Blue
scottish_terrier_134,C:\Users\mahmu\OneDrive\Desktop\Fine-Grained Pet Breed Classification\data\processed\images\scottish_terrier_134.jpg,31,scottish_terrier
boxer_104,C:\Users\mahmu\OneDrive\Desktop\Fine-Grained Pet Breed Classification\data\processed\images\boxer_104.jpg,9,boxer
pomeranian_12,C:\Users\mahmu\OneDrive\Desktop\Fine-Grained Pet Breed Classification\data\processed\images\pomeranian_12.jpg,25,pomeranian
staffordshire_bull_terrier_180,C:\Users\mahmu\OneDrive\Desktop\Fine-Grained Pet Breed Classification\data\processed\images\staffordshire_bull_terrier_180.jpg,35,staffordshire_bull_terrier
Ragdoll_110,C:\Users\mahmu\OneDrive\Desktop\Fine-Grained Pet Breed Classification\data\processed\images\Ragdoll_110.jpg,27,Ragdoll
Russian_Blue_192,C:\Users\mahmu\OneDrive\Desktop\Fine-Grained Pet Breed Classification\data\processed\images\Russian_Blue_192.jpg,28,Russian_Blue
yorkshire_terrier_186,C:\Users\mahmu\OneDrive\Desktop\Fine-Grained Pet Breed Classification\data\processed\images\yorkshire_terrier_186.jpg,37,yorkshire_terrier
Abyssinian_178,C:\Users\mahmu\OneDrive\Desktop\Fine-Grained Pet Breed Classification\data\processed\images\Abyssinian_178.jpg,1,Abyssinian
wheaten_terrier_145,C:\Users\mahmu\OneDrive\Desktop\Fine-Grained Pet Breed Classification\data\processed\images\wheaten_terrier_145.jpg,36,wheaten_terrier
Russian_Blue_175,C:\Users\mahmu\OneDrive\Desktop\Fine-Grained Pet Breed Classification\data\processed\images\Russian_Blue_175.jpg,28,Russian_Blue
japanese_chin_139,C:\Users\mahmu\OneDrive\Desktop\Fine-Grained Pet Breed Classification\data\processed\images\japanese_chin_139.jpg,18,japanese_chin
german_shorthaired_104,C:\Users\mahmu\OneDrive\Desktop\Fine-Grained Pet Breed Classification\data\processed\images\german_shorthaired_104.jpg,15,german_shorthaired
Bombay_121,C:\Users\mahmu\OneDrive\Desktop\Fine-Grained Pet Breed Classification\data\processed\images\Bombay_121.jpg,8,Bombay
Ragdoll_145,C:\Users\mahmu\OneDrive\Desktop\Fine-Grained Pet Breed Classification\data\processed\images\Ragdoll_145.jpg,27,Ragdoll
german_shorthaired_181,C:\Users\mahmu\OneDrive\Desktop\Fine-Grained Pet Breed Classification\data\processed\images\german_shorthaired_181.jpg,15,german_shorthaired
Bombay_171,C:\Users\mahmu\OneDrive\Desktop\Fine-Grained Pet Breed Classification\data\processed\images\Bombay_171.jpg,8,Bombay
miniature_pinscher_154,C:\Users\mahmu\OneDrive\Desktop\Fine-Grained Pet Breed Classification\data\processed\images\miniature_pinscher_154.jpg,22,miniature_pinscher
chihuahua_105,C:\Users\mahmu\OneDrive\Desktop\Fine-Grained Pet Breed Classification\data\processed\images\chihuahua_105.jpg,11,chihuahua
Birman_175,C:\Users\mahmu\OneDrive\Desktop\Fine-Grained Pet Breed Classification\data\processed\images\Birman_175.jpg,7,Birman
samoyed_120,C:\Users\mahmu\OneDrive\Desktop\Fine-Grained Pet Breed Classification\data\processed\images\samoyed_120.jpg,30,samoyed
shiba_inu_139,C:\Users\mahmu\OneDrive\Desktop\Fine-Grained Pet Breed Classification\data\processed\images\shiba_inu_139.jpg,32,shiba_inu
Siamese_117,C:\Users\mahmu\OneDrive\Desktop\Fine-Grained Pet Breed Classification\data\processed\images\Siamese_117.jpg,33,Siamese
British_Shorthair_174,C:\Users\mahmu\OneDrive\Desktop\Fine-Grained Pet Breed Classification\data\processed\images\British_Shorthair_174.jpg,10,British_Shorthair
staffordshire_bull_terrier_186,C:\Users\mahmu\OneDrive\Desktop\Fine-Grained Pet Breed Classification\data\processed\images\staffordshire_bull_terrier_186.jpg,35,staffordshire_bull_terrier
beagle_158,C:\Users\mahmu\OneDrive\Desktop\Fine-Grained Pet Breed Classification\data\processed\images\beagle_158.jpg,5,beagle
yorkshire_terrier_181,C:\Users\mahmu\OneDrive\Desktop\Fine-Grained Pet Breed Classification\data\processed\images\yorkshire_terrier_181.jpg,37,yorkshire_terrier
Egyptian_Mau_165,C:\Users\mahmu\OneDrive\Desktop\Fine-Grained Pet Breed Classification\data\processed\images\Egyptian_Mau_165.jpg,12,Egyptian_Mau
Russian_Blue_107,C:\Users\mahmu\OneDrive\Desktop\Fine-Grained Pet Breed Classification\data\processed\images\Russian_Blue_107.jpg,28,Russian_Blue
chihuahua_149,C:\Users\mahmu\OneDrive\Desktop\Fine-Grained Pet Breed Classification\data\processed\images\chihuahua_149.jpg,11,chihuahua
Persian_168,C:\Users\mahmu\OneDrive\Desktop\Fine-Grained Pet Breed Classification\data\processed\images\Persian_168.jpg,24,Persian
beagle_134,C:\Users\mahmu\OneDrive\Desktop\Fine-Grained Pet Breed Classification\data\processed\images\beagle_134.jpg,5,beagle
Abyssinian_106,C:\Users\mahmu\OneDrive\Desktop\Fine-Grained Pet Breed Classification\data\processed\images\Abyssinian_106.jpg,1,Abyssinian
basset_hound_116,C:\Users\mahmu\OneDrive\Desktop\Fine-Grained Pet Breed Classification\data\processed\images\basset_hound_116.jpg,4,basset_hound
wheaten_terrier_179,C:\Users\mahmu\OneDrive\Desktop\Fine-Grained Pet Breed Classification\data\processed\images\wheaten_terrier_179.jpg,36,wheaten_terrier
newfoundland_134,C:\Users\mahmu\OneDrive\Desktop\Fine-Grained Pet Breed Classification\data\processed\images\newfoundland_134.jpg,23,newfoundland
pug_118,C:\Users\mahmu\OneDrive\Desktop\Fine-Grained Pet Breed Classification\data\processed\images\pug_118.jpg,26,pug
samoyed_105,C:\Users\mahmu\OneDrive\Desktop\Fine-Grained Pet Breed Classification\data\processed\images\samoyed_105.jpg,30,samoyed
Bombay_128,C:\Users\mahmu\OneDrive\Desktop\Fine-Grained Pet Breed Classification\data\processed\images\Bombay_128.jpg,8,Bombay
leonberger_141,C:\Users\mahmu\OneDrive\Desktop\Fine-Grained Pet Breed Classification\data\processed\images\leonberger_141.jpg,20,leonberger
japanese_chin_18,C:\Users\mahmu\OneDrive\Desktop\Fine-Grained Pet Breed Classification\data\processed\images\japanese_chin_18.jpg,18,japanese_chin
beagle_174,C:\Users\mahmu\OneDrive\Desktop\Fine-Grained Pet Breed Classification\data\processed\images\beagle_174.jpg,5,beagle
havanese_124,C:\Users\mahmu\OneDrive\Desktop\Fine-Grained Pet Breed Classification\data\processed\images\havanese_124.jpg,17,havanese
Birman_16,C:\Users\mahmu\OneDrive\Desktop\Fine-Grained Pet Breed Classification\data\processed\images\Birman_16.jpg,7,Birman
pomeranian_15,C:\Users\mahmu\OneDrive\Desktop\Fine-Grained Pet Breed Classification\data\processed\images\pomeranian_15.jpg,25,pomeranian
wheaten_terrier_186,C:\Users\mahmu\OneDrive\Desktop\Fine-Grained Pet Breed Classification\data\processed\images\wheaten_terrier_186.jpg,36,wheaten_terrier
Bengal_103,C:\Users\mahmu\OneDrive\Desktop\Fine-Grained Pet Breed Classification\data\processed\images\Bengal_103.jpg,6,Bengal
english_setter_180,C:\Users\mahmu\OneDrive\Desktop\Fine-Grained Pet Breed Classification\data\processed\images\english_setter_180.jpg,14,english_setter
Persian_185,C:\Users\mahmu\OneDrive\Desktop\Fine-Grained Pet Breed Classification\data\processed\images\Persian_185.jpg,24,Persian
newfoundland_147,C:\Users\mahmu\OneDrive\Desktop\Fine-Grained Pet Breed Classification\data\processed\images\newfoundland_147.jpg,23,newfoundland
Maine_Coon_14,C:\Users\mahmu\OneDrive\Desktop\Fine-Grained Pet Breed Classification\data\processed\images\Maine_Coon_14.jpg,21,Maine_Coon
Siamese_101,C:\Users\mahmu\OneDrive\Desktop\Fine-Grained Pet Breed Classification\data\processed\images\Siamese_101.jpg,33,Siamese
beagle_193,C:\Users\mahmu\OneDrive\Desktop\Fine-Grained Pet Breed Classification\data\processed\images\beagle_193.jpg,5,beagle
american_pit_bull_terrier_111,C:\Users\mahmu\OneDrive\Desktop\Fine-Grained Pet Breed Classification\data\processed\images\american_pit_bull_terrier_111.jpg,3,american_pit_bull_terrier
american_bulldog_183,C:\Users\mahmu\OneDrive\Desktop\Fine-Grained Pet Breed Classification\data\processed\images\american_bulldog_183.jpg,2,american_bulldog
english_setter_175,C:\Users\mahmu\OneDrive\Desktop\Fine-Grained Pet Breed Classification\data\processed\images\english_setter_175.jpg,14,english_setter
newfoundland_175,C:\Users\mahmu\OneDrive\Desktop\Fine-Grained Pet Breed Classification\data\processed\images\newfoundland_175.jpg,23,newfoundland
great_pyrenees_118,C:\Users\mahmu\OneDrive\Desktop\Fine-Grained Pet Breed Classification\data\processed\images\great_pyrenees_118.jpg,16,great_pyrenees
Siamese_104,C:\Users\mahmu\OneDrive\Desktop\Fine-Grained Pet Breed Classification\data\processed\images\Siamese_104.jpg,33,Siamese
staffordshire_bull_terrier_120,C:\Users\mahmu\OneDrive\Desktop\Fine-Grained Pet Breed Classification\data\processed\images\staffordshire_bull_terrier_120.jpg,35,staffordshire_bull_terrier
yorkshire_terrier_139,C:\Users\mahmu\OneDrive\Desktop\Fine-Grained Pet Breed Classification\data\processed\images\yorkshire_terrier_139.jpg,37,yorkshire_terrier
english_cocker_spaniel_176,C:\Users\mahmu\OneDrive\Desktop\Fine-Grained Pet Breed Classification\data\processed\images\english_cocker_spaniel_176.jpg,13,english_cocker_spaniel
Ragdoll_199,C:\Users\mahmu\OneDrive\Desktop\Fine-Grained Pet Breed Classification\data\processed\images\Ragdoll_199.jpg,27,Ragdoll
Ragdoll_165,C:\Users\mahmu\OneDrive\Desktop\Fine-Grained Pet Breed Classification\data\processed\images\Ragdoll_165.jpg,27,Ragdoll
miniature_pinscher_142,C:\Users\mahmu\OneDrive\Desktop\Fine-Grained Pet Breed Classification\data\processed\images\miniature_pinscher_142.jpg,22,miniature_pinscher
japanese_chin_117,C:\Users\mahmu\OneDrive\Desktop\Fine-Grained Pet Breed Classification\data\processed\images\japanese_chin_117.jpg,18,japanese_chin
miniature_pinscher_169,C:\Users\mahmu\OneDrive\Desktop\Fine-Grained Pet Breed Classification\data\processed\images\miniature_pinscher_169.jpg,22,miniature_pinscher
Russian_Blue_102,C:\Users\mahmu\OneDrive\Desktop\Fine-Grained Pet Breed Classification\data\processed\images\Russian_Blue_102.jpg,28,Russian_Blue
boxer_110,C:\Users\mahmu\OneDrive\Desktop\Fine-Grained Pet Breed Classification\data\processed\images\boxer_110.jpg,9,boxer
english_setter_121,C:\Users\mahmu\OneDrive\Desktop\Fine-Grained Pet Breed Classification\data\processed\images\english_setter_121.jpg,14,english_setter
Russian_Blue_145,C:\Users\mahmu\OneDrive\Desktop\Fine-Grained Pet Breed Classification\data\processed\images\Russian_Blue_145.jpg,28,Russian_Blue
Bengal_158,C:\Users\mahmu\OneDrive\Desktop\Fine-Grained Pet Breed Classification\data\processed\images\Bengal_158.jpg,6,Bengal
British_Shorthair_175,C:\Users\mahmu\OneDrive\Desktop\Fine-Grained Pet Breed Classification\data\processed\images\British_Shorthair_175.jpg,10,British_Shorthair
Maine_Coon_133,C:\Users\mahmu\OneDrive\Desktop\Fine-Grained Pet Breed Classification\data\processed\images\Maine_Coon_133.jpg,21,Maine_Coon
newfoundland_185,C:\Users\mahmu\OneDrive\Desktop\Fine-Grained Pet Breed Classification\data\processed\images\newfoundland_185.jpg,23,newfoundland
english_cocker_spaniel_150,C:\Users\mahmu\OneDrive\Desktop\Fine-Grained Pet Breed Classification\data\processed\images\english_cocker_spaniel_150.jpg,13,english_cocker_spaniel
miniature_pinscher_164,C:\Users\mahmu\OneDrive\Desktop\Fine-Grained Pet Breed Classification\data\processed\images\miniature_pinscher_164.jpg,22,miniature_pinscher
samoyed_176,C:\Users\mahmu\OneDrive\Desktop\Fine-Grained Pet Breed Classification\data\processed\images\samoyed_176.jpg,30,samoyed
keeshond_145,C:\Users\mahmu\OneDrive\Desktop\Fine-Grained Pet Breed Classification\data\processed\images\keeshond_145.jpg,19,keeshond
saint_bernard_128,C:\Users\mahmu\OneDrive\Desktop\Fine-Grained Pet Breed Classification\data\processed\images\saint_bernard_128.jpg,29,saint_bernard
Maine_Coon_203,C:\Users\mahmu\OneDrive\Desktop\Fine-Grained Pet Breed Classification\data\processed\images\Maine_Coon_203.jpg,21,Maine_Coon
Bengal_14,C:\Users\mahmu\OneDrive\Desktop\Fine-Grained Pet Breed Classification\data\processed\images\Bengal_14.jpg,6,Bengal
Russian_Blue_199,C:\Users\mahmu\OneDrive\Desktop\Fine-Grained Pet Breed Classification\data\processed\images\Russian_Blue_199.jpg,28,Russian_Blue
beagle_143,C:\Users\mahmu\OneDrive\Desktop\Fine-Grained Pet Breed Classification\data\processed\images\beagle_143.jpg,5,beagle
great_pyrenees_165,C:\Users\mahmu\OneDrive\Desktop\Fine-Grained Pet Breed Classification\data\processed\images\great_pyrenees_165.jpg,16,great_pyrenees
British_Shorthair_207,C:\Users\mahmu\OneDrive\Desktop\Fine-Grained Pet Breed Classification\data\processed\images\British_Shorthair_207.jpg,10,British_Shorthair
samoyed_157,C:\Users\mahmu\OneDrive\Desktop\Fine-Grained Pet Breed Classification\data\processed\images\samoyed_157.jpg,30,samoyed
Siamese_160,C:\Users\mahmu\OneDrive\Desktop\Fine-Grained Pet Breed Classification\data\processed\images\Siamese_160.jpg,33,Siamese
saint_bernard_178,C:\Users\mahmu\OneDrive\Desktop\Fine-Grained Pet Breed Classification\data\processed\images\saint_bernard_178.jpg,29,saint_bernard
japanese_chin_121,C:\Users\mahmu\OneDrive\Desktop\Fine-Grained Pet Breed Classification\data\processed\images\japanese_chin_121.jpg,18,japanese_chin
keeshond_144,C:\Users\mahmu\OneDrive\Desktop\Fine-Grained Pet Breed Classification\data\processed\images\keeshond_144.jpg,19,keeshond
staffordshire_bull_terrier_150,C:\Users\mahmu\OneDrive\Desktop\Fine-Grained Pet Breed Classification\data\processed\images\staffordshire_bull_terrier_150.jpg,35,staffordshire_bull_terrier
staffordshire_bull_terrier_176,C:\Users\mahmu\OneDrive\Desktop\Fine-Grained Pet Breed Classification\data\processed\images\staffordshire_bull_terrier_176.jpg,35,staffordshire_bull_terrier
keeshond_165,C:\Users\mahmu\OneDrive\Desktop\Fine-Grained Pet Breed Classification\data\processed\images\keeshond_165.jpg,19,keeshond
japanese_chin_149,C:\Users\mahmu\OneDrive\Desktop\Fine-Grained Pet Breed Classification\data\processed\images\japanese_chin_149.jpg,18,japanese_chin
Birman_125,C:\Users\mahmu\OneDrive\Desktop\Fine-Grained Pet Breed Classification\data\processed\images\Birman_125.jpg,7,Birman
Ragdoll_182,C:\Users\mahmu\OneDrive\Desktop\Fine-Grained Pet Breed Classification\data\processed\images\Ragdoll_182.jpg,27,Ragdoll
Sphynx_126,C:\Users\mahmu\OneDrive\Desktop\Fine-Grained Pet Breed Classification\data\processed\images\Sphynx_126.jpg,34,Sphynx
shiba_inu_19,C:\Users\mahmu\OneDrive\Desktop\Fine-Grained Pet Breed Classification\data\processed\images\shiba_inu_19.jpg,32,shiba_inu
scottish_terrier_149,C:\Users\mahmu\OneDrive\Desktop\Fine-Grained Pet Breed Classification\data\processed\images\scottish_terrier_149.jpg,31,scottish_terrier
pug_13,C:\Users\mahmu\OneDrive\Desktop\Fine-Grained Pet Breed Classification\data\processed\images\pug_13.jpg,26,pug
miniature_pinscher_185,C:\Users\mahmu\OneDrive\Desktop\Fine-Grained Pet Breed Classification\data\processed\images\miniature_pinscher_185.jpg,22,miniature_pinscher
miniature_pinscher_105,C:\Users\mahmu\OneDrive\Desktop\Fine-Grained Pet Breed Classification\data\processed\images\miniature_pinscher_105.jpg,22,miniature_pinscher
Persian_181,C:\Users\mahmu\OneDrive\Desktop\Fine-Grained Pet Breed Classification\data\processed\images\Persian_181.jpg,24,Persian
Persian_15,C:\Users\mahmu\OneDrive\Desktop\Fine-Grained Pet Breed Classification\data\processed\images\Persian_15.jpg,24,Persian
english_setter_153,C:\Users\mahmu\OneDrive\Desktop\Fine-Grained Pet Breed Classification\data\processed\images\english_setter_153.jpg,14,english_setter
leonberger_154,C:\Users\mahmu\OneDrive\Desktop\Fine-Grained Pet Breed Classification\data\processed\images\leonberger_154.jpg,20,leonberger
Persian_120,C:\Users\mahmu\OneDrive\Desktop\Fine-Grained Pet Breed Classification\data\processed\images\Persian_120.jpg,24,Persian
keeshond_176,C:\Users\mahmu\OneDrive\Desktop\Fine-Grained Pet Breed Classification\data\processed\images\keeshond_176.jpg,19,keeshond
great_pyrenees_177,C:\Users\mahmu\OneDrive\Desktop\Fine-Grained Pet Breed Classification\data\processed\images\great_pyrenees_177.jpg,16,great_pyrenees
Bombay_146,C:\Users\mahmu\OneDrive\Desktop\Fine-Grained Pet Breed Classification\data\processed\images\Bombay_146.jpg,8,Bombay
havanese_187,C:\Users\mahmu\OneDrive\Desktop\Fine-Grained Pet Breed Classification\data\processed\images\havanese_187.jpg,17,havanese
american_bulldog_152,C:\Users\mahmu\OneDrive\Desktop\Fine-Grained Pet Breed Classification\data\processed\images\american_bulldog_152.jpg,2,american_bulldog
american_pit_bull_terrier_135,C:\Users\mahmu\OneDrive\Desktop\Fine-Grained Pet Breed Classification\data\processed\images\american_pit_bull_terrier_135.jpg,3,american_pit_bull_terrier
Persian_1,C:\Users\mahmu\OneDrive\Desktop\Fine-Grained Pet Breed Classification\data\processed\images\Persian_1.jpg,24,Persian
Birman_13,C:\Users\mahmu\OneDrive\Desktop\Fine-Grained Pet Breed Classification\data\processed\images\Birman_13.jpg,7,Birman
german_shorthaired_124,C:\Users\mahmu\OneDrive\Desktop\Fine-Grained Pet Breed Classification\data\processed\images\german_shorthaired_124.jpg,15,german_shorthaired
american_bulldog_102,C:\Users\mahmu\OneDrive\Desktop\Fine-Grained Pet Breed Classification\data\processed\images\american_bulldog_102.jpg,2,american_bulldog
pug_150,C:\Users\mahmu\OneDrive\Desktop\Fine-Grained Pet Breed Classification\data\processed\images\pug_150.jpg,26,pug
leonberger_160,C:\Users\mahmu\OneDrive\Desktop\Fine-Grained Pet Breed Classification\data\processed\images\leonberger_160.jpg,20,leonberger
Russian_Blue_137,C:\Users\mahmu\OneDrive\Desktop\Fine-Grained Pet Breed Classification\data\processed\images\Russian_Blue_137.jpg,28,Russian_Blue
Siamese_112,C:\Users\mahmu\OneDrive\Desktop\Fine-Grained Pet Breed Classification\data\processed\images\Siamese_112.jpg,33,Siamese
english_cocker_spaniel_17,C:\Users\mahmu\OneDrive\Desktop\Fine-Grained Pet Breed Classification\data\processed\images\english_cocker_spaniel_17.jpg,13,english_cocker_spaniel
Sphynx_153,C:\Users\mahmu\OneDrive\Desktop\Fine-Grained Pet Breed Classification\data\processed\images\Sphynx_153.jpg,34,Sphynx
english_setter_181,C:\Users\mahmu\OneDrive\Desktop\Fine-Grained Pet Breed Classification\data\processed\images\english_setter_181.jpg,14,english_setter
american_pit_bull_terrier_17,C:\Users\mahmu\OneDrive\Desktop\Fine-Grained Pet Breed Classification\data\processed\images\american_pit_bull_terrier_17.jpg,3,american_pit_bull_terrier
Russian_Blue_12,C:\Users\mahmu\OneDrive\Desktop\Fine-Grained Pet Breed Classification\data\processed\images\Russian_Blue_12.jpg,28,Russian_Blue
pomeranian_150,C:\Users\mahmu\OneDrive\Desktop\Fine-Grained Pet Breed Classification\data\processed\images\pomeranian_150.jpg,25,pomeranian
boxer_130,C:\Users\mahmu\OneDrive\Desktop\Fine-Grained Pet Breed Classification\data\processed\images\boxer_130.jpg,9,boxer
boxer_112,C:\Users\mahmu\OneDrive\Desktop\Fine-Grained Pet Breed Classification\data\processed\images\boxer_112.jpg,9,boxer
saint_bernard_166,C:\Users\mahmu\OneDrive\Desktop\Fine-Grained Pet Breed Classification\data\processed\images\saint_bernard_166.jpg,29,saint_bernard
British_Shorthair_201,C:\Users\mahmu\OneDrive\Desktop\Fine-Grained Pet Breed Classification\data\processed\images\British_Shorthair_201.jpg,10,British_Shorthair
miniature_pinscher_189,C:\Users\mahmu\OneDrive\Desktop\Fine-Grained Pet Breed Classification\data\processed\images\miniature_pinscher_189.jpg,22,miniature_pinscher
Siamese_138,C:\Users\mahmu\OneDrive\Desktop\Fine-Grained Pet Breed Classification\data\processed\images\Siamese_138.jpg,33,Siamese
Persian_188,C:\Users\mahmu\OneDrive\Desktop\Fine-Grained Pet Breed Classification\data\processed\images\Persian_188.jpg,24,Persian
Russian_Blue_100,C:\Users\mahmu\OneDrive\Desktop\Fine-Grained Pet Breed Classification\data\processed\images\Russian_Blue_100.jpg,28,Russian_Blue
beagle_151,C:\Users\mahmu\OneDrive\Desktop\Fine-Grained Pet Breed Classification\data\processed\images\beagle_151.jpg,5,beagle
yorkshire_terrier_106,C:\Users\mahmu\OneDrive\Desktop\Fine-Grained Pet Breed Classification\data\processed\images\yorkshire_terrier_106.jpg,37,yorkshire_terrier
english_cocker_spaniel_181,C:\Users\mahmu\OneDrive\Desktop\Fine-Grained Pet Breed Classification\data\processed\images\english_cocker_spaniel_181.jpg,13,english_cocker_spaniel
Bombay_18,C:\Users\mahmu\OneDrive\Desktop\Fine-Grained Pet Breed Classification\data\processed\images\Bombay_18.jpg,8,Bombay
yorkshire_terrier_187,C:\Users\mahmu\OneDrive\Desktop\Fine-Grained Pet Breed Classification\data\processed\images\yorkshire_terrier_187.jpg,37,yorkshire_terrier
miniature_pinscher_128,C:\Users\mahmu\OneDrive\Desktop\Fine-Grained Pet Breed Classification\data\processed\images\miniature_pinscher_128.jpg,22,miniature_pinscher
american_bulldog_151,C:\Users\mahmu\OneDrive\Desktop\Fine-Grained Pet Breed Classification\data\processed\images\american_bulldog_151.jpg,2,american_bulldog
boxer_174,C:\Users\mahmu\OneDrive\Desktop\Fine-Grained Pet Breed Classification\data\processed\images\boxer_174.jpg,9,boxer
Sphynx_193,C:\Users\mahmu\OneDrive\Desktop\Fine-Grained Pet Breed Classification\data\processed\images\Sphynx_193.jpg,34,Sphynx
boxer_185,C:\Users\mahmu\OneDrive\Desktop\Fine-Grained Pet Breed Classification\data\processed\images\boxer_185.jpg,9,boxer
havanese_159,C:\Users\mahmu\OneDrive\Desktop\Fine-Grained Pet Breed Classification\data\processed\images\havanese_159.jpg,17,havanese
British_Shorthair_166,C:\Users\mahmu\OneDrive\Desktop\Fine-Grained Pet Breed Classification\data\processed\images\British_Shorthair_166.jpg,10,British_Shorthair
german_shorthaired_112,C:\Users\mahmu\OneDrive\Desktop\Fine-Grained Pet Breed Classification\data\processed\images\german_shorthaired_112.jpg,15,german_shorthaired
staffordshire_bull_terrier_171,C:\Users\mahmu\OneDrive\Desktop\Fine-Grained Pet Breed Classification\data\processed\images\staffordshire_bull_terrier_171.jpg,35,staffordshire_bull_terrier
miniature_pinscher_101,C:\Users\mahmu\OneDrive\Desktop\Fine-Grained Pet Breed Classification\data\processed\images\miniature_pinscher_101.jpg,22,miniature_pinscher
pomeranian_121,C:\Users\mahmu\OneDrive\Desktop\Fine-Grained Pet Breed Classification\data\processed\images\pomeranian_121.jpg,25,pomeranian
samoyed_165,C:\Users\mahmu\OneDrive\Desktop\Fine-Grained Pet Breed Classification\data\processed\images\samoyed_165.jpg,30,samoyed
basset_hound_170,C:\Users\mahmu\OneDrive\Desktop\Fine-Grained Pet Breed Classification\data\processed\images\basset_hound_170.jpg,4,basset_hound
Egyptian_Mau_111,C:\Users\mahmu\OneDrive\Desktop\Fine-Grained Pet Breed Classification\data\processed\images\Egyptian_Mau_111.jpg,12,Egyptian_Mau
saint_bernard_120,C:\Users\mahmu\OneDrive\Desktop\Fine-Grained Pet Breed Classification\data\processed\images\saint_bernard_120.jpg,29,saint_bernard
Ragdoll_133,C:\Users\mahmu\OneDrive\Desktop\Fine-Grained Pet Breed Classification\data\processed\images\Ragdoll_133.jpg,27,Ragdoll
english_setter_129,C:\Users\mahmu\OneDrive\Desktop\Fine-Grained Pet Breed Classification\data\processed\images\english_setter_129.jpg,14,english_setter
leonberger_101,C:\Users\mahmu\OneDrive\Desktop\Fine-Grained Pet Breed Classification\data\processed\images\leonberger_101.jpg,20,leonberger
shiba_inu_123,C:\Users\mahmu\OneDrive\Desktop\Fine-Grained Pet Breed Classification\data\processed\images\shiba_inu_123.jpg,32,shiba_inu
american_pit_bull_terrier_106,C:\Users\mahmu\OneDrive\Desktop\Fine-Grained Pet Breed Classification\data\processed\images\american_pit_bull_terrier_106.jpg,3,american_pit_bull_terrier
Sphynx_204,C:\Users\mahmu\OneDrive\Desktop\Fine-Grained Pet Breed Classification\data\processed\images\Sphynx_204.jpg,34,Sphynx
Persian_106,C:\Users\mahmu\OneDrive\Desktop\Fine-Grained Pet Breed Classification\data\processed\images\Persian_106.jpg,24,Persian
Ragdoll_136,C:\Users\mahmu\OneDrive\Desktop\Fine-Grained Pet Breed Classification\data\processed\images\Ragdoll_136.jpg,27,Ragdoll
english_setter_111,C:\Users\mahmu\OneDrive\Desktop\Fine-Grained Pet Breed Classification\data\processed\images\english_setter_111.jpg,14,english_setter
english_cocker_spaniel_15,C:\Users\mahmu\OneDrive\Desktop\Fine-Grained Pet Breed Classification\data\processed\images\english_cocker_spaniel_15.jpg,13,english_cocker_spaniel
american_pit_bull_terrier_157,C:\Users\mahmu\OneDrive\Desktop\Fine-Grained Pet Breed Classification\data\processed\images\american_pit_bull_terrier_157.jpg,3,american_pit_bull_terrier
Persian_115,C:\Users\mahmu\OneDrive\Desktop\Fine-Grained Pet Breed Classification\data\processed\images\Persian_115.jpg,24,Persian
samoyed_127,C:\Users\mahmu\OneDrive\Desktop\Fine-Grained Pet Breed Classification\data\processed\images\samoyed_127.jpg,30,samoyed
Maine_Coon_163,C:\Users\mahmu\OneDrive\Desktop\Fine-Grained Pet Breed Classification\data\processed\images\Maine_Coon_163.jpg,21,Maine_Coon
yorkshire_terrier_142,C:\Users\mahmu\OneDrive\Desktop\Fine-Grained Pet Breed Classification\data\processed\images\yorkshire_terrier_142.jpg,37,yorkshire_terrier
boxer_119,C:\Users\mahmu\OneDrive\Desktop\Fine-Grained Pet Breed Classification\data\processed\images\boxer_119.jpg,9,boxer
Russian_Blue_180,C:\Users\mahmu\OneDrive\Desktop\Fine-Grained Pet Breed Classification\data\processed\images\Russian_Blue_180.jpg,28,Russian_Blue
British_Shorthair_185,C:\Users\mahmu\OneDrive\Desktop\Fine-Grained Pet Breed Classification\data\processed\images\British_Shorthair_185.jpg,10,British_Shorthair
keeshond_13,C:\Users\mahmu\OneDrive\Desktop\Fine-Grained Pet Breed Classification\data\processed\images\keeshond_13.jpg,19,keeshond
staffordshire_bull_terrier_177,C:\Users\mahmu\OneDrive\Desktop\Fine-Grained Pet Breed Classification\data\processed\images\staffordshire_bull_terrier_177.jpg,35,staffordshire_bull_terrier
keeshond_109,C:\Users\mahmu\OneDrive\Desktop\Fine-Grained Pet Breed Classification\data\processed\images\keeshond_109.jpg,19,keeshond
saint_bernard_127,C:\Users\mahmu\OneDrive\Desktop\Fine-Grained Pet Breed Classification\data\processed\images\saint_bernard_127.jpg,29,saint_bernard
great_pyrenees_106,C:\Users\mahmu\OneDrive\Desktop\Fine-Grained Pet Breed Classification\data\processed\images\great_pyrenees_106.jpg,16,great_pyrenees
scottish_terrier_115,C:\Users\mahmu\OneDrive\Desktop\Fine-Grained Pet Breed Classification\data\processed\images\scottish_terrier_115.jpg,31,scottish_terrier
miniature_pinscher_140,C:\Users\mahmu\OneDrive\Desktop\Fine-Grained Pet Breed Classification\data\processed\images\miniature_pinscher_140.jpg,22,miniature_pinscher
japanese_chin_102,C:\Users\mahmu\OneDrive\Desktop\Fine-Grained Pet Breed Classification\data\processed\images\japanese_chin_102.jpg,18,japanese_chin
leonberger_147,C:\Users\mahmu\OneDrive\Desktop\Fine-Grained Pet Breed Classification\data\processed\images\leonberger_147.jpg,20,leonberger
pomeranian_185,C:\Users\mahmu\OneDrive\Desktop\Fine-Grained Pet Breed Classification\data\processed\images\pomeranian_185.jpg,25,pomeranian
japanese_chin_181,C:\Users\mahmu\OneDrive\Desktop\Fine-Grained Pet Breed Classification\data\processed\images\japanese_chin_181.jpg,18,japanese_chin
staffordshire_bull_terrier_168,C:\Users\mahmu\OneDrive\Desktop\Fine-Grained Pet Breed Classification\data\processed\images\staffordshire_bull_terrier_168.jpg,35,staffordshire_bull_terrier
beagle_136,C:\Users\mahmu\OneDrive\Desktop\Fine-Grained Pet Breed Classification\data\processed\images\beagle_136.jpg,5,beagle
Sphynx_165,C:\Users\mahmu\OneDrive\Desktop\Fine-Grained Pet Breed Classification\data\processed\images\Sphynx_165.jpg,34,Sphynx
japanese_chin_127,C:\Users\mahmu\OneDrive\Desktop\Fine-Grained Pet Breed Classification\data\processed\images\japanese_chin_127.jpg,18,japanese_chin
Bengal_170,C:\Users\mahmu\OneDrive\Desktop\Fine-Grained Pet Breed Classification\data\processed\images\Bengal_170.jpg,6,Bengal
Sphynx_132,C:\Users\mahmu\OneDrive\Desktop\Fine-Grained Pet Breed Classification\data\processed\images\Sphynx_132.jpg,34,Sphynx
saint_bernard_113,C:\Users\mahmu\OneDrive\Desktop\Fine-Grained Pet Breed Classification\data\processed\images\saint_bernard_113.jpg,29,saint_bernard
yorkshire_terrier_137,C:\Users\mahmu\OneDrive\Desktop\Fine-Grained Pet Breed Classification\data\processed\images\yorkshire_terrier_137.jpg,37,yorkshire_terrier
yorkshire_terrier_131,C:\Users\mahmu\OneDrive\Desktop\Fine-Grained Pet Breed Classification\data\processed\images\yorkshire_terrier_131.jpg,37,yorkshire_terrier
great_pyrenees_188,C:\Users\mahmu\OneDrive\Desktop\Fine-Grained Pet Breed Classification\data\processed\images\great_pyrenees_188.jpg,16,great_pyrenees
Birman_114,C:\Users\mahmu\OneDrive\Desktop\Fine-Grained Pet Breed Classification\data\processed\images\Birman_114.jpg,7,Birman
leonberger_179,C:\Users\mahmu\OneDrive\Desktop\Fine-Grained Pet Breed Classification\data\processed\images\leonberger_179.jpg,20,leonberger
Russian_Blue_16,C:\Users\mahmu\OneDrive\Desktop\Fine-Grained Pet Breed Classification\data\processed\images\Russian_Blue_16.jpg,28,Russian_Blue
german_shorthaired_148,C:\Users\mahmu\OneDrive\Desktop\Fine-Grained Pet Breed Classification\data\processed\images\german_shorthaired_148.jpg,15,german_shorthaired
wheaten_terrier_121,C:\Users\mahmu\OneDrive\Desktop\Fine-Grained Pet Breed Classification\data\processed\images\wheaten_terrier_121.jpg,36,wheaten_terrier
pug_137,C:\Users\mahmu\OneDrive\Desktop\Fine-Grained Pet Breed Classification\data\processed\images\pug_137.jpg,26,pug
saint_bernard_132,C:\Users\mahmu\OneDrive\Desktop\Fine-Grained Pet Breed Classification\data\processed\images\saint_bernard_132.jpg,29,saint_bernard
shiba_inu_143,C:\Users\mahmu\OneDrive\Desktop\Fine-Grained Pet Breed Classification\data\processed\images\shiba_inu_143.jpg,32,shiba_inu
havanese_112,C:\Users\mahmu\OneDrive\Desktop\Fine-Grained Pet Breed Classification\data\processed\images\havanese_112.jpg,17,havanese
Birman_157,C:\Users\mahmu\OneDrive\Desktop\Fine-Grained Pet Breed Classification\data\processed\images\Birman_157.jpg,7,Birman
British_Shorthair_155,C:\Users\mahmu\OneDrive\Desktop\Fine-Grained Pet Breed Classification\data\processed\images\British_Shorthair_155.jpg,10,British_Shorthair
havanese_10,C:\Users\mahmu\OneDrive\Desktop\Fine-Grained Pet Breed Classification\data\processed\images\havanese_10.jpg,17,havanese
japanese_chin_151,C:\Users\mahmu\OneDrive\Desktop\Fine-Grained Pet Breed Classification\data\processed\images\japanese_chin_151.jpg,18,japanese_chin
Sphynx_144,C:\Users\mahmu\OneDrive\Desktop\Fine-Grained Pet Breed Classification\data\processed\images\Sphynx_144.jpg,34,Sphynx
Persian_128,C:\Users\mahmu\OneDrive\Desktop\Fine-Grained Pet Breed Classification\data\processed\images\Persian_128.jpg,24,Persian
german_shorthaired_189,C:\Users\mahmu\OneDrive\Desktop\Fine-Grained Pet Breed Classification\data\processed\images\german_shorthaired_189.jpg,15,german_shorthaired
miniature_pinscher_187,C:\Users\mahmu\OneDrive\Desktop\Fine-Grained Pet Breed Classification\data\processed\images\miniature_pinscher_187.jpg,22,miniature_pinscher
wheaten_terrier_149,C:\Users\mahmu\OneDrive\Desktop\Fine-Grained Pet Breed Classification\data\processed\images\wheaten_terrier_149.jpg,36,wheaten_terrier
keeshond_131,C:\Users\mahmu\OneDrive\Desktop\Fine-Grained Pet Breed Classification\data\processed\images\keeshond_131.jpg,19,keeshond
Persian_202,C:\Users\mahmu\OneDrive\Desktop\Fine-Grained Pet Breed Classification\data\processed\images\Persian_202.jpg,24,Persian
keeshond_160,C:\Users\mahmu\OneDrive\Desktop\Fine-Grained Pet Breed Classification\data\processed\images\keeshond_160.jpg,19,keeshond
beagle_182,C:\Users\mahmu\OneDrive\Desktop\Fine-Grained Pet Breed Classification\data\processed\images\beagle_182.jpg,5,beagle
Maine_Coon_102,C:\Users\mahmu\OneDrive\Desktop\Fine-Grained Pet Breed Classification\data\processed\images\Maine_Coon_102.jpg,21,Maine_Coon
Birman_105,C:\Users\mahmu\OneDrive\Desktop\Fine-Grained Pet Breed Classification\data\processed\images\Birman_105.jpg,7,Birman
beagle_13,C:\Users\mahmu\OneDrive\Desktop\Fine-Grained Pet Breed Classification\data\processed\images\beagle_13.jpg,5,beagle
Siamese_113,C:\Users\mahmu\OneDrive\Desktop\Fine-Grained Pet Breed Classification\data\processed\images\Siamese_113.jpg,33,Siamese
newfoundland_180,C:\Users\mahmu\OneDrive\Desktop\Fine-Grained Pet Breed Classification\data\processed\images\newfoundland_180.jpg,23,newfoundland
boxer_165,C:\Users\mahmu\OneDrive\Desktop\Fine-Grained Pet Breed Classification\data\processed\images\boxer_165.jpg,9,boxer
Abyssinian_14,C:\Users\mahmu\OneDrive\Desktop\Fine-Grained Pet Breed Classification\data\processed\images\Abyssinian_14.jpg,1,Abyssinian
wheaten_terrier_127,C:\Users\mahmu\OneDrive\Desktop\Fine-Grained Pet Breed Classification\data\processed\images\wheaten_terrier_127.jpg,36,wheaten_terrier
pug_121,C:\Users\mahmu\OneDrive\Desktop\Fine-Grained Pet Breed Classification\data\processed\images\pug_121.jpg,26,pug
miniature_pinscher_124,C:\Users\mahmu\OneDrive\Desktop\Fine-Grained Pet Breed Classification\data\processed\images\miniature_pinscher_124.jpg,22,miniature_pinscher
basset_hound_160,C:\Users\mahmu\OneDrive\Desktop\Fine-Grained Pet Breed Classification\data\processed\images\basset_hound_160.jpg,4,basset_hound
english_setter_145,C:\Users\mahmu\OneDrive\Desktop\Fine-Grained Pet Breed Classification\data\processed\images\english_setter_145.jpg,14,english_setter
Birman_102,C:\Users\mahmu\OneDrive\Desktop\Fine-Grained Pet Breed Classification\data\processed\images\Birman_102.jpg,7,Birman
german_shorthaired_11,C:\Users\mahmu\OneDrive\Desktop\Fine-Grained Pet Breed Classification\data\processed\images\german_shorthaired_11.jpg,15,german_shorthaired
pomeranian_165,C:\Users\mahmu\OneDrive\Desktop\Fine-Grained Pet Breed Classification\data\processed\images\pomeranian_165.jpg,25,pomeranian
keeshond_148,C:\Users\mahmu\OneDrive\Desktop\Fine-Grained Pet Breed Classification\data\processed\images\keeshond_148.jpg,19,keeshond
havanese_13,C:\Users\mahmu\OneDrive\Desktop\Fine-Grained Pet Breed Classification\data\processed\images\havanese_13.jpg,17,havanese
keeshond_112,C:\Users\mahmu\OneDrive\Desktop\Fine-Grained Pet Breed Classification\data\processed\images\keeshond_112.jpg,19,keeshond
Sphynx_115,C:\Users\mahmu\OneDrive\Desktop\Fine-Grained Pet Breed Classification\data\processed\images\Sphynx_115.jpg,34,Sphynx
keeshond_161,C:\Users\mahmu\OneDrive\Desktop\Fine-Grained Pet Breed Classification\data\processed\images\keeshond_161.jpg,19,keeshond
Bombay_14,C:\Users\mahmu\OneDrive\Desktop\Fine-Grained Pet Breed Classification\data\processed\images\Bombay_14.jpg,8,Bombay
Siamese_122,C:\Users\mahmu\OneDrive\Desktop\Fine-Grained Pet Breed Classification\data\processed\images\Siamese_122.jpg,33,Siamese
boxer_121,C:\Users\mahmu\OneDrive\Desktop\Fine-Grained Pet Breed Classification\data\processed\images\boxer_121.jpg,9,boxer
samoyed_171,C:\Users\mahmu\OneDrive\Desktop\Fine-Grained Pet Breed Classification\data\processed\images\samoyed_171.jpg,30,samoyed
german_shorthaired_126,C:\Users\mahmu\OneDrive\Desktop\Fine-Grained Pet Breed Classification\data\processed\images\german_shorthaired_126.jpg,15,german_shorthaired
Persian_165,C:\Users\mahmu\OneDrive\Desktop\Fine-Grained Pet Breed Classification\data\processed\images\Persian_165.jpg,24,Persian
english_setter_109,C:\Users\mahmu\OneDrive\Desktop\Fine-Grained Pet Breed Classification\data\processed\images\english_setter_109.jpg,14,english_setter
Abyssinian_173,C:\Users\mahmu\OneDrive\Desktop\Fine-Grained Pet Breed Classification\data\processed\images\Abyssinian_173.jpg,1,Abyssinian
Egyptian_Mau_143,C:\Users\mahmu\OneDrive\Desktop\Fine-Grained Pet Breed Classification\data\processed\images\Egyptian_Mau_143.jpg,12,Egyptian_Mau
saint_bernard_114,C:\Users\mahmu\OneDrive\Desktop\Fine-Grained Pet Breed Classification\data\processed\images\saint_bernard_114.jpg,29,saint_bernard
Egyptian_Mau_122,C:\Users\mahmu\OneDrive\Desktop\Fine-Grained Pet Breed Classification\data\processed\images\Egyptian_Mau_122.jpg,12,Egyptian_Mau
Egyptian_Mau_142,C:\Users\mahmu\OneDrive\Desktop\Fine-Grained Pet Breed Classification\data\processed\images\Egyptian_Mau_142.jpg,12,Egyptian_Mau
english_cocker_spaniel_122,C:\Users\mahmu\OneDrive\Desktop\Fine-Grained Pet Breed Classification\data\processed\images\english_cocker_spaniel_122.jpg,13,english_cocker_spaniel
newfoundland_176,C:\Users\mahmu\OneDrive\Desktop\Fine-Grained Pet Breed Classification\data\processed\images\newfoundland_176.jpg,23,newfoundland
Bombay_136,C:\Users\mahmu\OneDrive\Desktop\Fine-Grained Pet Breed Classification\data\processed\images\Bombay_136.jpg,8,Bombay
great_pyrenees_173,C:\Users\mahmu\OneDrive\Desktop\Fine-Grained Pet Breed Classification\data\processed\images\great_pyrenees_173.jpg,16,great_pyrenees
scottish_terrier_123,C:\Users\mahmu\OneDrive\Desktop\Fine-Grained Pet Breed Classification\data\processed\images\scottish_terrier_123.jpg,31,scottish_terrier
newfoundland_140,C:\Users\mahmu\OneDrive\Desktop\Fine-Grained Pet Breed Classification\data\processed\images\newfoundland_140.jpg,23,newfoundland
newfoundland_141,C:\Users\mahmu\OneDrive\Desktop\Fine-Grained Pet Breed Classification\data\processed\images\newfoundland_141.jpg,23,newfoundland
boxer_157,C:\Users\mahmu\OneDrive\Desktop\Fine-Grained Pet Breed Classification\data\processed\images\boxer_157.jpg,9,boxer
yorkshire_terrier_122,C:\Users\mahmu\OneDrive\Desktop\Fine-Grained Pet Breed Classification\data\processed\images\yorkshire_terrier_122.jpg,37,yorkshire_terrier
chihuahua_139,C:\Users\mahmu\OneDrive\Desktop\Fine-Grained Pet Breed Classification\data\processed\images\chihuahua_139.jpg,11,chihuahua
pug_145,C:\Users\mahmu\OneDrive\Desktop\Fine-Grained Pet Breed Classification\data\processed\images\pug_145.jpg,26,pug
newfoundland_149,C:\Users\mahmu\OneDrive\Desktop\Fine-Grained Pet Breed Classification\data\processed\images\newfoundland_149.jpg,23,newfoundland
saint_bernard_145,C:\Users\mahmu\OneDrive\Desktop\Fine-Grained Pet Breed Classification\data\processed\images\saint_bernard_145.jpg,29,saint_bernard
Persian_10,C:\Users\mahmu\OneDrive\Desktop\Fine-Grained Pet Breed Classification\data\processed\images\Persian_10.jpg,24,Persian
pug_165,C:\Users\mahmu\OneDrive\Desktop\Fine-Grained Pet Breed Classification\data\processed\images\pug_165.jpg,26,pug
samoyed_122,C:\Users\mahmu\OneDrive\Desktop\Fine-Grained Pet Breed Classification\data\processed\images\samoyed_122.jpg,30,samoyed
beagle_103,C:\Users\mahmu\OneDrive\Desktop\Fine-Grained Pet Breed Classification\data\processed\images\beagle_103.jpg,5,beagle
pomeranian_144,C:\Users\mahmu\OneDrive\Desktop\Fine-Grained Pet Breed Classification\data\processed\images\pomeranian_144.jpg,25,pomeranian
leonberger_106,C:\Users\mahmu\OneDrive\Desktop\Fine-Grained Pet Breed Classification\data\processed\images\leonberger_106.jpg,20,leonberger
British_Shorthair_186,C:\Users\mahmu\OneDrive\Desktop\Fine-Grained Pet Breed Classification\data\processed\images\British_Shorthair_186.jpg,10,British_Shorthair
shiba_inu_174,C:\Users\mahmu\OneDrive\Desktop\Fine-Grained Pet Breed Classification\data\processed\images\shiba_inu_174.jpg,32,shiba_inu
japanese_chin_138,C:\Users\mahmu\OneDrive\Desktop\Fine-Grained Pet Breed Classification\data\processed\images\japanese_chin_138.jpg,18,japanese_chin
german_shorthaired_137,C:\Users\mahmu\OneDrive\Desktop\Fine-Grained Pet Breed Classification\data\processed\images\german_shorthaired_137.jpg,15,german_shorthaired
havanese_144,C:\Users\mahmu\OneDrive\Desktop\Fine-Grained Pet Breed Classification\data\processed\images\havanese_144.jpg,17,havanese
chihuahua_111,C:\Users\mahmu\OneDrive\Desktop\Fine-Grained Pet Breed Classification\data\processed\images\chihuahua_111.jpg,11,chihuahua
american_bulldog_181,C:\Users\mahmu\OneDrive\Desktop\Fine-Grained Pet Breed Classification\data\processed\images\american_bulldog_181.jpg,2,american_bulldog
beagle_177,C:\Users\mahmu\OneDrive\Desktop\Fine-Grained Pet Breed Classification\data\processed\images\beagle_177.jpg,5,beagle
samoyed_118,C:\Users\mahmu\OneDrive\Desktop\Fine-Grained Pet Breed Classification\data\processed\images\samoyed_118.jpg,30,samoyed
Persian_179,C:\Users\mahmu\OneDrive\Desktop\Fine-Grained Pet Breed Classification\data\processed\images\Persian_179.jpg,24,Persian
leonberger_13,C:\Users\mahmu\OneDrive\Desktop\Fine-Grained Pet Breed Classification\data\processed\images\leonberger_13.jpg,20,leonberger
wheaten_terrier_176,C:\Users\mahmu\OneDrive\Desktop\Fine-Grained Pet Breed Classification\data\processed\images\wheaten_terrier_176.jpg,36,wheaten_terrier
wheaten_terrier_178,C:\Users\mahmu\OneDrive\Desktop\Fine-Grained Pet Breed Classification\data\processed\images\wheaten_terrier_178.jpg,36,wheaten_terrier
Russian_Blue_131,C:\Users\mahmu\OneDrive\Desktop\Fine-Grained Pet Breed Classification\data\processed\images\Russian_Blue_131.jpg,28,Russian_Blue
samoyed_137,C:\Users\mahmu\OneDrive\Desktop\Fine-Grained Pet Breed Classification\data\processed\images\samoyed_137.jpg,30,samoyed
Bombay_151,C:\Users\mahmu\OneDrive\Desktop\Fine-Grained Pet Breed Classification\data\processed\images\Bombay_151.jpg,8,Bombay
shiba_inu_119,C:\Users\mahmu\OneDrive\Desktop\Fine-Grained Pet Breed Classification\data\processed\images\shiba_inu_119.jpg,32,shiba_inu
leonberger_109,C:\Users\mahmu\OneDrive\Desktop\Fine-Grained Pet Breed Classification\data\processed\images\leonberger_109.jpg,20,leonberger
miniature_pinscher_117,C:\Users\mahmu\OneDrive\Desktop\Fine-Grained Pet Breed Classification\data\processed\images\miniature_pinscher_117.jpg,22,miniature_pinscher
pomeranian_187,C:\Users\mahmu\OneDrive\Desktop\Fine-Grained Pet Breed Classification\data\processed\images\pomeranian_187.jpg,25,pomeranian
basset_hound_150,C:\Users\mahmu\OneDrive\Desktop\Fine-Grained Pet Breed Classification\data\processed\images\basset_hound_150.jpg,4,basset_hound
Bombay_182,C:\Users\mahmu\OneDrive\Desktop\Fine-Grained Pet Breed Classification\data\processed\images\Bombay_182.jpg,8,Bombay
american_pit_bull_terrier_120,C:\Users\mahmu\OneDrive\Desktop\Fine-Grained Pet Breed Classification\data\processed\images\american_pit_bull_terrier_120.jpg,3,american_pit_bull_terrier
german_shorthaired_144,C:\Users\mahmu\OneDrive\Desktop\Fine-Grained Pet Breed Classification\data\processed\images\german_shorthaired_144.jpg,15,german_shorthaired
newfoundland_179,C:\Users\mahmu\OneDrive\Desktop\Fine-Grained Pet Breed Classification\data\processed\images\newfoundland_179.jpg,23,newfoundland
shiba_inu_132,C:\Users\mahmu\OneDrive\Desktop\Fine-Grained Pet Breed Classification\data\processed\images\shiba_inu_132.jpg,32,shiba_inu
german_shorthaired_176,C:\Users\mahmu\OneDrive\Desktop\Fine-Grained Pet Breed Classification\data\processed\images\german_shorthaired_176.jpg,15,german_shorthaired
great_pyrenees_167,C:\Users\mahmu\OneDrive\Desktop\Fine-Grained Pet Breed Classification\data\processed\images\great_pyrenees_167.jpg,16,great_pyrenees
leonberger_104,C:\Users\mahmu\OneDrive\Desktop\Fine-Grained Pet Breed Classification\data\processed\images\leonberger_104.jpg,20,leonberger
havanese_161,C:\Users\mahmu\OneDrive\Desktop\Fine-Grained Pet Breed Classification\data\processed\images\havanese_161.jpg,17,havanese
scottish_terrier_12,C:\Users\mahmu\OneDrive\Desktop\Fine-Grained Pet Breed Classification\data\processed\images\scottish_terrier_12.jpg,31,scottish_terrier
newfoundland_189,C:\Users\mahmu\OneDrive\Desktop\Fine-Grained Pet Breed Classification\data\processed\images\newfoundland_189.jpg,23,newfoundland
havanese_156,C:\Users\mahmu\OneDrive\Desktop\Fine-Grained Pet Breed Classification\data\processed\images\havanese_156.jpg,17,havanese
miniature_pinscher_156,C:\Users\mahmu\OneDrive\Desktop\Fine-Grained Pet Breed Classification\data\processed\images\miniature_pinscher_156.jpg,22,miniature_pinscher
beagle_186,C:\Users\mahmu\OneDrive\Desktop\Fine-Grained Pet Breed Classification\data\processed\images\beagle_186.jpg,5,beagle
Birman_174,C:\Users\mahmu\OneDrive\Desktop\Fine-Grained Pet Breed Classification\data\processed\images\Birman_174.jpg,7,Birman
samoyed_119,C:\Users\mahmu\OneDrive\Desktop\Fine-Grained Pet Breed Classification\data\processed\images\samoyed_119.jpg,30,samoyed
scottish_terrier_186,C:\Users\mahmu\OneDrive\Desktop\Fine-Grained Pet Breed Classification\data\processed\images\scottish_terrier_186.jpg,31,scottish_terrier
Abyssinian_195,C:\Users\mahmu\OneDrive\Desktop\Fine-Grained Pet Breed Classification\data\processed\images\Abyssinian_195.jpg,1,Abyssinian
american_pit_bull_terrier_11,C:\Users\mahmu\OneDrive\Desktop\Fine-Grained Pet Breed Classification\data\processed\images\american_pit_bull_terrier_11.jpg,3,american_pit_bull_terrier
german_shorthaired_187,C:\Users\mahmu\OneDrive\Desktop\Fine-Grained Pet Breed Classification\data\processed\images\german_shorthaired_187.jpg,15,german_shorthaired
american_bulldog_189,C:\Users\mahmu\OneDrive\Desktop\Fine-Grained Pet Breed Classification\data\processed\images\american_bulldog_189.jpg,2,american_bulldog
chihuahua_130,C:\Users\mahmu\OneDrive\Desktop\Fine-Grained Pet Breed Classification\data\processed\images\chihuahua_130.jpg,11,chihuahua
samoyed_185,C:\Users\mahmu\OneDrive\Desktop\Fine-Grained Pet Breed Classification\data\processed\images\samoyed_185.jpg,30,samoyed
english_setter_107,C:\Users\mahmu\OneDrive\Desktop\Fine-Grained Pet Breed Classification\data\processed\images\english_setter_107.jpg,14,english_setter
Abyssinian_143,C:\Users\mahmu\OneDrive\Desktop\Fine-Grained Pet Breed Classification\data\processed\images\Abyssinian_143.jpg,1,Abyssinian
leonberger_14,C:\Users\mahmu\OneDrive\Desktop\Fine-Grained Pet Breed Classification\data\processed\images\leonberger_14.jpg,20,leonberger
american_bulldog_185,C:\Users\mahmu\OneDrive\Desktop\Fine-Grained Pet Breed Classification\data\processed\images\american_bulldog_185.jpg,2,american_bulldog
saint_bernard_177,C:\Users\mahmu\OneDrive\Desktop\Fine-Grained Pet Breed Classification\data\processed\images\saint_bernard_177.jpg,29,saint_bernard
american_pit_bull_terrier_156,C:\Users\mahmu\OneDrive\Desktop\Fine-Grained Pet Breed Classification\data\processed\images\american_pit_bull_terrier_156.jpg,3,american_pit_bull_terrier
beagle_128,C:\Users\mahmu\OneDrive\Desktop\Fine-Grained Pet Breed Classification\data\processed\images\beagle_128.jpg,5,beagle
Abyssinian_169,C:\Users\mahmu\OneDrive\Desktop\Fine-Grained Pet Breed Classification\data\processed\images\Abyssinian_169.jpg,1,Abyssinian
scottish_terrier_180,C:\Users\mahmu\OneDrive\Desktop\Fine-Grained Pet Breed Classification\data\processed\images\scottish_terrier_180.jpg,31,scottish_terrier
Russian_Blue_156,C:\Users\mahmu\OneDrive\Desktop\Fine-Grained Pet Breed Classification\data\processed\images\Russian_Blue_156.jpg,28,Russian_Blue
japanese_chin_125,C:\Users\mahmu\OneDrive\Desktop\Fine-Grained Pet Breed Classification\data\processed\images\japanese_chin_125.jpg,18,japanese_chin
Birman_12,C:\Users\mahmu\OneDrive\Desktop\Fine-Grained Pet Breed Classification\data\processed\images\Birman_12.jpg,7,Birman
staffordshire_bull_terrier_181,C:\Users\mahmu\OneDrive\Desktop\Fine-Grained Pet Breed Classification\data\processed\images\staffordshire_bull_terrier_181.jpg,35,staffordshire_bull_terrier
great_pyrenees_178,C:\Users\mahmu\OneDrive\Desktop\Fine-Grained Pet Breed Classification\data\processed\images\great_pyrenees_178.jpg,16,great_pyrenees
shiba_inu_186,C:\Users\mahmu\OneDrive\Desktop\Fine-Grained Pet Breed Classification\data\processed\images\shiba_inu_186.jpg,32,shiba_inu
yorkshire_terrier_11,C:\Users\mahmu\OneDrive\Desktop\Fine-Grained Pet Breed Classification\data\processed\images\yorkshire_terrier_11.jpg,37,yorkshire_terrier
wheaten_terrier_189,C:\Users\mahmu\OneDrive\Desktop\Fine-Grained Pet Breed Classification\data\processed\images\wheaten_terrier_189.jpg,36,wheaten_terrier
leonberger_158,C:\Users\mahmu\OneDrive\Desktop\Fine-Grained Pet Breed Classification\data\processed\images\leonberger_158.jpg,20,leonberger
scottish_terrier_172,C:\Users\mahmu\OneDrive\Desktop\Fine-Grained Pet Breed Classification\data\processed\images\scottish_terrier_172.jpg,31,scottish_terrier
pomeranian_102,C:\Users\mahmu\OneDrive\Desktop\Fine-Grained Pet Breed Classification\data\processed\images\pomeranian_102.jpg,25,pomeranian
staffordshire_bull_terrier_17,C:\Users\mahmu\OneDrive\Desktop\Fine-Grained Pet Breed Classification\data\processed\images\staffordshire_bull_terrier_17.jpg,35,staffordshire_bull_terrier
havanese_141,C:\Users\mahmu\OneDrive\Desktop\Fine-Grained Pet Breed Classification\data\processed\images\havanese_141.jpg,17,havanese
beagle_147,C:\Users\mahmu\OneDrive\Desktop\Fine-Grained Pet Breed Classification\data\processed\images\beagle_147.jpg,5,beagle
Abyssinian_130,C:\Users\mahmu\OneDrive\Desktop\Fine-Grained Pet Breed Classification\data\processed\images\Abyssinian_130.jpg,1,Abyssinian
basset_hound_148,C:\Users\mahmu\OneDrive\Desktop\Fine-Grained Pet Breed Classification\data\processed\images\basset_hound_148.jpg,4,basset_hound
boxer_102,C:\Users\mahmu\OneDrive\Desktop\Fine-Grained Pet Breed Classification\data\processed\images\boxer_102.jpg,9,boxer
Bombay_140,C:\Users\mahmu\OneDrive\Desktop\Fine-Grained Pet Breed Classification\data\processed\images\Bombay_140.jpg,8,Bombay
leonberger_114,C:\Users\mahmu\OneDrive\Desktop\Fine-Grained Pet Breed Classification\data\processed\images\leonberger_114.jpg,20,leonberger
Maine_Coon_17,C:\Users\mahmu\OneDrive\Desktop\Fine-Grained Pet Breed Classification\data\processed\images\Maine_Coon_17.jpg,21,Maine_Coon
pug_120,C:\Users\mahmu\OneDrive\Desktop\Fine-Grained Pet Breed Classification\data\processed\images\pug_120.jpg,26,pug
Egyptian_Mau_123,C:\Users\mahmu\OneDrive\Desktop\Fine-Grained Pet Breed Classification\data\processed\images\Egyptian_Mau_123.jpg,12,Egyptian_Mau
great_pyrenees_152,C:\Users\mahmu\OneDrive\Desktop\Fine-Grained Pet Breed Classification\data\processed\images\great_pyrenees_152.jpg,16,great_pyrenees
keeshond_10,C:\Users\mahmu\OneDrive\Desktop\Fine-Grained Pet Breed Classification\data\processed\images\keeshond_10.jpg,19,keeshond
boxer_113,C:\Users\mahmu\OneDrive\Desktop\Fine-Grained Pet Breed Classification\data\processed\images\boxer_113.jpg,9,boxer
Maine_Coon_191,C:\Users\mahmu\OneDrive\Desktop\Fine-Grained Pet Breed Classification\data\processed\images\Maine_Coon_191.jpg,21,Maine_Coon
shiba_inu_178,C:\Users\mahmu\OneDrive\Desktop\Fine-Grained Pet Breed Classification\data\processed\images\shiba_inu_178.jpg,32,shiba_inu
english_cocker_spaniel_124,C:\Users\mahmu\OneDrive\Desktop\Fine-Grained Pet Breed Classification\data\processed\images\english_cocker_spaniel_124.jpg,13,english_cocker_spaniel
yorkshire_terrier_147,C:\Users\mahmu\OneDrive\Desktop\Fine-Grained Pet Breed Classification\data\processed\images\yorkshire_terrier_147.jpg,37,yorkshire_terrier
scottish_terrier_18,C:\Users\mahmu\OneDrive\Desktop\Fine-Grained Pet Breed Classification\data\processed\images\scottish_terrier_18.jpg,31,scottish_terrier
boxer_126,C:\Users\mahmu\OneDrive\Desktop\Fine-Grained Pet Breed Classification\data\processed\images\boxer_126.jpg,9,boxer
Maine_Coon_201,C:\Users\mahmu\OneDrive\Desktop\Fine-Grained Pet Breed Classification\data\processed\images\Maine_Coon_201.jpg,21,Maine_Coon
chihuahua_102,C:\Users\mahmu\OneDrive\Desktop\Fine-Grained Pet Breed Classification\data\processed\images\chihuahua_102.jpg,11,chihuahua
beagle_107,C:\Users\mahmu\OneDrive\Desktop\Fine-Grained Pet Breed Classification\data\processed\images\beagle_107.jpg,5,beagle
basset_hound_10,C:\Users\mahmu\OneDrive\Desktop\Fine-Grained Pet Breed Classification\data\processed\images\basset_hound_10.jpg,4,basset_hound
pomeranian_104,C:\Users\mahmu\OneDrive\Desktop\Fine-Grained Pet Breed Classification\data\processed\images\pomeranian_104.jpg,25,pomeranian
staffordshire_bull_terrier_159,C:\Users\mahmu\OneDrive\Desktop\Fine-Grained Pet Breed Classification\data\processed\images\staffordshire_bull_terrier_159.jpg,35,staffordshire_bull_terrier
saint_bernard_126,C:\Users\mahmu\OneDrive\Desktop\Fine-Grained Pet Breed Classification\data\processed\images\saint_bernard_126.jpg,29,saint_bernard
japanese_chin_167,C:\Users\mahmu\OneDrive\Desktop\Fine-Grained Pet Breed Classification\data\processed\images\japanese_chin_167.jpg,18,japanese_chin
Sphynx_137,C:\Users\mahmu\OneDrive\Desktop\Fine-Grained Pet Breed Classification\data\processed\images\Sphynx_137.jpg,34,Sphynx
english_setter_127,C:\Users\mahmu\OneDrive\Desktop\Fine-Grained Pet Breed Classification\data\processed\images\english_setter_127.jpg,14,english_setter
english_setter_139,C:\Users\mahmu\OneDrive\Desktop\Fine-Grained Pet Breed Classification\data\processed\images\english_setter_139.jpg,14,english_setter
Siamese_125,C:\Users\mahmu\OneDrive\Desktop\Fine-Grained Pet Breed Classification\data\processed\images\Siamese_125.jpg,33,Siamese
Bombay_107,C:\Users\mahmu\OneDrive\Desktop\Fine-Grained Pet Breed Classification\data\processed\images\Bombay_107.jpg,8,Bombay
american_bulldog_197,C:\Users\mahmu\OneDrive\Desktop\Fine-Grained Pet Breed Classification\data\processed\images\american_bulldog_197.jpg,2,american_bulldog
Russian_Blue_196,C:\Users\mahmu\OneDrive\Desktop\Fine-Grained Pet Breed Classification\data\processed\images\Russian_Blue_196.jpg,28,Russian_Blue
basset_hound_189,C:\Users\mahmu\OneDrive\Desktop\Fine-Grained Pet Breed Classification\data\processed\images\basset_hound_189.jpg,4,basset_hound
english_setter_14,C:\Users\mahmu\OneDrive\Desktop\Fine-Grained Pet Breed Classification\data\processed\images\english_setter_14.jpg,14,english_setter
Maine_Coon_154,C:\Users\mahmu\OneDrive\Desktop\Fine-Grained Pet Breed Classification\data\processed\images\Maine_Coon_154.jpg,21,Maine_Coon
havanese_123,C:\Users\mahmu\OneDrive\Desktop\Fine-Grained Pet Breed Classification\data\processed\images\havanese_123.jpg,17,havanese
Egyptian_Mau_130,C:\Users\mahmu\OneDrive\Desktop\Fine-Grained Pet Breed Classification\data\processed\images\Egyptian_Mau_130.jpg,12,Egyptian_Mau
saint_bernard_108,C:\Users\mahmu\OneDrive\Desktop\Fine-Grained Pet Breed Classification\data\processed\images\saint_bernard_108.jpg,29,saint_bernard
Bombay_103,C:\Users\mahmu\OneDrive\Desktop\Fine-Grained Pet Breed Classification\data\processed\images\Bombay_103.jpg,8,Bombay
pomeranian_162,C:\Users\mahmu\OneDrive\Desktop\Fine-Grained Pet Breed Classification\data\processed\images\pomeranian_162.jpg,25,pomeranian
keeshond_130,C:\Users\mahmu\OneDrive\Desktop\Fine-Grained Pet Breed Classification\data\processed\images\keeshond_130.jpg,19,keeshond
japanese_chin_152,C:\Users\mahmu\OneDrive\Desktop\Fine-Grained Pet Breed Classification\data\processed\images\japanese_chin_152.jpg,18,japanese_chin
havanese_101,C:\Users\mahmu\OneDrive\Desktop\Fine-Grained Pet Breed Classification\data\processed\images\havanese_101.jpg,17,havanese
Maine_Coon_112,C:\Users\mahmu\OneDrive\Desktop\Fine-Grained Pet Breed Classification\data\processed\images\Maine_Coon_112.jpg,21,Maine_Coon
great_pyrenees_131,C:\Users\mahmu\OneDrive\Desktop\Fine-Grained Pet Breed Classification\data\processed\images\great_pyrenees_131.jpg,16,great_pyrenees
wheaten_terrier_105,C:\Users\mahmu\OneDrive\Desktop\Fine-Grained Pet Breed Classification\data\processed\images\wheaten_terrier_105.jpg,36,wheaten_terrier
japanese_chin_186,C:\Users\mahmu\OneDrive\Desktop\Fine-Grained Pet Breed Classification\data\processed\images\japanese_chin_186.jpg,18,japanese_chin
havanese_15,C:\Users\mahmu\OneDrive\Desktop\Fine-Grained Pet Breed Classification\data\processed\images\havanese_15.jpg,17,havanese
British_Shorthair_128,C:\Users\mahmu\OneDrive\Desktop\Fine-Grained Pet Breed Classification\data\processed\images\British_Shorthair_128.jpg,10,British_Shorthair
chihuahua_137,C:\Users\mahmu\OneDrive\Desktop\Fine-Grained Pet Breed Classification\data\processed\images\chihuahua_137.jpg,11,chihuahua
scottish_terrier_128,C:\Users\mahmu\OneDrive\Desktop\Fine-Grained Pet Breed Classification\data\processed\images\scottish_terrier_128.jpg,31,scottish_terrier
newfoundland_160,C:\Users\mahmu\OneDrive\Desktop\Fine-Grained Pet Breed Classification\data\processed\images\newfoundland_160.jpg,23,newfoundland
basset_hound_118,C:\Users\mahmu\OneDrive\Desktop\Fine-Grained Pet Breed Classification\data\processed\images\basset_hound_118.jpg,4,basset_hound
Abyssinian_180,C:\Users\mahmu\OneDrive\Desktop\Fine-Grained Pet Breed Classification\data\processed\images\Abyssinian_180.jpg,1,Abyssinian
Bengal_15,C:\Users\mahmu\OneDrive\Desktop\Fine-Grained Pet Breed Classification\data\processed\images\Bengal_15.jpg,6,Bengal
pomeranian_166,C:\Users\mahmu\OneDrive\Desktop\Fine-Grained Pet Breed Classification\data\processed\images\pomeranian_166.jpg,25,pomeranian
english_cocker_spaniel_147,C:\Users\mahmu\OneDrive\Desktop\Fine-Grained Pet Breed Classification\data\processed\images\english_cocker_spaniel_147.jpg,13,english_cocker_spaniel
scottish_terrier_136,C:\Users\mahmu\OneDrive\Desktop\Fine-Grained Pet Breed Classification\data\processed\images\scottish_terrier_136.jpg,31,scottish_terrier
miniature_pinscher_161,C:\Users\mahmu\OneDrive\Desktop\Fine-Grained Pet Breed Classification\data\processed\images\miniature_pinscher_161.jpg,22,miniature_pinscher
Abyssinian_174,C:\Users\mahmu\OneDrive\Desktop\Fine-Grained Pet Breed Classification\data\processed\images\Abyssinian_174.jpg,1,Abyssinian
Sphynx_191,C:\Users\mahmu\OneDrive\Desktop\Fine-Grained Pet Breed Classification\data\processed\images\Sphynx_191.jpg,34,Sphynx
japanese_chin_157,C:\Users\mahmu\OneDrive\Desktop\Fine-Grained Pet Breed Classification\data\processed\images\japanese_chin_157.jpg,18,japanese_chin
British_Shorthair_112,C:\Users\mahmu\OneDrive\Desktop\Fine-Grained Pet Breed Classification\data\processed\images\British_Shorthair_112.jpg,10,British_Shorthair
Abyssinian_10,C:\Users\mahmu\OneDrive\Desktop\Fine-Grained Pet Breed Classification\data\processed\images\Abyssinian_10.jpg,1,Abyssinian
leonberger_142,C:\Users\mahmu\OneDrive\Desktop\Fine-Grained Pet Breed Classification\data\processed\images\leonberger_142.jpg,20,leonberger
english_cocker_spaniel_140,C:\Users\mahmu\OneDrive\Desktop\Fine-Grained Pet Breed Classification\data\processed\images\english_cocker_spaniel_140.jpg,13,english_cocker_spaniel
beagle_192,C:\Users\mahmu\OneDrive\Desktop\Fine-Grained Pet Breed Classification\data\processed\images\beagle_192.jpg,5,beagle
english_setter_104,C:\Users\mahmu\OneDrive\Desktop\Fine-Grained Pet Breed Classification\data\processed\images\english_setter_104.jpg,14,english_setter
havanese_119,C:\Users\mahmu\OneDrive\Desktop\Fine-Grained Pet Breed Classification\data\processed\images\havanese_119.jpg,17,havanese
Birman_177,C:\Users\mahmu\OneDrive\Desktop\Fine-Grained Pet Breed Classification\data\processed\images\Birman_177.jpg,7,Birman
scottish_terrier_17,C:\Users\mahmu\OneDrive\Desktop\Fine-Grained Pet Breed Classification\data\processed\images\scottish_terrier_17.jpg,31,scottish_terrier
shiba_inu_145,C:\Users\mahmu\OneDrive\Desktop\Fine-Grained Pet Breed Classification\data\processed\images\shiba_inu_145.jpg,32,shiba_inu
scottish_terrier_116,C:\Users\mahmu\OneDrive\Desktop\Fine-Grained Pet Breed Classification\data\processed\images\scottish_terrier_116.jpg,31,scottish_terrier
havanese_125,C:\Users\mahmu\OneDrive\Desktop\Fine-Grained Pet Breed Classification\data\processed\images\havanese_125.jpg,17,havanese
newfoundland_101,C:\Users\mahmu\OneDrive\Desktop\Fine-Grained Pet Breed Classification\data\processed\images\newfoundland_101.jpg,23,newfoundland
Abyssinian_165,C:\Users\mahmu\OneDrive\Desktop\Fine-Grained Pet Breed Classification\data\processed\images\Abyssinian_165.jpg,1,Abyssinian
staffordshire_bull_terrier_194,C:\Users\mahmu\OneDrive\Desktop\Fine-Grained Pet Breed Classification\data\processed\images\staffordshire_bull_terrier_194.jpg,35,staffordshire_bull_terrier
Russian_Blue_193,C:\Users\mahmu\OneDrive\Desktop\Fine-Grained Pet Breed Classification\data\processed\images\Russian_Blue_193.jpg,28,Russian_Blue
samoyed_150,C:\Users\mahmu\OneDrive\Desktop\Fine-Grained Pet Breed Classification\data\processed\images\samoyed_150.jpg,30,samoyed
english_cocker_spaniel_142,C:\Users\mahmu\OneDrive\Desktop\Fine-Grained Pet Breed Classification\data\processed\images\english_cocker_spaniel_142.jpg,13,english_cocker_spaniel
Egyptian_Mau_184,C:\Users\mahmu\OneDrive\Desktop\Fine-Grained Pet Breed Classification\data\processed\images\Egyptian_Mau_184.jpg,12,Egyptian_Mau
scottish_terrier_185,C:\Users\mahmu\OneDrive\Desktop\Fine-Grained Pet Breed Classification\data\processed\images\scottish_terrier_185.jpg,31,scottish_terrier
Abyssinian_17,C:\Users\mahmu\OneDrive\Desktop\Fine-Grained Pet Breed Classification\data\processed\images\Abyssinian_17.jpg,1,Abyssinian
japanese_chin_116,C:\Users\mahmu\OneDrive\Desktop\Fine-Grained Pet Breed Classification\data\processed\images\japanese_chin_116.jpg,18,japanese_chin
Maine_Coon_108,C:\Users\mahmu\OneDrive\Desktop\Fine-Grained Pet Breed Classification\data\processed\images\Maine_Coon_108.jpg,21,Maine_Coon
saint_bernard_171,C:\Users\mahmu\OneDrive\Desktop\Fine-Grained Pet Breed Classification\data\processed\images\saint_bernard_171.jpg,29,saint_bernard
Maine_Coon_121,C:\Users\mahmu\OneDrive\Desktop\Fine-Grained Pet Breed Classification\data\processed\images\Maine_Coon_121.jpg,21,Maine_Coon
english_setter_154,C:\Users\mahmu\OneDrive\Desktop\Fine-Grained Pet Breed Classification\data\processed\images\english_setter_154.jpg,14,english_setter
german_shorthaired_105,C:\Users\mahmu\OneDrive\Desktop\Fine-Grained Pet Breed Classification\data\processed\images\german_shorthaired_105.jpg,15,german_shorthaired
pug_184,C:\Users\mahmu\OneDrive\Desktop\Fine-Grained Pet Breed Classification\data\processed\images\pug_184.jpg,26,pug
saint_bernard_187,C:\Users\mahmu\OneDrive\Desktop\Fine-Grained Pet Breed Classification\data\processed\images\saint_bernard_187.jpg,29,saint_bernard
staffordshire_bull_terrier_184,C:\Users\mahmu\OneDrive\Desktop\Fine-Grained Pet Breed Classification\data\processed\images\staffordshire_bull_terrier_184.jpg,35,staffordshire_bull_terrier
wheaten_terrier_132,C:\Users\mahmu\OneDrive\Desktop\Fine-Grained Pet Breed Classification\data\processed\images\wheaten_terrier_132.jpg,36,wheaten_terrier
pomeranian_141,C:\Users\mahmu\OneDrive\Desktop\Fine-Grained Pet Breed Classification\data\processed\images\pomeranian_141.jpg,25,pomeranian
american_pit_bull_terrier_143,C:\Users\mahmu\OneDrive\Desktop\Fine-Grained Pet Breed Classification\data\processed\images\american_pit_bull_terrier_143.jpg,3,american_pit_bull_terrier
Maine_Coon_106,C:\Users\mahmu\OneDrive\Desktop\Fine-Grained Pet Breed Classification\data\processed\images\Maine_Coon_106.jpg,21,Maine_Coon
great_pyrenees_172,C:\Users\mahmu\OneDrive\Desktop\Fine-Grained Pet Breed Classification\data\processed\images\great_pyrenees_172.jpg,16,great_pyrenees
British_Shorthair_160,C:\Users\mahmu\OneDrive\Desktop\Fine-Grained Pet Breed Classification\data\processed\images\British_Shorthair_160.jpg,10,British_Shorthair
basset_hound_100,C:\Users\mahmu\OneDrive\Desktop\Fine-Grained Pet Breed Classification\data\processed\images\basset_hound_100.jpg,4,basset_hound
Bengal_139,C:\Users\mahmu\OneDrive\Desktop\Fine-Grained Pet Breed Classification\data\processed\images\Bengal_139.jpg,6,Bengal
Persian_153,C:\Users\mahmu\OneDrive\Desktop\Fine-Grained Pet Breed Classification\data\processed\images\Persian_153.jpg,24,Persian
chihuahua_162,C:\Users\mahmu\OneDrive\Desktop\Fine-Grained Pet Breed Classification\data\processed\images\chihuahua_162.jpg,11,chihuahua
german_shorthaired_14,C:\Users\mahmu\OneDrive\Desktop\Fine-Grained Pet Breed Classification\data\processed\images\german_shorthaired_14.jpg,15,german_shorthaired
Russian_Blue_122,C:\Users\mahmu\OneDrive\Desktop\Fine-Grained Pet Breed Classification\data\processed\images\Russian_Blue_122.jpg,28,Russian_Blue
english_setter_11,C:\Users\mahmu\OneDrive\Desktop\Fine-Grained Pet Breed Classification\data\processed\images\english_setter_11.jpg,14,english_setter
shiba_inu_163,C:\Users\mahmu\OneDrive\Desktop\Fine-Grained Pet Breed Classification\data\processed\images\shiba_inu_163.jpg,32,shiba_inu
american_bulldog_114,C:\Users\mahmu\OneDrive\Desktop\Fine-Grained Pet Breed Classification\data\processed\images\american_bulldog_114.jpg,2,american_bulldog
english_setter_184,C:\Users\mahmu\OneDrive\Desktop\Fine-Grained Pet Breed Classification\data\processed\images\english_setter_184.jpg,14,english_setter
german_shorthaired_178,C:\Users\mahmu\OneDrive\Desktop\Fine-Grained Pet Breed Classification\data\processed\images\german_shorthaired_178.jpg,15,german_shorthaired
samoyed_125,C:\Users\mahmu\OneDrive\Desktop\Fine-Grained Pet Breed Classification\data\processed\images\samoyed_125.jpg,30,samoyed
Bengal_113,C:\Users\mahmu\OneDrive\Desktop\Fine-Grained Pet Breed Classification\data\processed\images\Bengal_113.jpg,6,Bengal
american_bulldog_11,C:\Users\mahmu\OneDrive\Desktop\Fine-Grained Pet Breed Classification\data\processed\images\american_bulldog_11.jpg,2,american_bulldog
staffordshire_bull_terrier_122,C:\Users\mahmu\OneDrive\Desktop\Fine-Grained Pet Breed Classification\data\processed\images\staffordshire_bull_terrier_122.jpg,35,staffordshire_bull_terrier
boxer_128,C:\Users\mahmu\OneDrive\Desktop\Fine-Grained Pet Breed Classification\data\processed\images\boxer_128.jpg,9,boxer
Sphynx_151,C:\Users\mahmu\OneDrive\Desktop\Fine-Grained Pet Breed Classification\data\processed\images\Sphynx_151.jpg,34,Sphynx
staffordshire_bull_terrier_191,C:\Users\mahmu\OneDrive\Desktop\Fine-Grained Pet Breed Classification\data\processed\images\staffordshire_bull_terrier_191.jpg,35,staffordshire_bull_terrier
Bombay_169,C:\Users\mahmu\OneDrive\Desktop\Fine-Grained Pet Breed Classification\data\processed\images\Bombay_169.jpg,8,Bombay
american_bulldog_128,C:\Users\mahmu\OneDrive\Desktop\Fine-Grained Pet Breed Classification\data\processed\images\american_bulldog_128.jpg,2,american_bulldog
saint_bernard_147,C:\Users\mahmu\OneDrive\Desktop\Fine-Grained Pet Breed Classification\data\processed\images\saint_bernard_147.jpg,29,saint_bernard
samoyed_139,C:\Users\mahmu\OneDrive\Desktop\Fine-Grained Pet Breed Classification\data\processed\images\samoyed_139.jpg,30,samoyed
scottish_terrier_140,C:\Users\mahmu\OneDrive\Desktop\Fine-Grained Pet Breed Classification\data\processed\images\scottish_terrier_140.jpg,31,scottish_terrier
beagle_113,C:\Users\mahmu\OneDrive\Desktop\Fine-Grained Pet Breed Classification\data\processed\images\beagle_113.jpg,5,beagle
great_pyrenees_159,C:\Users\mahmu\OneDrive\Desktop\Fine-Grained Pet Breed Classification\data\processed\images\great_pyrenees_159.jpg,16,great_pyrenees
chihuahua_106,C:\Users\mahmu\OneDrive\Desktop\Fine-Grained Pet Breed Classification\data\processed\images\chihuahua_106.jpg,11,chihuahua
american_pit_bull_terrier_105,C:\Users\mahmu\OneDrive\Desktop\Fine-Grained Pet Breed Classification\data\processed\images\american_pit_bull_terrier_105.jpg,3,american_pit_bull_terrier
scottish_terrier_175,C:\Users\mahmu\OneDrive\Desktop\Fine-Grained Pet Breed Classification\data\processed\images\scottish_terrier_175.jpg,31,scottish_terrier
chihuahua_159,C:\Users\mahmu\OneDrive\Desktop\Fine-Grained Pet Breed Classification\data\processed\images\chihuahua_159.jpg,11,chihuahua
Maine_Coon_144,C:\Users\mahmu\OneDrive\Desktop\Fine-Grained Pet Breed Classification\data\processed\images\Maine_Coon_144.jpg,21,Maine_Coon
basset_hound_174,C:\Users\mahmu\OneDrive\Desktop\Fine-Grained Pet Breed Classification\data\processed\images\basset_hound_174.jpg,4,basset_hound
Sphynx_199,C:\Users\mahmu\OneDrive\Desktop\Fine-Grained Pet Breed Classification\data\processed\images\Sphynx_199.jpg,34,Sphynx
american_pit_bull_terrier_124,C:\Users\mahmu\OneDrive\Desktop\Fine-Grained Pet Breed Classification\data\processed\images\american_pit_bull_terrier_124.jpg,3,american_pit_bull_terrier
Birman_184,C:\Users\mahmu\OneDrive\Desktop\Fine-Grained Pet Breed Classification\data\processed\images\Birman_184.jpg,7,Birman
keeshond_124,C:\Users\mahmu\OneDrive\Desktop\Fine-Grained Pet Breed Classification\data\processed\images\keeshond_124.jpg,19,keeshond
american_bulldog_179,C:\Users\mahmu\OneDrive\Desktop\Fine-Grained Pet Breed Classification\data\processed\images\american_bulldog_179.jpg,2,american_bulldog
Ragdoll_193,C:\Users\mahmu\OneDrive\Desktop\Fine-Grained Pet Breed Classification\data\processed\images\Ragdoll_193.jpg,27,Ragdoll
British_Shorthair_154,C:\Users\mahmu\OneDrive\Desktop\Fine-Grained Pet Breed Classification\data\processed\images\British_Shorthair_154.jpg,10,British_Shorthair
great_pyrenees_123,C:\Users\mahmu\OneDrive\Desktop\Fine-Grained Pet Breed Classification\data\processed\images\great_pyrenees_123.jpg,16,great_pyrenees
samoyed_109,C:\Users\mahmu\OneDrive\Desktop\Fine-Grained Pet Breed Classification\data\processed\images\samoyed_109.jpg,30,samoyed
samoyed_158,C:\Users\mahmu\OneDrive\Desktop\Fine-Grained Pet Breed Classification\data\processed\images\samoyed_158.jpg,30,samoyed
Siamese_120,C:\Users\mahmu\OneDrive\Desktop\Fine-Grained Pet Breed Classification\data\processed\images\Siamese_120.jpg,33,Siamese
japanese_chin_171,C:\Users\mahmu\OneDrive\Desktop\Fine-Grained Pet Breed Classification\data\processed\images\japanese_chin_171.jpg,18,japanese_chin
english_cocker_spaniel_175,C:\Users\mahmu\OneDrive\Desktop\Fine-Grained Pet Breed Classification\data\processed\images\english_cocker_spaniel_175.jpg,13,english_cocker_spaniel
american_pit_bull_terrier_164,C:\Users\mahmu\OneDrive\Desktop\Fine-Grained Pet Breed Classification\data\processed\images\american_pit_bull_terrier_164.jpg,3,american_pit_bull_terrier
wheaten_terrier_13,C:\Users\mahmu\OneDrive\Desktop\Fine-Grained Pet Breed Classification\data\processed\images\wheaten_terrier_13.jpg,36,wheaten_terrier
english_cocker_spaniel_171,C:\Users\mahmu\OneDrive\Desktop\Fine-Grained Pet Breed Classification\data\processed\images\english_cocker_spaniel_171.jpg,13,english_cocker_spaniel
staffordshire_bull_terrier_18,C:\Users\mahmu\OneDrive\Desktop\Fine-Grained Pet Breed Classification\data\processed\images\staffordshire_bull_terrier_18.jpg,35,staffordshire_bull_terrier
keeshond_146,C:\Users\mahmu\OneDrive\Desktop\Fine-Grained Pet Breed Classification\data\processed\images\keeshond_146.jpg,19,keeshond
Russian_Blue_191,C:\Users\mahmu\OneDrive\Desktop\Fine-Grained Pet Breed Classification\data\processed\images\Russian_Blue_191.jpg,28,Russian_Blue
Maine_Coon_123,C:\Users\mahmu\OneDrive\Desktop\Fine-Grained Pet Breed Classification\data\processed\images\Maine_Coon_123.jpg,21,Maine_Coon
wheaten_terrier_157,C:\Users\mahmu\OneDrive\Desktop\Fine-Grained Pet Breed Classification\data\processed\images\wheaten_terrier_157.jpg,36,wheaten_terrier
boxer_17,C:\Users\mahmu\OneDrive\Desktop\Fine-Grained Pet Breed Classification\data\processed\images\boxer_17.jpg,9,boxer
havanese_145,C:\Users\mahmu\OneDrive\Desktop\Fine-Grained Pet Breed Classification\data\processed\images\havanese_145.jpg,17,havanese
wheaten_terrier_118,C:\Users\mahmu\OneDrive\Desktop\Fine-Grained Pet Breed Classification\data\processed\images\wheaten_terrier_118.jpg,36,wheaten_terrier
leonberger_183,C:\Users\mahmu\OneDrive\Desktop\Fine-Grained Pet Breed Classification\data\processed\images\leonberger_183.jpg,20,leonberger
pug_161,C:\Users\mahmu\OneDrive\Desktop\Fine-Grained Pet Breed Classification\data\processed\images\pug_161.jpg,26,pug
japanese_chin_150,C:\Users\mahmu\OneDrive\Desktop\Fine-Grained Pet Breed Classification\data\processed\images\japanese_chin_150.jpg,18,japanese_chin
Bengal_188,C:\Users\mahmu\OneDrive\Desktop\Fine-Grained Pet Breed Classification\data\processed\images\Bengal_188.jpg,6,Bengal
Sphynx_170,C:\Users\mahmu\OneDrive\Desktop\Fine-Grained Pet Breed Classification\data\processed\images\Sphynx_170.jpg,34,Sphynx
basset_hound_140,C:\Users\mahmu\OneDrive\Desktop\Fine-Grained Pet Breed Classification\data\processed\images\basset_hound_140.jpg,4,basset_hound
japanese_chin_13,C:\Users\mahmu\OneDrive\Desktop\Fine-Grained Pet Breed Classification\data\processed\images\japanese_chin_13.jpg,18,japanese_chin
staffordshire_bull_terrier_162,C:\Users\mahmu\OneDrive\Desktop\Fine-Grained Pet Breed Classification\data\processed\images\staffordshire_bull_terrier_162.jpg,35,staffordshire_bull_terrier
basset_hound_168,C:\Users\mahmu\OneDrive\Desktop\Fine-Grained Pet Breed Classification\data\processed\images\basset_hound_168.jpg,4,basset_hound
german_shorthaired_147,C:\Users\mahmu\OneDrive\Desktop\Fine-Grained Pet Breed Classification\data\processed\images\german_shorthaired_147.jpg,15,german_shorthaired
keeshond_153,C:\Users\mahmu\OneDrive\Desktop\Fine-Grained Pet Breed Classification\data\processed\images\keeshond_153.jpg,19,keeshond
american_pit_bull_terrier_116,C:\Users\mahmu\OneDrive\Desktop\Fine-Grained Pet Breed Classification\data\processed\images\american_pit_bull_terrier_116.jpg,3,american_pit_bull_terrier
basset_hound_173,C:\Users\mahmu\OneDrive\Desktop\Fine-Grained Pet Breed Classification\data\processed\images\basset_hound_173.jpg,4,basset_hound
newfoundland_18,C:\Users\mahmu\OneDrive\Desktop\Fine-Grained Pet Breed Classification\data\processed\images\newfoundland_18.jpg,23,newfoundland
Abyssinian_146,C:\Users\mahmu\OneDrive\Desktop\Fine-Grained Pet Breed Classification\data\processed\images\Abyssinian_146.jpg,1,Abyssinian
shiba_inu_124,C:\Users\mahmu\OneDrive\Desktop\Fine-Grained Pet Breed Classification\data\processed\images\shiba_inu_124.jpg,32,shiba_inu
British_Shorthair_126,C:\Users\mahmu\OneDrive\Desktop\Fine-Grained Pet Breed Classification\data\processed\images\British_Shorthair_126.jpg,10,British_Shorthair
Sphynx_156,C:\Users\mahmu\OneDrive\Desktop\Fine-Grained Pet Breed Classification\data\processed\images\Sphynx_156.jpg,34,Sphynx
staffordshire_bull_terrier_166,C:\Users\mahmu\OneDrive\Desktop\Fine-Grained Pet Breed Classification\data\processed\images\staffordshire_bull_terrier_166.jpg,35,staffordshire_bull_terrier
pomeranian_168,C:\Users\mahmu\OneDrive\Desktop\Fine-Grained Pet Breed Classification\data\processed\images\pomeranian_168.jpg,25,pomeranian
wheaten_terrier_159,C:\Users\mahmu\OneDrive\Desktop\Fine-Grained Pet Breed Classification\data\processed\images\wheaten_terrier_159.jpg,36,wheaten_terrier
Maine_Coon_170,C:\Users\mahmu\OneDrive\Desktop\Fine-Grained Pet Breed Classification\data\processed\images\Maine_Coon_170.jpg,21,Maine_Coon
german_shorthaired_102,C:\Users\mahmu\OneDrive\Desktop\Fine-Grained Pet Breed Classification\data\processed\images\german_shorthaired_102.jpg,15,german_shorthaired
newfoundland_186,C:\Users\mahmu\OneDrive\Desktop\Fine-Grained Pet Breed Classification\data\processed\images\newfoundland_186.jpg,23,newfoundland
miniature_pinscher_178,C:\Users\mahmu\OneDrive\Desktop\Fine-Grained Pet Breed Classification\data\processed\images\miniature_pinscher_178.jpg,22,miniature_pinscher
english_setter_147,C:\Users\mahmu\OneDrive\Desktop\Fine-Grained Pet Breed Classification\data\processed\images\english_setter_147.jpg,14,english_setter
Ragdoll_160,C:\Users\mahmu\OneDrive\Desktop\Fine-Grained Pet Breed Classification\data\processed\images\Ragdoll_160.jpg,27,Ragdoll
newfoundland_120,C:\Users\mahmu\OneDrive\Desktop\Fine-Grained Pet Breed Classification\data\processed\images\newfoundland_120.jpg,23,newfoundland
english_setter_131,C:\Users\mahmu\OneDrive\Desktop\Fine-Grained Pet Breed Classification\data\processed\images\english_setter_131.jpg,14,english_setter
British_Shorthair_134,C:\Users\mahmu\OneDrive\Desktop\Fine-Grained Pet Breed Classification\data\processed\images\British_Shorthair_134.jpg,10,British_Shorthair
keeshond_140,C:\Users\mahmu\OneDrive\Desktop\Fine-Grained Pet Breed Classification\data\processed\images\keeshond_140.jpg,19,keeshond
staffordshire_bull_terrier_109,C:\Users\mahmu\OneDrive\Desktop\Fine-Grained Pet Breed Classification\data\processed\images\staffordshire_bull_terrier_109.jpg,35,staffordshire_bull_terrier
scottish_terrier_154,C:\Users\mahmu\OneDrive\Desktop\Fine-Grained Pet Breed Classification\data\processed\images\scottish_terrier_154.jpg,31,scottish_terrier
keeshond_157,C:\Users\mahmu\OneDrive\Desktop\Fine-Grained Pet Breed Classification\data\processed\images\keeshond_157.jpg,19,keeshond
english_cocker_spaniel_155,C:\Users\mahmu\OneDrive\Desktop\Fine-Grained Pet Breed Classification\data\processed\images\english_cocker_spaniel_155.jpg,13,english_cocker_spaniel
shiba_inu_140,C:\Users\mahmu\OneDrive\Desktop\Fine-Grained Pet Breed Classification\data\processed\images\shiba_inu_140.jpg,32,shiba_inu
beagle_127,C:\Users\mahmu\OneDrive\Desktop\Fine-Grained Pet Breed Classification\data\processed\images\beagle_127.jpg,5,beagle
Birman_129,C:\Users\mahmu\OneDrive\Desktop\Fine-Grained Pet Breed Classification\data\processed\images\Birman_129.jpg,7,Birman
Ragdoll_127,C:\Users\mahmu\OneDrive\Desktop\Fine-Grained Pet Breed Classification\data\processed\images\Ragdoll_127.jpg,27,Ragdoll
Ragdoll_183,C:\Users\mahmu\OneDrive\Desktop\Fine-Grained Pet Breed Classification\data\processed\images\Ragdoll_183.jpg,27,Ragdoll
basset_hound_15,C:\Users\mahmu\OneDrive\Desktop\Fine-Grained Pet Breed Classification\data\processed\images\basset_hound_15.jpg,4,basset_hound
german_shorthaired_127,C:\Users\mahmu\OneDrive\Desktop\Fine-Grained Pet Breed Classification\data\processed\images\german_shorthaired_127.jpg,15,german_shorthaired
Persian_163,C:\Users\mahmu\OneDrive\Desktop\Fine-Grained Pet Breed Classification\data\processed\images\Persian_163.jpg,24,Persian
pomeranian_167,C:\Users\mahmu\OneDrive\Desktop\Fine-Grained Pet Breed Classification\data\processed\images\pomeranian_167.jpg,25,pomeranian
scottish_terrier_156,C:\Users\mahmu\OneDrive\Desktop\Fine-Grained Pet Breed Classification\data\processed\images\scottish_terrier_156.jpg,31,scottish_terrier
american_pit_bull_terrier_137,C:\Users\mahmu\OneDrive\Desktop\Fine-Grained Pet Breed Classification\data\processed\images\american_pit_bull_terrier_137.jpg,3,american_pit_bull_terrier
shiba_inu_158,C:\Users\mahmu\OneDrive\Desktop\Fine-Grained Pet Breed Classification\data\processed\images\shiba_inu_158.jpg,32,shiba_inu
Sphynx_197,C:\Users\mahmu\OneDrive\Desktop\Fine-Grained Pet Breed Classification\data\processed\images\Sphynx_197.jpg,34,Sphynx
Maine_Coon_105,C:\Users\mahmu\OneDrive\Desktop\Fine-Grained Pet Breed Classification\data\processed\images\Maine_Coon_105.jpg,21,Maine_Coon
British_Shorthair_188,C:\Users\mahmu\OneDrive\Desktop\Fine-Grained Pet Breed Classification\data\processed\images\British_Shorthair_188.jpg,10,British_Shorthair
Birman_108,C:\Users\mahmu\OneDrive\Desktop\Fine-Grained Pet Breed Classification\data\processed\images\Birman_108.jpg,7,Birman
miniature_pinscher_116,C:\Users\mahmu\OneDrive\Desktop\Fine-Grained Pet Breed Classification\data\processed\images\miniature_pinscher_116.jpg,22,miniature_pinscher
Ragdoll_101,C:\Users\mahmu\OneDrive\Desktop\Fine-Grained Pet Breed Classification\data\processed\images\Ragdoll_101.jpg,27,Ragdoll
wheaten_terrier_101,C:\Users\mahmu\OneDrive\Desktop\Fine-Grained Pet Breed Classification\data\processed\images\wheaten_terrier_101.jpg,36,wheaten_terrier
chihuahua_18,C:\Users\mahmu\OneDrive\Desktop\Fine-Grained Pet Breed Classification\data\processed\images\chihuahua_18.jpg,11,chihuahua
Birman_121,C:\Users\mahmu\OneDrive\Desktop\Fine-Grained Pet Breed Classification\data\processed\images\Birman_121.jpg,7,Birman
japanese_chin_166,C:\Users\mahmu\OneDrive\Desktop\Fine-Grained Pet Breed Classification\data\processed\images\japanese_chin_166.jpg,18,japanese_chin
staffordshire_bull_terrier_131,C:\Users\mahmu\OneDrive\Desktop\Fine-Grained Pet Breed Classification\data\processed\images\staffordshire_bull_terrier_131.jpg,35,staffordshire_bull_terrier
Ragdoll_171,C:\Users\mahmu\OneDrive\Desktop\Fine-Grained Pet Breed Classification\data\processed\images\Ragdoll_171.jpg,27,Ragdoll
havanese_154,C:\Users\mahmu\OneDrive\Desktop\Fine-Grained Pet Breed Classification\data\processed\images\havanese_154.jpg,17,havanese
beagle_170,C:\Users\mahmu\OneDrive\Desktop\Fine-Grained Pet Breed Classification\data\processed\images\beagle_170.jpg,5,beagle
english_cocker_spaniel_113,C:\Users\mahmu\OneDrive\Desktop\Fine-Grained Pet Breed Classification\data\processed\images\english_cocker_spaniel_113.jpg,13,english_cocker_spaniel
newfoundland_111,C:\Users\mahmu\OneDrive\Desktop\Fine-Grained Pet Breed Classification\data\processed\images\newfoundland_111.jpg,23,newfoundland
beagle_156,C:\Users\mahmu\OneDrive\Desktop\Fine-Grained Pet Breed Classification\data\processed\images\beagle_156.jpg,5,beagle
american_pit_bull_terrier_169,C:\Users\mahmu\OneDrive\Desktop\Fine-Grained Pet Breed Classification\data\processed\images\american_pit_bull_terrier_169.jpg,3,american_pit_bull_terrier
Sphynx_155,C:\Users\mahmu\OneDrive\Desktop\Fine-Grained Pet Breed Classification\data\processed\images\Sphynx_155.jpg,34,Sphynx
staffordshire_bull_terrier_135,C:\Users\mahmu\OneDrive\Desktop\Fine-Grained Pet Breed Classification\data\processed\images\staffordshire_bull_terrier_135.jpg,35,staffordshire_bull_terrier
shiba_inu_191,C:\Users\mahmu\OneDrive\Desktop\Fine-Grained Pet Breed Classification\data\processed\images\shiba_inu_191.jpg,32,shiba_inu
leonberger_122,C:\Users\mahmu\OneDrive\Desktop\Fine-Grained Pet Breed Classification\data\processed\images\leonberger_122.jpg,20,leonberger
german_shorthaired_146,C:\Users\mahmu\OneDrive\Desktop\Fine-Grained Pet Breed Classification\data\processed\images\german_shorthaired_146.jpg,15,german_shorthaired
staffordshire_bull_terrier_137,C:\Users\mahmu\OneDrive\Desktop\Fine-Grained Pet Breed Classification\data\processed\images\staffordshire_bull_terrier_137.jpg,35,staffordshire_bull_terrier
basset_hound_131,C:\Users\mahmu\OneDrive\Desktop\Fine-Grained Pet Breed Classification\data\processed\images\basset_hound_131.jpg,4,basset_hound
Maine_Coon_159,C:\Users\mahmu\OneDrive\Desktop\Fine-Grained Pet Breed Classification\data\processed\images\Maine_Coon_159.jpg,21,Maine_Coon
leonberger_173,C:\Users\mahmu\OneDrive\Desktop\Fine-Grained Pet Breed Classification\data\processed\images\leonberger_173.jpg,20,leonberger
basset_hound_156,C:\Users\mahmu\OneDrive\Desktop\Fine-Grained Pet Breed Classification\data\processed\images\basset_hound_156.jpg,4,basset_hound
basset_hound_177,C:\Users\mahmu\OneDrive\Desktop\Fine-Grained Pet Breed Classification\data\processed\images\basset_hound_177.jpg,4,basset_hound
Bombay_156,C:\Users\mahmu\OneDrive\Desktop\Fine-Grained Pet Breed Classification\data\processed\images\Bombay_156.jpg,8,Bombay
miniature_pinscher_146,C:\Users\mahmu\OneDrive\Desktop\Fine-Grained Pet Breed Classification\data\processed\images\miniature_pinscher_146.jpg,22,miniature_pinscher
english_setter_100,C:\Users\mahmu\OneDrive\Desktop\Fine-Grained Pet Breed Classification\data\processed\images\english_setter_100.jpg,14,english_setter
Birman_186,C:\Users\mahmu\OneDrive\Desktop\Fine-Grained Pet Breed Classification\data\processed\images\Birman_186.jpg,7,Birman
english_setter_18,C:\Users\mahmu\OneDrive\Desktop\Fine-Grained Pet Breed Classification\data\processed\images\english_setter_18.jpg,14,english_setter
beagle_164,C:\Users\mahmu\OneDrive\Desktop\Fine-Grained Pet Breed Classification\data\processed\images\beagle_164.jpg,5,beagle
american_pit_bull_terrier_151,C:\Users\mahmu\OneDrive\Desktop\Fine-Grained Pet Breed Classification\data\processed\images\american_pit_bull_terrier_151.jpg,3,american_pit_bull_terrier
english_cocker_spaniel_186,C:\Users\mahmu\OneDrive\Desktop\Fine-Grained Pet Breed Classification\data\processed\images\english_cocker_spaniel_186.jpg,13,english_cocker_spaniel
Abyssinian_12,C:\Users\mahmu\OneDrive\Desktop\Fine-Grained Pet Breed Classification\data\processed\images\Abyssinian_12.jpg,1,Abyssinian
chihuahua_164,C:\Users\mahmu\OneDrive\Desktop\Fine-Grained Pet Breed Classification\data\processed\images\chihuahua_164.jpg,11,chihuahua
Ragdoll_174,C:\Users\mahmu\OneDrive\Desktop\Fine-Grained Pet Breed Classification\data\processed\images\Ragdoll_174.jpg,27,Ragdoll
Maine_Coon_103,C:\Users\mahmu\OneDrive\Desktop\Fine-Grained Pet Breed Classification\data\processed\images\Maine_Coon_103.jpg,21,Maine_Coon
Bengal_185,C:\Users\mahmu\OneDrive\Desktop\Fine-Grained Pet Breed Classification\data\processed\images\Bengal_185.jpg,6,Bengal
British_Shorthair_145,C:\Users\mahmu\OneDrive\Desktop\Fine-Grained Pet Breed Classification\data\processed\images\British_Shorthair_145.jpg,10,British_Shorthair
British_Shorthair_141,C:\Users\mahmu\OneDrive\Desktop\Fine-Grained Pet Breed Classification\data\processed\images\British_Shorthair_141.jpg,10,British_Shorthair
yorkshire_terrier_116,C:\Users\mahmu\OneDrive\Desktop\Fine-Grained Pet Breed Classification\data\processed\images\yorkshire_terrier_116.jpg,37,yorkshire_terrier
english_setter_13,C:\Users\mahmu\OneDrive\Desktop\Fine-Grained Pet Breed Classification\data\processed\images\english_setter_13.jpg,14,english_setter
Birman_173,C:\Users\mahmu\OneDrive\Desktop\Fine-Grained Pet Breed Classification\data\processed\images\Birman_173.jpg,7,Birman
beagle_114,C:\Users\mahmu\OneDrive\Desktop\Fine-Grained Pet Breed Classification\data\processed\images\beagle_114.jpg,5,beagle
scottish_terrier_144,C:\Users\mahmu\OneDrive\Desktop\Fine-Grained Pet Breed Classification\data\processed\images\scottish_terrier_144.jpg,31,scottish_terrier
Bengal_171,C:\Users\mahmu\OneDrive\Desktop\Fine-Grained Pet Breed Classification\data\processed\images\Bengal_171.jpg,6,Bengal
wheaten_terrier_128,C:\Users\mahmu\OneDrive\Desktop\Fine-Grained Pet Breed Classification\data\processed\images\wheaten_terrier_128.jpg,36,wheaten_terrier
pomeranian_189,C:\Users\mahmu\OneDrive\Desktop\Fine-Grained Pet Breed Classification\data\processed\images\pomeranian_189.jpg,25,pomeranian
Birman_188,C:\Users\mahmu\OneDrive\Desktop\Fine-Grained Pet Breed Classification\data\processed\images\Birman_188.jpg,7,Birman
scottish_terrier_161,C:\Users\mahmu\OneDrive\Desktop\Fine-Grained Pet Breed Classification\data\processed\images\scottish_terrier_161.jpg,31,scottish_terrier
Siamese_164,C:\Users\mahmu\OneDrive\Desktop\Fine-Grained Pet Breed Classification\data\processed\images\Siamese_164.jpg,33,Siamese
British_Shorthair_198,C:\Users\mahmu\OneDrive\Desktop\Fine-Grained Pet Breed Classification\data\processed\images\British_Shorthair_198.jpg,10,British_Shorthair
pomeranian_136,C:\Users\mahmu\OneDrive\Desktop\Fine-Grained Pet Breed Classification\data\processed\images\pomeranian_136.jpg,25,pomeranian
pomeranian_130,C:\Users\mahmu\OneDrive\Desktop\Fine-Grained Pet Breed Classification\data\processed\images\pomeranian_130.jpg,25,pomeranian
havanese_122,C:\Users\mahmu\OneDrive\Desktop\Fine-Grained Pet Breed Classification\data\processed\images\havanese_122.jpg,17,havanese
scottish_terrier_147,C:\Users\mahmu\OneDrive\Desktop\Fine-Grained Pet Breed Classification\data\processed\images\scottish_terrier_147.jpg,31,scottish_terrier
Bengal_162,C:\Users\mahmu\OneDrive\Desktop\Fine-Grained Pet Breed Classification\data\processed\images\Bengal_162.jpg,6,Bengal
beagle_183,C:\Users\mahmu\OneDrive\Desktop\Fine-Grained Pet Breed Classification\data\processed\images\beagle_183.jpg,5,beagle
Russian_Blue_104,C:\Users\mahmu\OneDrive\Desktop\Fine-Grained Pet Breed Classification\data\processed\images\Russian_Blue_104.jpg,28,Russian_Blue
Russian_Blue_130,C:\Users\mahmu\OneDrive\Desktop\Fine-Grained Pet Breed Classification\data\processed\images\Russian_Blue_130.jpg,28,Russian_Blue
havanese_128,C:\Users\mahmu\OneDrive\Desktop\Fine-Grained Pet Breed Classification\data\processed\images\havanese_128.jpg,17,havanese
Abyssinian_120,C:\Users\mahmu\OneDrive\Desktop\Fine-Grained Pet Breed Classification\data\processed\images\Abyssinian_120.jpg,1,Abyssinian
Russian_Blue_143,C:\Users\mahmu\OneDrive\Desktop\Fine-Grained Pet Breed Classification\data\processed\images\Russian_Blue_143.jpg,28,Russian_Blue
saint_bernard_102,C:\Users\mahmu\OneDrive\Desktop\Fine-Grained Pet Breed Classification\data\processed\images\saint_bernard_102.jpg,29,saint_bernard
Abyssinian_144,C:\Users\mahmu\OneDrive\Desktop\Fine-Grained Pet Breed Classification\data\processed\images\Abyssinian_144.jpg,1,Abyssinian
basset_hound_110,C:\Users\mahmu\OneDrive\Desktop\Fine-Grained Pet Breed Classification\data\processed\images\basset_hound_110.jpg,4,basset_hound
german_shorthaired_138,C:\Users\mahmu\OneDrive\Desktop\Fine-Grained Pet Breed Classification\data\processed\images\german_shorthaired_138.jpg,15,german_shorthaired
Siamese_199,C:\Users\mahmu\OneDrive\Desktop\Fine-Grained Pet Breed Classification\data\processed\images\Siamese_199.jpg,33,Siamese
japanese_chin_162,C:\Users\mahmu\OneDrive\Desktop\Fine-Grained Pet Breed Classification\data\processed\images\japanese_chin_162.jpg,18,japanese_chin
wheaten_terrier_103,C:\Users\mahmu\OneDrive\Desktop\Fine-Grained Pet Breed Classification\data\processed\images\wheaten_terrier_103.jpg,36,wheaten_terrier
havanese_184,C:\Users\mahmu\OneDrive\Desktop\Fine-Grained Pet Breed Classification\data\processed\images\havanese_184.jpg,17,havanese
Sphynx_188,C:\Users\mahmu\OneDrive\Desktop\Fine-Grained Pet Breed Classification\data\processed\images\Sphynx_188.jpg,34,Sphynx
havanese_129,C:\Users\mahmu\OneDrive\Desktop\Fine-Grained Pet Breed Classification\data\processed\images\havanese_129.jpg,17,havanese
leonberger_121,C:\Users\mahmu\OneDrive\Desktop\Fine-Grained Pet Breed Classification\data\processed\images\leonberger_121.jpg,20,leonberger
Bombay_112,C:\Users\mahmu\OneDrive\Desktop\Fine-Grained Pet Breed Classification\data\processed\images\Bombay_112.jpg,8,Bombay
Abyssinian_125,C:\Users\mahmu\OneDrive\Desktop\Fine-Grained Pet Breed Classification\data\processed\images\Abyssinian_125.jpg,1,Abyssinian
scottish_terrier_105,C:\Users\mahmu\OneDrive\Desktop\Fine-Grained Pet Breed Classification\data\processed\images\scottish_terrier_105.jpg,31,scottish_terrier
Sphynx_157,C:\Users\mahmu\OneDrive\Desktop\Fine-Grained Pet Breed Classification\data\processed\images\Sphynx_157.jpg,34,Sphynx
Bombay_106,C:\Users\mahmu\OneDrive\Desktop\Fine-Grained Pet Breed Classification\data\processed\images\Bombay_106.jpg,8,Bombay
boxer_154,C:\Users\mahmu\OneDrive\Desktop\Fine-Grained Pet Breed Classification\data\processed\images\boxer_154.jpg,9,boxer
chihuahua_150,C:\Users\mahmu\OneDrive\Desktop\Fine-Grained Pet Breed Classification\data\processed\images\chihuahua_150.jpg,11,chihuahua
beagle_126,C:\Users\mahmu\OneDrive\Desktop\Fine-Grained Pet Breed Classification\data\processed\images\beagle_126.jpg,5,beagle
staffordshire_bull_terrier_119,C:\Users\mahmu\OneDrive\Desktop\Fine-Grained Pet Breed Classification\data\processed\images\staffordshire_bull_terrier_119.jpg,35,staffordshire_bull_terrier
beagle_10,C:\Users\mahmu\OneDrive\Desktop\Fine-Grained Pet Breed Classification\data\processed\images\beagle_10.jpg,5,beagle
basset_hound_137,C:\Users\mahmu\OneDrive\Desktop\Fine-Grained Pet Breed Classification\data\processed\images\basset_hound_137.jpg,4,basset_hound
basset_hound_112,C:\Users\mahmu\OneDrive\Desktop\Fine-Grained Pet Breed Classification\data\processed\images\basset_hound_112.jpg,4,basset_hound
german_shorthaired_157,C:\Users\mahmu\OneDrive\Desktop\Fine-Grained Pet Breed Classification\data\processed\images\german_shorthaired_157.jpg,15,german_shorthaired
english_cocker_spaniel_172,C:\Users\mahmu\OneDrive\Desktop\Fine-Grained Pet Breed Classification\data\processed\images\english_cocker_spaniel_172.jpg,13,english_cocker_spaniel
saint_bernard_134,C:\Users\mahmu\OneDrive\Desktop\Fine-Grained Pet Breed Classification\data\processed\images\saint_bernard_134.jpg,29,saint_bernard
Maine_Coon_141,C:\Users\mahmu\OneDrive\Desktop\Fine-Grained Pet Breed Classification\data\processed\images\Maine_Coon_141.jpg,21,Maine_Coon
american_pit_bull_terrier_132,C:\Users\mahmu\OneDrive\Desktop\Fine-Grained Pet Breed Classification\data\processed\images\american_pit_bull_terrier_132.jpg,3,american_pit_bull_terrier
Bombay_120,C:\Users\mahmu\OneDrive\Desktop\Fine-Grained Pet Breed Classification\data\processed\images\Bombay_120.jpg,8,Bombay
miniature_pinscher_102,C:\Users\mahmu\OneDrive\Desktop\Fine-Grained Pet Breed Classification\data\processed\images\miniature_pinscher_102.jpg,22,miniature_pinscher
samoyed_116,C:\Users\mahmu\OneDrive\Desktop\Fine-Grained Pet Breed Classification\data\processed\images\samoyed_116.jpg,30,samoyed
Persian_116,C:\Users\mahmu\OneDrive\Desktop\Fine-Grained Pet Breed Classification\data\processed\images\Persian_116.jpg,24,Persian
Bengal_125,C:\Users\mahmu\OneDrive\Desktop\Fine-Grained Pet Breed Classification\data\processed\images\Bengal_125.jpg,6,Bengal
samoyed_149,C:\Users\mahmu\OneDrive\Desktop\Fine-Grained Pet Breed Classification\data\processed\images\samoyed_149.jpg,30,samoyed
Bengal_116,C:\Users\mahmu\OneDrive\Desktop\Fine-Grained Pet Breed Classification\data\processed\images\Bengal_116.jpg,6,Bengal
Egyptian_Mau_132,C:\Users\mahmu\OneDrive\Desktop\Fine-Grained Pet Breed Classification\data\processed\images\Egyptian_Mau_132.jpg,12,Egyptian_Mau
chihuahua_184,C:\Users\mahmu\OneDrive\Desktop\Fine-Grained Pet Breed Classification\data\processed\images\chihuahua_184.jpg,11,chihuahua
yorkshire_terrier_132,C:\Users\mahmu\OneDrive\Desktop\Fine-Grained Pet Breed Classification\data\processed\images\yorkshire_terrier_132.jpg,37,yorkshire_terrier
Bengal_183,C:\Users\mahmu\OneDrive\Desktop\Fine-Grained Pet Breed Classification\data\processed\images\Bengal_183.jpg,6,Bengal
Abyssinian_131,C:\Users\mahmu\OneDrive\Desktop\Fine-Grained Pet Breed Classification\data\processed\images\Abyssinian_131.jpg,1,Abyssinian
boxer_187,C:\Users\mahmu\OneDrive\Desktop\Fine-Grained Pet Breed Classification\data\processed\images\boxer_187.jpg,9,boxer
yorkshire_terrier_178,C:\Users\mahmu\OneDrive\Desktop\Fine-Grained Pet Breed Classification\data\processed\images\yorkshire_terrier_178.jpg,37,yorkshire_terrier
Persian_184,C:\Users\mahmu\OneDrive\Desktop\Fine-Grained Pet Breed Classification\data\processed\images\Persian_184.jpg,24,Persian
Persian_139,C:\Users\mahmu\OneDrive\Desktop\Fine-Grained Pet Breed Classification\data\processed\images\Persian_139.jpg,24,Persian
Persian_194,C:\Users\mahmu\OneDrive\Desktop\Fine-Grained Pet Breed Classification\data\processed\images\Persian_194.jpg,24,Persian
Sphynx_162,C:\Users\mahmu\OneDrive\Desktop\Fine-Grained Pet Breed Classification\data\processed\images\Sphynx_162.jpg,34,Sphynx
Birman_150,C:\Users\mahmu\OneDrive\Desktop\Fine-Grained Pet Breed Classification\data\processed\images\Birman_150.jpg,7,Birman
scottish_terrier_174,C:\Users\mahmu\OneDrive\Desktop\Fine-Grained Pet Breed Classification\data\processed\images\scottish_terrier_174.jpg,31,scottish_terrier
chihuahua_11,C:\Users\mahmu\OneDrive\Desktop\Fine-Grained Pet Breed Classification\data\processed\images\chihuahua_11.jpg,11,chihuahua
japanese_chin_119,C:\Users\mahmu\OneDrive\Desktop\Fine-Grained Pet Breed Classification\data\processed\images\japanese_chin_119.jpg,18,japanese_chin
Abyssinian_129,C:\Users\mahmu\OneDrive\Desktop\Fine-Grained Pet Breed Classification\data\processed\images\Abyssinian_129.jpg,1,Abyssinian
yorkshire_terrier_144,C:\Users\mahmu\OneDrive\Desktop\Fine-Grained Pet Breed Classification\data\processed\images\yorkshire_terrier_144.jpg,37,yorkshire_terrier
staffordshire_bull_terrier_160,C:\Users\mahmu\OneDrive\Desktop\Fine-Grained Pet Breed Classification\data\processed\images\staffordshire_bull_terrier_160.jpg,35,staffordshire_bull_terrier
pug_119,C:\Users\mahmu\OneDrive\Desktop\Fine-Grained Pet Breed Classification\data\processed\images\pug_119.jpg,26,pug
Russian_Blue_147,C:\Users\mahmu\OneDrive\Desktop\Fine-Grained Pet Breed Classification\data\processed\images\Russian_Blue_147.jpg,28,Russian_Blue
Bombay_143,C:\Users\mahmu\OneDrive\Desktop\Fine-Grained Pet Breed Classification\data\processed\images\Bombay_143.jpg,8,Bombay
japanese_chin_147,C:\Users\mahmu\OneDrive\Desktop\Fine-Grained Pet Breed Classification\data\processed\images\japanese_chin_147.jpg,18,japanese_chin
german_shorthaired_143,C:\Users\mahmu\OneDrive\Desktop\Fine-Grained Pet Breed Classification\data\processed\images\german_shorthaired_143.jpg,15,german_shorthaired
american_pit_bull_terrier_108,C:\Users\mahmu\OneDrive\Desktop\Fine-Grained Pet Breed Classification\data\processed\images\american_pit_bull_terrier_108.jpg,3,american_pit_bull_terrier
scottish_terrier_106,C:\Users\mahmu\OneDrive\Desktop\Fine-Grained Pet Breed Classification\data\processed\images\scottish_terrier_106.jpg,31,scottish_terrier
great_pyrenees_143,C:\Users\mahmu\OneDrive\Desktop\Fine-Grained Pet Breed Classification\data\processed\images\great_pyrenees_143.jpg,16,great_pyrenees
Egyptian_Mau_164,C:\Users\mahmu\OneDrive\Desktop\Fine-Grained Pet Breed Classification\data\processed\images\Egyptian_Mau_164.jpg,12,Egyptian_Mau
Abyssinian_112,C:\Users\mahmu\OneDrive\Desktop\Fine-Grained Pet Breed Classification\data\processed\images\Abyssinian_112.jpg,1,Abyssinian
japanese_chin_109,C:\Users\mahmu\OneDrive\Desktop\Fine-Grained Pet Breed Classification\data\processed\images\japanese_chin_109.jpg,18,japanese_chin
yorkshire_terrier_179,C:\Users\mahmu\OneDrive\Desktop\Fine-Grained Pet Breed Classification\data\processed\images\yorkshire_terrier_179.jpg,37,yorkshire_terrier
Persian_140,C:\Users\mahmu\OneDrive\Desktop\Fine-Grained Pet Breed Classification\data\processed\images\Persian_140.jpg,24,Persian
chihuahua_176,C:\Users\mahmu\OneDrive\Desktop\Fine-Grained Pet Breed Classification\data\processed\images\chihuahua_176.jpg,11,chihuahua
german_shorthaired_167,C:\Users\mahmu\OneDrive\Desktop\Fine-Grained Pet Breed Classification\data\processed\images\german_shorthaired_167.jpg,15,german_shorthaired
leonberger_143,C:\Users\mahmu\OneDrive\Desktop\Fine-Grained Pet Breed Classification\data\processed\images\leonberger_143.jpg,20,leonberger
english_cocker_spaniel_167,C:\Users\mahmu\OneDrive\Desktop\Fine-Grained Pet Breed Classification\data\processed\images\english_cocker_spaniel_167.jpg,13,english_cocker_spaniel
american_bulldog_14,C:\Users\mahmu\OneDrive\Desktop\Fine-Grained Pet Breed Classification\data\processed\images\american_bulldog_14.jpg,2,american_bulldog
British_Shorthair_158,C:\Users\mahmu\OneDrive\Desktop\Fine-Grained Pet Breed Classification\data\processed\images\British_Shorthair_158.jpg,10,British_Shorthair
basset_hound_130,C:\Users\mahmu\OneDrive\Desktop\Fine-Grained Pet Breed Classification\data\processed\images\basset_hound_130.jpg,4,basset_hound
British_Shorthair_118,C:\Users\mahmu\OneDrive\Desktop\Fine-Grained Pet Breed Classification\data\processed\images\British_Shorthair_118.jpg,10,British_Shorthair
staffordshire_bull_terrier_170,C:\Users\mahmu\OneDrive\Desktop\Fine-Grained Pet Breed Classification\data\processed\images\staffordshire_bull_terrier_170.jpg,35,staffordshire_bull_terrier
samoyed_16,C:\Users\mahmu\OneDrive\Desktop\Fine-Grained Pet Breed Classification\data\processed\images\samoyed_16.jpg,30,samoyed
Ragdoll_198,C:\Users\mahmu\OneDrive\Desktop\Fine-Grained Pet Breed Classification\data\processed\images\Ragdoll_198.jpg,27,Ragdoll
Bombay_130,C:\Users\mahmu\OneDrive\Desktop\Fine-Grained Pet Breed Classification\data\processed\images\Bombay_130.jpg,8,Bombay
Persian_175,C:\Users\mahmu\OneDrive\Desktop\Fine-Grained Pet Breed Classification\data\processed\images\Persian_175.jpg,24,Persian
Ragdoll_129,C:\Users\mahmu\OneDrive\Desktop\Fine-Grained Pet Breed Classification\data\processed\images\Ragdoll_129.jpg,27,Ragdoll
newfoundland_174,C:\Users\mahmu\OneDrive\Desktop\Fine-Grained Pet Breed Classification\data\processed\images\newfoundland_174.jpg,23,newfoundland
Siamese_126,C:\Users\mahmu\OneDrive\Desktop\Fine-Grained Pet Breed Classification\data\processed\images\Siamese_126.jpg,33,Siamese
Siamese_128,C:\Users\mahmu\OneDrive\Desktop\Fine-Grained Pet Breed Classification\data\processed\images\Siamese_128.jpg,33,Siamese
newfoundland_16,C:\Users\mahmu\OneDrive\Desktop\Fine-Grained Pet Breed Classification\data\processed\images\newfoundland_16.jpg,23,newfoundland
Russian_Blue_169,C:\Users\mahmu\OneDrive\Desktop\Fine-Grained Pet Breed Classification\data\processed\images\Russian_Blue_169.jpg,28,Russian_Blue
american_bulldog_173,C:\Users\mahmu\OneDrive\Desktop\Fine-Grained Pet Breed Classification\data\processed\images\american_bulldog_173.jpg,2,american_bulldog
boxer_106,C:\Users\mahmu\OneDrive\Desktop\Fine-Grained Pet Breed Classification\data\processed\images\boxer_106.jpg,9,boxer
wheaten_terrier_174,C:\Users\mahmu\OneDrive\Desktop\Fine-Grained Pet Breed Classification\data\processed\images\wheaten_terrier_174.jpg,36,wheaten_terrier
Abyssinian_109,C:\Users\mahmu\OneDrive\Desktop\Fine-Grained Pet Breed Classification\data\processed\images\Abyssinian_109.jpg,1,Abyssinian
japanese_chin_158,C:\Users\mahmu\OneDrive\Desktop\Fine-Grained Pet Breed Classification\data\processed\images\japanese_chin_158.jpg,18,japanese_chin
english_cocker_spaniel_132,C:\Users\mahmu\OneDrive\Desktop\Fine-Grained Pet Breed Classification\data\processed\images\english_cocker_spaniel_132.jpg,13,english_cocker_spaniel
Siamese_187,C:\Users\mahmu\OneDrive\Desktop\Fine-Grained Pet Breed Classification\data\processed\images\Siamese_187.jpg,33,Siamese
boxer_141,C:\Users\mahmu\OneDrive\Desktop\Fine-Grained Pet Breed Classification\data\processed\images\boxer_141.jpg,9,boxer
Maine_Coon_18,C:\Users\mahmu\OneDrive\Desktop\Fine-Grained Pet Breed Classification\data\processed\images\Maine_Coon_18.jpg,21,Maine_Coon
pomeranian_14,C:\Users\mahmu\OneDrive\Desktop\Fine-Grained Pet Breed Classification\data\processed\images\pomeranian_14.jpg,25,pomeranian
scottish_terrier_158,C:\Users\mahmu\OneDrive\Desktop\Fine-Grained Pet Breed Classification\data\processed\images\scottish_terrier_158.jpg,31,scottish_terrier
Bengal_160,C:\Users\mahmu\OneDrive\Desktop\Fine-Grained Pet Breed Classification\data\processed\images\Bengal_160.jpg,6,Bengal
keeshond_11,C:\Users\mahmu\OneDrive\Desktop\Fine-Grained Pet Breed Classification\data\processed\images\keeshond_11.jpg,19,keeshond
pomeranian_117,C:\Users\mahmu\OneDrive\Desktop\Fine-Grained Pet Breed Classification\data\processed\images\pomeranian_117.jpg,25,pomeranian
Persian_150,C:\Users\mahmu\OneDrive\Desktop\Fine-Grained Pet Breed Classification\data\processed\images\Persian_150.jpg,24,Persian
Persian_191,C:\Users\mahmu\OneDrive\Desktop\Fine-Grained Pet Breed Classification\data\processed\images\Persian_191.jpg,24,Persian
japanese_chin_137,C:\Users\mahmu\OneDrive\Desktop\Fine-Grained Pet Breed Classification\data\processed\images\japanese_chin_137.jpg,18,japanese_chin
Birman_137,C:\Users\mahmu\OneDrive\Desktop\Fine-Grained Pet Breed Classification\data\processed\images\Birman_137.jpg,7,Birman
British_Shorthair_123,C:\Users\mahmu\OneDrive\Desktop\Fine-Grained Pet Breed Classification\data\processed\images\British_Shorthair_123.jpg,10,British_Shorthair
pomeranian_188,C:\Users\mahmu\OneDrive\Desktop\Fine-Grained Pet Breed Classification\data\processed\images\pomeranian_188.jpg,25,pomeranian
beagle_130,C:\Users\mahmu\OneDrive\Desktop\Fine-Grained Pet Breed Classification\data\processed\images\beagle_130.jpg,5,beagle
Bombay_108,C:\Users\mahmu\OneDrive\Desktop\Fine-Grained Pet Breed Classification\data\processed\images\Bombay_108.jpg,8,Bombay
Bombay_176,C:\Users\mahmu\OneDrive\Desktop\Fine-Grained Pet Breed Classification\data\processed\images\Bombay_176.jpg,8,Bombay
great_pyrenees_116,C:\Users\mahmu\OneDrive\Desktop\Fine-Grained Pet Breed Classification\data\processed\images\great_pyrenees_116.jpg,16,great_pyrenees
Sphynx_195,C:\Users\mahmu\OneDrive\Desktop\Fine-Grained Pet Breed Classification\data\processed\images\Sphynx_195.jpg,34,Sphynx
Maine_Coon_167,C:\Users\mahmu\OneDrive\Desktop\Fine-Grained Pet Breed Classification\data\processed\images\Maine_Coon_167.jpg,21,Maine_Coon
boxer_133,C:\Users\mahmu\OneDrive\Desktop\Fine-Grained Pet Breed Classification\data\processed\images\boxer_133.jpg,9,boxer
Maine_Coon_135,C:\Users\mahmu\OneDrive\Desktop\Fine-Grained Pet Breed Classification\data\processed\images\Maine_Coon_135.jpg,21,Maine_Coon
scottish_terrier_112,C:\Users\mahmu\OneDrive\Desktop\Fine-Grained Pet Breed Classification\data\processed\images\scottish_terrier_112.jpg,31,scottish_terrier
wheaten_terrier_112,C:\Users\mahmu\OneDrive\Desktop\Fine-Grained Pet Breed Classification\data\processed\images\wheaten_terrier_112.jpg,36,wheaten_terrier
British_Shorthair_18,C:\Users\mahmu\OneDrive\Desktop\Fine-Grained Pet Breed Classification\data\processed\images\British_Shorthair_18.jpg,10,British_Shorthair
pug_162,C:\Users\mahmu\OneDrive\Desktop\Fine-Grained Pet Breed Classification\data\processed\images\pug_162.jpg,26,pug
chihuahua_152,C:\Users\mahmu\OneDrive\Desktop\Fine-Grained Pet Breed Classification\data\processed\images\chihuahua_152.jpg,11,chihuahua
miniature_pinscher_111,C:\Users\mahmu\OneDrive\Desktop\Fine-Grained Pet Breed Classification\data\processed\images\miniature_pinscher_111.jpg,22,miniature_pinscher
english_setter_161,C:\Users\mahmu\OneDrive\Desktop\Fine-Grained Pet Breed Classification\data\processed\images\english_setter_161.jpg,14,english_setter
Bengal_12,C:\Users\mahmu\OneDrive\Desktop\Fine-Grained Pet Breed Classification\data\processed\images\Bengal_12.jpg,6,Bengal
Birman_151,C:\Users\mahmu\OneDrive\Desktop\Fine-Grained Pet Breed Classification\data\processed\images\Birman_151.jpg,7,Birman
beagle_166,C:\Users\mahmu\OneDrive\Desktop\Fine-Grained Pet Breed Classification\data\processed\images\beagle_166.jpg,5,beagle
german_shorthaired_160,C:\Users\mahmu\OneDrive\Desktop\Fine-Grained Pet Breed Classification\data\processed\images\german_shorthaired_160.jpg,15,german_shorthaired
english_cocker_spaniel_160,C:\Users\mahmu\OneDrive\Desktop\Fine-Grained Pet Breed Classification\data\processed\images\english_cocker_spaniel_160.jpg,13,english_cocker_spaniel
saint_bernard_146,C:\Users\mahmu\OneDrive\Desktop\Fine-Grained Pet Breed Classification\data\processed\images\saint_bernard_146.jpg,29,saint_bernard
basset_hound_142,C:\Users\mahmu\OneDrive\Desktop\Fine-Grained Pet Breed Classification\data\processed\images\basset_hound_142.jpg,4,basset_hound
British_Shorthair_197,C:\Users\mahmu\OneDrive\Desktop\Fine-Grained Pet Breed Classification\data\processed\images\British_Shorthair_197.jpg,10,British_Shorthair
great_pyrenees_101,C:\Users\mahmu\OneDrive\Desktop\Fine-Grained Pet Breed Classification\data\processed\images\great_pyrenees_101.jpg,16,great_pyrenees
Egyptian_Mau_182,C:\Users\mahmu\OneDrive\Desktop\Fine-Grained Pet Breed Classification\data\processed\images\Egyptian_Mau_182.jpg,12,Egyptian_Mau
Siamese_202,C:\Users\mahmu\OneDrive\Desktop\Fine-Grained Pet Breed Classification\data\processed\images\Siamese_202.jpg,33,Siamese
american_pit_bull_terrier_170,C:\Users\mahmu\OneDrive\Desktop\Fine-Grained Pet Breed Classification\data\processed\images\american_pit_bull_terrier_170.jpg,3,american_pit_bull_terrier
saint_bernard_154,C:\Users\mahmu\OneDrive\Desktop\Fine-Grained Pet Breed Classification\data\processed\images\saint_bernard_154.jpg,29,saint_bernard
keeshond_105,C:\Users\mahmu\OneDrive\Desktop\Fine-Grained Pet Breed Classification\data\processed\images\keeshond_105.jpg,19,keeshond
Bengal_144,C:\Users\mahmu\OneDrive\Desktop\Fine-Grained Pet Breed Classification\data\processed\images\Bengal_144.jpg,6,Bengal
havanese_178,C:\Users\mahmu\OneDrive\Desktop\Fine-Grained Pet Breed Classification\data\processed\images\havanese_178.jpg,17,havanese
Maine_Coon_110,C:\Users\mahmu\OneDrive\Desktop\Fine-Grained Pet Breed Classification\data\processed\images\Maine_Coon_110.jpg,21,Maine_Coon
saint_bernard_140,C:\Users\mahmu\OneDrive\Desktop\Fine-Grained Pet Breed Classification\data\processed\images\saint_bernard_140.jpg,29,saint_bernard
pug_130,C:\Users\mahmu\OneDrive\Desktop\Fine-Grained Pet Breed Classification\data\processed\images\pug_130.jpg,26,pug
chihuahua_160,C:\Users\mahmu\OneDrive\Desktop\Fine-Grained Pet Breed Classification\data\processed\images\chihuahua_160.jpg,11,chihuahua
samoyed_187,C:\Users\mahmu\OneDrive\Desktop\Fine-Grained Pet Breed Classification\data\processed\images\samoyed_187.jpg,30,samoyed
chihuahua_186,C:\Users\mahmu\OneDrive\Desktop\Fine-Grained Pet Breed Classification\data\processed\images\chihuahua_186.jpg,11,chihuahua
Sphynx_194,C:\Users\mahmu\OneDrive\Desktop\Fine-Grained Pet Breed Classification\data\processed\images\Sphynx_194.jpg,34,Sphynx
keeshond_17,C:\Users\mahmu\OneDrive\Desktop\Fine-Grained Pet Breed Classification\data\processed\images\keeshond_17.jpg,19,keeshond
British_Shorthair_110,C:\Users\mahmu\OneDrive\Desktop\Fine-Grained Pet Breed Classification\data\processed\images\British_Shorthair_110.jpg,10,British_Shorthair
Siamese_115,C:\Users\mahmu\OneDrive\Desktop\Fine-Grained Pet Breed Classification\data\processed\images\Siamese_115.jpg,33,Siamese
pomeranian_158,C:\Users\mahmu\OneDrive\Desktop\Fine-Grained Pet Breed Classification\data\processed\images\pomeranian_158.jpg,25,pomeranian
beagle_144,C:\Users\mahmu\OneDrive\Desktop\Fine-Grained Pet Breed Classification\data\processed\images\beagle_144.jpg,5,beagle
english_setter_186,C:\Users\mahmu\OneDrive\Desktop\Fine-Grained Pet Breed Classification\data\processed\images\english_setter_186.jpg,14,english_setter
Siamese_139,C:\Users\mahmu\OneDrive\Desktop\Fine-Grained Pet Breed Classification\data\processed\images\Siamese_139.jpg,33,Siamese
British_Shorthair_117,C:\Users\mahmu\OneDrive\Desktop\Fine-Grained Pet Breed Classification\data\processed\images\British_Shorthair_117.jpg,10,British_Shorthair
samoyed_152,C:\Users\mahmu\OneDrive\Desktop\Fine-Grained Pet Breed Classification\data\processed\images\samoyed_152.jpg,30,samoyed
english_cocker_spaniel_148,C:\Users\mahmu\OneDrive\Desktop\Fine-Grained Pet Breed Classification\data\processed\images\english_cocker_spaniel_148.jpg,13,english_cocker_spaniel
great_pyrenees_117,C:\Users\mahmu\OneDrive\Desktop\Fine-Grained Pet Breed Classification\data\processed\images\great_pyrenees_117.jpg,16,great_pyrenees
Ragdoll_170,C:\Users\mahmu\OneDrive\Desktop\Fine-Grained Pet Breed Classification\data\processed\images\Ragdoll_170.jpg,27,Ragdoll
scottish_terrier_107,C:\Users\mahmu\OneDrive\Desktop\Fine-Grained Pet Breed Classification\data\processed\images\scottish_terrier_107.jpg,31,scottish_terrier
Bengal_153,C:\Users\mahmu\OneDrive\Desktop\Fine-Grained Pet Breed Classification\data\processed\images\Bengal_153.jpg,6,Bengal
wheaten_terrier_100,C:\Users\mahmu\OneDrive\Desktop\Fine-Grained Pet Breed Classification\data\processed\images\wheaten_terrier_100.jpg,36,wheaten_terrier
english_cocker_spaniel_116,C:\Users\mahmu\OneDrive\Desktop\Fine-Grained Pet Breed Classification\data\processed\images\english_cocker_spaniel_116.jpg,13,english_cocker_spaniel
miniature_pinscher_131,C:\Users\mahmu\OneDrive\Desktop\Fine-Grained Pet Breed Classification\data\processed\images\miniature_pinscher_131.jpg,22,miniature_pinscher
wheaten_terrier_140,C:\Users\mahmu\OneDrive\Desktop\Fine-Grained Pet Breed Classification\data\processed\images\wheaten_terrier_140.jpg,36,wheaten_terrier
english_setter_155,C:\Users\mahmu\OneDrive\Desktop\Fine-Grained Pet Breed Classification\data\processed\images\english_setter_155.jpg,14,english_setter
basset_hound_115,C:\Users\mahmu\OneDrive\Desktop\Fine-Grained Pet Breed Classification\data\processed\images\basset_hound_115.jpg,4,basset_hound
american_bulldog_174,C:\Users\mahmu\OneDrive\Desktop\Fine-Grained Pet Breed Classification\data\processed\images\american_bulldog_174.jpg,2,american_bulldog
great_pyrenees_175,C:\Users\mahmu\OneDrive\Desktop\Fine-Grained Pet Breed Classification\data\processed\images\great_pyrenees_175.jpg,16,great_pyrenees
Sphynx_141,C:\Users\mahmu\OneDrive\Desktop\Fine-Grained Pet Breed Classification\data\processed\images\Sphynx_141.jpg,34,Sphynx
keeshond_187,C:\Users\mahmu\OneDrive\Desktop\Fine-Grained Pet Breed Classification\data\processed\images\keeshond_187.jpg,19,keeshond
beagle_100,C:\Users\mahmu\OneDrive\Desktop\Fine-Grained Pet Breed Classification\data\processed\images\beagle_100.jpg,5,beagle
havanese_170,C:\Users\mahmu\OneDrive\Desktop\Fine-Grained Pet Breed Classification\data\processed\images\havanese_170.jpg,17,havanese
great_pyrenees_154,C:\Users\mahmu\OneDrive\Desktop\Fine-Grained Pet Breed Classification\data\processed\images\great_pyrenees_154.jpg,16,great_pyrenees
British_Shorthair_115,C:\Users\mahmu\OneDrive\Desktop\Fine-Grained Pet Breed Classification\data\processed\images\British_Shorthair_115.jpg,10,British_Shorthair
pug_125,C:\Users\mahmu\OneDrive\Desktop\Fine-Grained Pet Breed Classification\data\processed\images\pug_125.jpg,26,pug
British_Shorthair_109,C:\Users\mahmu\OneDrive\Desktop\Fine-Grained Pet Breed Classification\data\processed\images\British_Shorthair_109.jpg,10,British_Shorthair
yorkshire_terrier_148,C:\Users\mahmu\OneDrive\Desktop\Fine-Grained Pet Breed Classification\data\processed\images\yorkshire_terrier_148.jpg,37,yorkshire_terrier
japanese_chin_122,C:\Users\mahmu\OneDrive\Desktop\Fine-Grained Pet Breed Classification\data\processed\images\japanese_chin_122.jpg,18,japanese_chin
scottish_terrier_167,C:\Users\mahmu\OneDrive\Desktop\Fine-Grained Pet Breed Classification\data\processed\images\scottish_terrier_167.jpg,31,scottish_terrier
Maine_Coon_128,C:\Users\mahmu\OneDrive\Desktop\Fine-Grained Pet Breed Classification\data\processed\images\Maine_Coon_128.jpg,21,Maine_Coon
keeshond_163,C:\Users\mahmu\OneDrive\Desktop\Fine-Grained Pet Breed Classification\data\processed\images\keeshond_163.jpg,19,keeshond
american_bulldog_127,C:\Users\mahmu\OneDrive\Desktop\Fine-Grained Pet Breed Classification\data\processed\images\american_bulldog_127.jpg,2,american_bulldog
miniature_pinscher_157,C:\Users\mahmu\OneDrive\Desktop\Fine-Grained Pet Breed Classification\data\processed\images\miniature_pinscher_157.jpg,22,miniature_pinscher
pug_142,C:\Users\mahmu\OneDrive\Desktop\Fine-Grained Pet Breed Classification\data\processed\images\pug_142.jpg,26,pug
havanese_120,C:\Users\mahmu\OneDrive\Desktop\Fine-Grained Pet Breed Classification\data\processed\images\havanese_120.jpg,17,havanese
Persian_14,C:\Users\mahmu\OneDrive\Desktop\Fine-Grained Pet Breed Classification\data\processed\images\Persian_14.jpg,24,Persian
staffordshire_bull_terrier_136,C:\Users\mahmu\OneDrive\Desktop\Fine-Grained Pet Breed Classification\data\processed\images\staffordshire_bull_terrier_136.jpg,35,staffordshire_bull_terrier
japanese_chin_144,C:\Users\mahmu\OneDrive\Desktop\Fine-Grained Pet Breed Classification\data\processed\images\japanese_chin_144.jpg,18,japanese_chin
Maine_Coon_116,C:\Users\mahmu\OneDrive\Desktop\Fine-Grained Pet Breed Classification\data\processed\images\Maine_Coon_116.jpg,21,Maine_Coon
american_pit_bull_terrier_176,C:\Users\mahmu\OneDrive\Desktop\Fine-Grained Pet Breed Classification\data\processed\images\american_pit_bull_terrier_176.jpg,3,american_pit_bull_terrier
Egyptian_Mau_109,C:\Users\mahmu\OneDrive\Desktop\Fine-Grained Pet Breed Classification\data\processed\images\Egyptian_Mau_109.jpg,12,Egyptian_Mau
yorkshire_terrier_190,C:\Users\mahmu\OneDrive\Desktop\Fine-Grained Pet Breed Classification\data\processed\images\yorkshire_terrier_190.jpg,37,yorkshire_terrier
newfoundland_167,C:\Users\mahmu\OneDrive\Desktop\Fine-Grained Pet Breed Classification\data\processed\images\newfoundland_167.jpg,23,newfoundland
British_Shorthair_183,C:\Users\mahmu\OneDrive\Desktop\Fine-Grained Pet Breed Classification\data\processed\images\British_Shorthair_183.jpg,10,British_Shorthair
Bengal_154,C:\Users\mahmu\OneDrive\Desktop\Fine-Grained Pet Breed Classification\data\processed\images\Bengal_154.jpg,6,Bengal
yorkshire_terrier_165,C:\Users\mahmu\OneDrive\Desktop\Fine-Grained Pet Breed Classification\data\processed\images\yorkshire_terrier_165.jpg,37,yorkshire_terrier
pug_173,C:\Users\mahmu\OneDrive\Desktop\Fine-Grained Pet Breed Classification\data\processed\images\pug_173.jpg,26,pug
chihuahua_153,C:\Users\mahmu\OneDrive\Desktop\Fine-Grained Pet Breed Classification\data\processed\images\chihuahua_153.jpg,11,chihuahua
great_pyrenees_128,C:\Users\mahmu\OneDrive\Desktop\Fine-Grained Pet Breed Classification\data\processed\images\great_pyrenees_128.jpg,16,great_pyrenees
Ragdoll_130,C:\Users\mahmu\OneDrive\Desktop\Fine-Grained Pet Breed Classification\data\processed\images\Ragdoll_130.jpg,27,Ragdoll
japanese_chin_154,C:\Users\mahmu\OneDrive\Desktop\Fine-Grained Pet Breed Classification\data\processed\images\japanese_chin_154.jpg,18,japanese_chin
Siamese_156,C:\Users\mahmu\OneDrive\Desktop\Fine-Grained Pet Breed Classification\data\processed\images\Siamese_156.jpg,33,Siamese
shiba_inu_121,C:\Users\mahmu\OneDrive\Desktop\Fine-Grained Pet Breed Classification\data\processed\images\shiba_inu_121.jpg,32,shiba_inu
pomeranian_176,C:\Users\mahmu\OneDrive\Desktop\Fine-Grained Pet Breed Classification\data\processed\images\pomeranian_176.jpg,25,pomeranian
yorkshire_terrier_133,C:\Users\mahmu\OneDrive\Desktop\Fine-Grained Pet Breed Classification\data\processed\images\yorkshire_terrier_133.jpg,37,yorkshire_terrier
Russian_Blue_185,C:\Users\mahmu\OneDrive\Desktop\Fine-Grained Pet Breed Classification\data\processed\images\Russian_Blue_185.jpg,28,Russian_Blue
beagle_185,C:\Users\mahmu\OneDrive\Desktop\Fine-Grained Pet Breed Classification\data\processed\images\beagle_185.jpg,5,beagle
saint_bernard_11,C:\Users\mahmu\OneDrive\Desktop\Fine-Grained Pet Breed Classification\data\processed\images\saint_bernard_11.jpg,29,saint_bernard
scottish_terrier_160,C:\Users\mahmu\OneDrive\Desktop\Fine-Grained Pet Breed Classification\data\processed\images\scottish_terrier_160.jpg,31,scottish_terrier
japanese_chin_179,C:\Users\mahmu\OneDrive\Desktop\Fine-Grained Pet Breed Classification\data\processed\images\japanese_chin_179.jpg,18,japanese_chin
Egyptian_Mau_197,C:\Users\mahmu\OneDrive\Desktop\Fine-Grained Pet Breed Classification\data\processed\images\Egyptian_Mau_197.jpg,12,Egyptian_Mau
newfoundland_103,C:\Users\mahmu\OneDrive\Desktop\Fine-Grained Pet Breed Classification\data\processed\images\newfoundland_103.jpg,23,newfoundland
great_pyrenees_149,C:\Users\mahmu\OneDrive\Desktop\Fine-Grained Pet Breed Classification\data\processed\images\great_pyrenees_149.jpg,16,great_pyrenees
staffordshire_bull_terrier_183,C:\Users\mahmu\OneDrive\Desktop\Fine-Grained Pet Breed Classification\data\processed\images\staffordshire_bull_terrier_183.jpg,35,staffordshire_bull_terrier
chihuahua_14,C:\Users\mahmu\OneDrive\Desktop\Fine-Grained Pet Breed Classification\data\processed\images\chihuahua_14.jpg,11,chihuahua
saint_bernard_173,C:\Users\mahmu\OneDrive\Desktop\Fine-Grained Pet Breed Classification\data\processed\images\saint_bernard_173.jpg,29,saint_bernard
Maine_Coon_194,C:\Users\mahmu\OneDrive\Desktop\Fine-Grained Pet Breed Classification\data\processed\images\Maine_Coon_194.jpg,21,Maine_Coon
pug_143,C:\Users\mahmu\OneDrive\Desktop\Fine-Grained Pet Breed Classification\data\processed\images\pug_143.jpg,26,pug
basset_hound_108,C:\Users\mahmu\OneDrive\Desktop\Fine-Grained Pet Breed Classification\data\processed\images\basset_hound_108.jpg,4,basset_hound
leonberger_144,C:\Users\mahmu\OneDrive\Desktop\Fine-Grained Pet Breed Classification\data\processed\images\leonberger_144.jpg,20,leonberger
great_pyrenees_183,C:\Users\mahmu\OneDrive\Desktop\Fine-Grained Pet Breed Classification\data\processed\images\great_pyrenees_183.jpg,16,great_pyrenees
Persian_166,C:\Users\mahmu\OneDrive\Desktop\Fine-Grained Pet Breed Classification\data\processed\images\Persian_166.jpg,24,Persian
Ragdoll_195,C:\Users\mahmu\OneDrive\Desktop\Fine-Grained Pet Breed Classification\data\processed\images\Ragdoll_195.jpg,27,Ragdoll
Bombay_173,C:\Users\mahmu\OneDrive\Desktop\Fine-Grained Pet Breed Classification\data\processed\images\Bombay_173.jpg,8,Bombay
Birman_169,C:\Users\mahmu\OneDrive\Desktop\Fine-Grained Pet Breed Classification\data\processed\images\Birman_169.jpg,7,Birman
Birman_112,C:\Users\mahmu\OneDrive\Desktop\Fine-Grained Pet Breed Classification\data\processed\images\Birman_112.jpg,7,Birman
yorkshire_terrier_176,C:\Users\mahmu\OneDrive\Desktop\Fine-Grained Pet Breed Classification\data\processed\images\yorkshire_terrier_176.jpg,37,yorkshire_terrier
english_setter_142,C:\Users\mahmu\OneDrive\Desktop\Fine-Grained Pet Breed Classification\data\processed\images\english_setter_142.jpg,14,english_setter
shiba_inu_156,C:\Users\mahmu\OneDrive\Desktop\Fine-Grained Pet Breed Classification\data\processed\images\shiba_inu_156.jpg,32,shiba_inu
scottish_terrier_168,C:\Users\mahmu\OneDrive\Desktop\Fine-Grained Pet Breed Classification\data\processed\images\scottish_terrier_168.jpg,31,scottish_terrier
Ragdoll_152,C:\Users\mahmu\OneDrive\Desktop\Fine-Grained Pet Breed Classification\data\processed\images\Ragdoll_152.jpg,27,Ragdoll
beagle_121,C:\Users\mahmu\OneDrive\Desktop\Fine-Grained Pet Breed Classification\data\processed\images\beagle_121.jpg,5,beagle
keeshond_114,C:\Users\mahmu\OneDrive\Desktop\Fine-Grained Pet Breed Classification\data\processed\images\keeshond_114.jpg,19,keeshond
Bengal_124,C:\Users\mahmu\OneDrive\Desktop\Fine-Grained Pet Breed Classification\data\processed\images\Bengal_124.jpg,6,Bengal
boxer_101,C:\Users\mahmu\OneDrive\Desktop\Fine-Grained Pet Breed Classification\data\processed\images\boxer_101.jpg,9,boxer
Bombay_1,C:\Users\mahmu\OneDrive\Desktop\Fine-Grained Pet Breed Classification\data\processed\images\Bombay_1.jpg,8,Bombay
Bengal_142,C:\Users\mahmu\OneDrive\Desktop\Fine-Grained Pet Breed Classification\data\processed\images\Bengal_142.jpg,6,Bengal
miniature_pinscher_109,C:\Users\mahmu\OneDrive\Desktop\Fine-Grained Pet Breed Classification\data\processed\images\miniature_pinscher_109.jpg,22,miniature_pinscher
Bombay_164,C:\Users\mahmu\OneDrive\Desktop\Fine-Grained Pet Breed Classification\data\processed\images\Bombay_164.jpg,8,Bombay
Abyssinian_160,C:\Users\mahmu\OneDrive\Desktop\Fine-Grained Pet Breed Classification\data\processed\images\Abyssinian_160.jpg,1,Abyssinian
newfoundland_172,C:\Users\mahmu\OneDrive\Desktop\Fine-Grained Pet Breed Classification\data\processed\images\newfoundland_172.jpg,23,newfoundland
British_Shorthair_17,C:\Users\mahmu\OneDrive\Desktop\Fine-Grained Pet Breed Classification\data\processed\images\British_Shorthair_17.jpg,10,British_Shorthair
miniature_pinscher_130,C:\Users\mahmu\OneDrive\Desktop\Fine-Grained Pet Breed Classification\data\processed\images\miniature_pinscher_130.jpg,22,miniature_pinscher
Maine_Coon_217,C:\Users\mahmu\OneDrive\Desktop\Fine-Grained Pet Breed Classification\data\processed\images\Maine_Coon_217.jpg,21,Maine_Coon
staffordshire_bull_terrier_121,C:\Users\mahmu\OneDrive\Desktop\Fine-Grained Pet Breed Classification\data\processed\images\staffordshire_bull_terrier_121.jpg,35,staffordshire_bull_terrier
Birman_153,C:\Users\mahmu\OneDrive\Desktop\Fine-Grained Pet Breed Classification\data\processed\images\Birman_153.jpg,7,Birman
yorkshire_terrier_125,C:\Users\mahmu\OneDrive\Desktop\Fine-Grained Pet Breed Classification\data\processed\images\yorkshire_terrier_125.jpg,37,yorkshire_terrier
Bombay_123,C:\Users\mahmu\OneDrive\Desktop\Fine-Grained Pet Breed Classification\data\processed\images\Bombay_123.jpg,8,Bombay
saint_bernard_123,C:\Users\mahmu\OneDrive\Desktop\Fine-Grained Pet Breed Classification\data\processed\images\saint_bernard_123.jpg,29,saint_bernard
keeshond_128,C:\Users\mahmu\OneDrive\Desktop\Fine-Grained Pet Breed Classification\data\processed\images\keeshond_128.jpg,19,keeshond
beagle_141,C:\Users\mahmu\OneDrive\Desktop\Fine-Grained Pet Breed Classification\data\processed\images\beagle_141.jpg,5,beagle
havanese_103,C:\Users\mahmu\OneDrive\Desktop\Fine-Grained Pet Breed Classification\data\processed\images\havanese_103.jpg,17,havanese
newfoundland_136,C:\Users\mahmu\OneDrive\Desktop\Fine-Grained Pet Breed Classification\data\processed\images\newfoundland_136.jpg,23,newfoundland
Bengal_111,C:\Users\mahmu\OneDrive\Desktop\Fine-Grained Pet Breed Classification\data\processed\images\Bengal_111.jpg,6,Bengal
shiba_inu_179,C:\Users\mahmu\OneDrive\Desktop\Fine-Grained Pet Breed Classification\data\processed\images\shiba_inu_179.jpg,32,shiba_inu
Bengal_159,C:\Users\mahmu\OneDrive\Desktop\Fine-Grained Pet Breed Classification\data\processed\images\Bengal_159.jpg,6,Bengal
basset_hound_102,C:\Users\mahmu\OneDrive\Desktop\Fine-Grained Pet Breed Classification\data\processed\images\basset_hound_102.jpg,4,basset_hound
Birman_156,C:\Users\mahmu\OneDrive\Desktop\Fine-Grained Pet Breed Classification\data\processed\images\Birman_156.jpg,7,Birman
havanese_135,C:\Users\mahmu\OneDrive\Desktop\Fine-Grained Pet Breed Classification\data\processed\images\havanese_135.jpg,17,havanese
miniature_pinscher_115,C:\Users\mahmu\OneDrive\Desktop\Fine-Grained Pet Breed Classification\data\processed\images\miniature_pinscher_115.jpg,22,miniature_pinscher
havanese_133,C:\Users\mahmu\OneDrive\Desktop\Fine-Grained Pet Breed Classification\data\processed\images\havanese_133.jpg,17,havanese
shiba_inu_128,C:\Users\mahmu\OneDrive\Desktop\Fine-Grained Pet Breed Classification\data\processed\images\shiba_inu_128.jpg,32,shiba_inu
miniature_pinscher_145,C:\Users\mahmu\OneDrive\Desktop\Fine-Grained Pet Breed Classification\data\processed\images\miniature_pinscher_145.jpg,22,miniature_pinscher
Sphynx_142,C:\Users\mahmu\OneDrive\Desktop\Fine-Grained Pet Breed Classification\data\processed\images\Sphynx_142.jpg,34,Sphynx
scottish_terrier_135,C:\Users\mahmu\OneDrive\Desktop\Fine-Grained Pet Breed Classification\data\processed\images\scottish_terrier_135.jpg,31,scottish_terrier
samoyed_178,C:\Users\mahmu\OneDrive\Desktop\Fine-Grained Pet Breed Classification\data\processed\images\samoyed_178.jpg,30,samoyed
german_shorthaired_121,C:\Users\mahmu\OneDrive\Desktop\Fine-Grained Pet Breed Classification\data\processed\images\german_shorthaired_121.jpg,15,german_shorthaired
samoyed_132,C:\Users\mahmu\OneDrive\Desktop\Fine-Grained Pet Breed Classification\data\processed\images\samoyed_132.jpg,30,samoyed
american_pit_bull_terrier_146,C:\Users\mahmu\OneDrive\Desktop\Fine-Grained Pet Breed Classification\data\processed\images\american_pit_bull_terrier_146.jpg,3,american_pit_bull_terrier
Egyptian_Mau_171,C:\Users\mahmu\OneDrive\Desktop\Fine-Grained Pet Breed Classification\data\processed\images\Egyptian_Mau_171.jpg,12,Egyptian_Mau
British_Shorthair_129,C:\Users\mahmu\OneDrive\Desktop\Fine-Grained Pet Breed Classification\data\processed\images\British_Shorthair_129.jpg,10,British_Shorthair
german_shorthaired_12,C:\Users\mahmu\OneDrive\Desktop\Fine-Grained Pet Breed Classification\data\processed\images\german_shorthaired_12.jpg,15,german_shorthaired
Siamese_163,C:\Users\mahmu\OneDrive\Desktop\Fine-Grained Pet Breed Classification\data\processed\images\Siamese_163.jpg,33,Siamese
Ragdoll_168,C:\Users\mahmu\OneDrive\Desktop\Fine-Grained Pet Breed Classification\data\processed\images\Ragdoll_168.jpg,27,Ragdoll
leonberger_186,C:\Users\mahmu\OneDrive\Desktop\Fine-Grained Pet Breed Classification\data\processed\images\leonberger_186.jpg,20,leonberger
chihuahua_10,C:\Users\mahmu\OneDrive\Desktop\Fine-Grained Pet Breed Classification\data\processed\images\chihuahua_10.jpg,11,chihuahua
Bengal_135,C:\Users\mahmu\OneDrive\Desktop\Fine-Grained Pet Breed Classification\data\processed\images\Bengal_135.jpg,6,Bengal
Birman_172,C:\Users\mahmu\OneDrive\Desktop\Fine-Grained Pet Breed Classification\data\processed\images\Birman_172.jpg,7,Birman
boxer_171,C:\Users\mahmu\OneDrive\Desktop\Fine-Grained Pet Breed Classification\data\processed\images\boxer_171.jpg,9,boxer
english_setter_166,C:\Users\mahmu\OneDrive\Desktop\Fine-Grained Pet Breed Classification\data\processed\images\english_setter_166.jpg,14,english_setter
Birman_165,C:\Users\mahmu\OneDrive\Desktop\Fine-Grained Pet Breed Classification\data\processed\images\Birman_165.jpg,7,Birman
beagle_18,C:\Users\mahmu\OneDrive\Desktop\Fine-Grained Pet Breed Classification\data\processed\images\beagle_18.jpg,5,beagle
pug_192,C:\Users\mahmu\OneDrive\Desktop\Fine-Grained Pet Breed Classification\data\processed\images\pug_192.jpg,26,pug
Persian_193,C:\Users\mahmu\OneDrive\Desktop\Fine-Grained Pet Breed Classification\data\processed\images\Persian_193.jpg,24,Persian
Egyptian_Mau_15,C:\Users\mahmu\OneDrive\Desktop\Fine-Grained Pet Breed Classification\data\processed\images\Egyptian_Mau_15.jpg,12,Egyptian_Mau
Siamese_193,C:\Users\mahmu\OneDrive\Desktop\Fine-Grained Pet Breed Classification\data\processed\images\Siamese_193.jpg,33,Siamese
Abyssinian_164,C:\Users\mahmu\OneDrive\Desktop\Fine-Grained Pet Breed Classification\data\processed\images\Abyssinian_164.jpg,1,Abyssinian
beagle_180,C:\Users\mahmu\OneDrive\Desktop\Fine-Grained Pet Breed Classification\data\processed\images\beagle_180.jpg,5,beagle
yorkshire_terrier_10,C:\Users\mahmu\OneDrive\Desktop\Fine-Grained Pet Breed Classification\data\processed\images\yorkshire_terrier_10.jpg,37,yorkshire_terrier
Egyptian_Mau_12,C:\Users\mahmu\OneDrive\Desktop\Fine-Grained Pet Breed Classification\data\processed\images\Egyptian_Mau_12.jpg,12,Egyptian_Mau
keeshond_181,C:\Users\mahmu\OneDrive\Desktop\Fine-Grained Pet Breed Classification\data\processed\images\keeshond_181.jpg,19,keeshond
Egyptian_Mau_116,C:\Users\mahmu\OneDrive\Desktop\Fine-Grained Pet Breed Classification\data\processed\images\Egyptian_Mau_116.jpg,12,Egyptian_Mau
Russian_Blue_106,C:\Users\mahmu\OneDrive\Desktop\Fine-Grained Pet Breed Classification\data\processed\images\Russian_Blue_106.jpg,28,Russian_Blue
Siamese_178,C:\Users\mahmu\OneDrive\Desktop\Fine-Grained Pet Breed Classification\data\processed\images\Siamese_178.jpg,33,Siamese
Abyssinian_104,C:\Users\mahmu\OneDrive\Desktop\Fine-Grained Pet Breed Classification\data\processed\images\Abyssinian_104.jpg,1,Abyssinian
american_bulldog_135,C:\Users\mahmu\OneDrive\Desktop\Fine-Grained Pet Breed Classification\data\processed\images\american_bulldog_135.jpg,2,american_bulldog
basset_hound_13,C:\Users\mahmu\OneDrive\Desktop\Fine-Grained Pet Breed Classification\data\processed\images\basset_hound_13.jpg,4,basset_hound
Ragdoll_140,C:\Users\mahmu\OneDrive\Desktop\Fine-Grained Pet Breed Classification\data\processed\images\Ragdoll_140.jpg,27,Ragdoll
american_bulldog_171,C:\Users\mahmu\OneDrive\Desktop\Fine-Grained Pet Breed Classification\data\processed\images\american_bulldog_171.jpg,2,american_bulldog
miniature_pinscher_114,C:\Users\mahmu\OneDrive\Desktop\Fine-Grained Pet Breed Classification\data\processed\images\miniature_pinscher_114.jpg,22,miniature_pinscher
great_pyrenees_168,C:\Users\mahmu\OneDrive\Desktop\Fine-Grained Pet Breed Classification\data\processed\images\great_pyrenees_168.jpg,16,great_pyrenees
havanese_175,C:\Users\mahmu\OneDrive\Desktop\Fine-Grained Pet Breed Classification\data\processed\images\havanese_175.jpg,17,havanese
english_setter_123,C:\Users\mahmu\OneDrive\Desktop\Fine-Grained Pet Breed Classification\data\processed\images\english_setter_123.jpg,14,english_setter
scottish_terrier_159,C:\Users\mahmu\OneDrive\Desktop\Fine-Grained Pet Breed Classification\data\processed\images\scottish_terrier_159.jpg,31,scottish_terrier
havanese_121,C:\Users\mahmu\OneDrive\Desktop\Fine-Grained Pet Breed Classification\data\processed\images\havanese_121.jpg,17,havanese
Bengal_121,C:\Users\mahmu\OneDrive\Desktop\Fine-Grained Pet Breed Classification\data\processed\images\Bengal_121.jpg,6,Bengal
Ragdoll_138,C:\Users\mahmu\OneDrive\Desktop\Fine-Grained Pet Breed Classification\data\processed\images\Ragdoll_138.jpg,27,Ragdoll
staffordshire_bull_terrier_132,C:\Users\mahmu\OneDrive\Desktop\Fine-Grained Pet Breed Classification\data\processed\images\staffordshire_bull_terrier_132.jpg,35,staffordshire_bull_terrier
saint_bernard_12,C:\Users\mahmu\OneDrive\Desktop\Fine-Grained Pet Breed Classification\data\processed\images\saint_bernard_12.jpg,29,saint_bernard
wheaten_terrier_116,C:\Users\mahmu\OneDrive\Desktop\Fine-Grained Pet Breed Classification\data\processed\images\wheaten_terrier_116.jpg,36,wheaten_terrier
saint_bernard_168,C:\Users\mahmu\OneDrive\Desktop\Fine-Grained Pet Breed Classification\data\processed\images\saint_bernard_168.jpg,29,saint_bernard
Bombay_118,C:\Users\mahmu\OneDrive\Desktop\Fine-Grained Pet Breed Classification\data\processed\images\Bombay_118.jpg,8,Bombay
english_cocker_spaniel_139,C:\Users\mahmu\OneDrive\Desktop\Fine-Grained Pet Breed Classification\data\processed\images\english_cocker_spaniel_139.jpg,13,english_cocker_spaniel
japanese_chin_123,C:\Users\mahmu\OneDrive\Desktop\Fine-Grained Pet Breed Classification\data\processed\images\japanese_chin_123.jpg,18,japanese_chin
Russian_Blue_18,C:\Users\mahmu\OneDrive\Desktop\Fine-Grained Pet Breed Classification\data\processed\images\Russian_Blue_18.jpg,28,Russian_Blue
keeshond_126,C:\Users\mahmu\OneDrive\Desktop\Fine-Grained Pet Breed Classification\data\processed\images\keeshond_126.jpg,19,keeshond
havanese_118,C:\Users\mahmu\OneDrive\Desktop\Fine-Grained Pet Breed Classification\data\processed\images\havanese_118.jpg,17,havanese
shiba_inu_11,C:\Users\mahmu\OneDrive\Desktop\Fine-Grained Pet Breed Classification\data\processed\images\shiba_inu_11.jpg,32,shiba_inu
english_setter_103,C:\Users\mahmu\OneDrive\Desktop\Fine-Grained Pet Breed Classification\data\processed\images\english_setter_103.jpg,14,english_setter
american_bulldog_166,C:\Users\mahmu\OneDrive\Desktop\Fine-Grained Pet Breed Classification\data\processed\images\american_bulldog_166.jpg,2,american_bulldog
Bengal_146,C:\Users\mahmu\OneDrive\Desktop\Fine-Grained Pet Breed Classification\data\processed\images\Bengal_146.jpg,6,Bengal
Maine_Coon_164,C:\Users\mahmu\OneDrive\Desktop\Fine-Grained Pet Breed Classification\data\processed\images\Maine_Coon_164.jpg,21,Maine_Coon
shiba_inu_103,C:\Users\mahmu\OneDrive\Desktop\Fine-Grained Pet Breed Classification\data\processed\images\shiba_inu_103.jpg,32,shiba_inu
english_cocker_spaniel_119,C:\Users\mahmu\OneDrive\Desktop\Fine-Grained Pet Breed Classification\data\processed\images\english_cocker_spaniel_119.jpg,13,english_cocker_spaniel
saint_bernard_111,C:\Users\mahmu\OneDrive\Desktop\Fine-Grained Pet Breed Classification\data\processed\images\saint_bernard_111.jpg,29,saint_bernard
wheaten_terrier_188,C:\Users\mahmu\OneDrive\Desktop\Fine-Grained Pet Breed Classification\data\processed\images\wheaten_terrier_188.jpg,36,wheaten_terrier
boxer_190,C:\Users\mahmu\OneDrive\Desktop\Fine-Grained Pet Breed Classification\data\processed\images\boxer_190.jpg,9,boxer
Birman_185,C:\Users\mahmu\OneDrive\Desktop\Fine-Grained Pet Breed Classification\data\processed\images\Birman_185.jpg,7,Birman
Ragdoll_10,C:\Users\mahmu\OneDrive\Desktop\Fine-Grained Pet Breed Classification\data\processed\images\Ragdoll_10.jpg,27,Ragdoll
staffordshire_bull_terrier_185,C:\Users\mahmu\OneDrive\Desktop\Fine-Grained Pet Breed Classification\data\processed\images\staffordshire_bull_terrier_185.jpg,35,staffordshire_bull_terrier
boxer_136,C:\Users\mahmu\OneDrive\Desktop\Fine-Grained Pet Breed Classification\data\processed\images\boxer_136.jpg,9,boxer
Abyssinian_126,C:\Users\mahmu\OneDrive\Desktop\Fine-Grained Pet Breed Classification\data\processed\images\Abyssinian_126.jpg,1,Abyssinian
japanese_chin_155,C:\Users\mahmu\OneDrive\Desktop\Fine-Grained Pet Breed Classification\data\processed\images\japanese_chin_155.jpg,18,japanese_chin
Abyssinian_16,C:\Users\mahmu\OneDrive\Desktop\Fine-Grained Pet Breed Classification\data\processed\images\Abyssinian_16.jpg,1,Abyssinian
english_setter_106,C:\Users\mahmu\OneDrive\Desktop\Fine-Grained Pet Breed Classification\data\processed\images\english_setter_106.jpg,14,english_setter
staffordshire_bull_terrier_138,C:\Users\mahmu\OneDrive\Desktop\Fine-Grained Pet Breed Classification\data\processed\images\staffordshire_bull_terrier_138.jpg,35,staffordshire_bull_terrier
english_cocker_spaniel_166,C:\Users\mahmu\OneDrive\Desktop\Fine-Grained Pet Breed Classification\data\processed\images\english_cocker_spaniel_166.jpg,13,english_cocker_spaniel
german_shorthaired_116,C:\Users\mahmu\OneDrive\Desktop\Fine-Grained Pet Breed Classification\data\processed\images\german_shorthaired_116.jpg,15,german_shorthaired
wheaten_terrier_137,C:\Users\mahmu\OneDrive\Desktop\Fine-Grained Pet Breed Classification\data\processed\images\wheaten_terrier_137.jpg,36,wheaten_terrier
pomeranian_153,C:\Users\mahmu\OneDrive\Desktop\Fine-Grained Pet Breed Classification\data\processed\images\pomeranian_153.jpg,25,pomeranian
miniature_pinscher_107,C:\Users\mahmu\OneDrive\Desktop\Fine-Grained Pet Breed Classification\data\processed\images\miniature_pinscher_107.jpg,22,miniature_pinscher
Ragdoll_142,C:\Users\mahmu\OneDrive\Desktop\Fine-Grained Pet Breed Classification\data\processed\images\Ragdoll_142.jpg,27,Ragdoll
great_pyrenees_12,C:\Users\mahmu\OneDrive\Desktop\Fine-Grained Pet Breed Classification\data\processed\images\great_pyrenees_12.jpg,16,great_pyrenees
basset_hound_175,C:\Users\mahmu\OneDrive\Desktop\Fine-Grained Pet Breed Classification\data\processed\images\basset_hound_175.jpg,4,basset_hound
pug_181,C:\Users\mahmu\OneDrive\Desktop\Fine-Grained Pet Breed Classification\data\processed\images\pug_181.jpg,26,pug
Siamese_142,C:\Users\mahmu\OneDrive\Desktop\Fine-Grained Pet Breed Classification\data\processed\images\Siamese_142.jpg,33,Siamese
american_pit_bull_terrier_113,C:\Users\mahmu\OneDrive\Desktop\Fine-Grained Pet Breed Classification\data\processed\images\american_pit_bull_terrier_113.jpg,3,american_pit_bull_terrier
Abyssinian_148,C:\Users\mahmu\OneDrive\Desktop\Fine-Grained Pet Breed Classification\data\processed\images\Abyssinian_148.jpg,1,Abyssinian
english_setter_17,C:\Users\mahmu\OneDrive\Desktop\Fine-Grained Pet Breed Classification\data\processed\images\english_setter_17.jpg,14,english_setter
samoyed_147,C:\Users\mahmu\OneDrive\Desktop\Fine-Grained Pet Breed Classification\data\processed\images\samoyed_147.jpg,30,samoyed
staffordshire_bull_terrier_115,C:\Users\mahmu\OneDrive\Desktop\Fine-Grained Pet Breed Classification\data\processed\images\staffordshire_bull_terrier_115.jpg,35,staffordshire_bull_terrier
american_pit_bull_terrier_167,C:\Users\mahmu\OneDrive\Desktop\Fine-Grained Pet Breed Classification\data\processed\images\american_pit_bull_terrier_167.jpg,3,american_pit_bull_terrier
yorkshire_terrier_140,C:\Users\mahmu\OneDrive\Desktop\Fine-Grained Pet Breed Classification\data\processed\images\yorkshire_terrier_140.jpg,37,yorkshire_terrier
Sphynx_17,C:\Users\mahmu\OneDrive\Desktop\Fine-Grained Pet Breed Classification\data\processed\images\Sphynx_17.jpg,34,Sphynx
newfoundland_184,C:\Users\mahmu\OneDrive\Desktop\Fine-Grained Pet Breed Classification\data\processed\images\newfoundland_184.jpg,23,newfoundland
english_cocker_spaniel_170,C:\Users\mahmu\OneDrive\Desktop\Fine-Grained Pet Breed Classification\data\processed\images\english_cocker_spaniel_170.jpg,13,english_cocker_spaniel
beagle_15,C:\Users\mahmu\OneDrive\Desktop\Fine-Grained Pet Breed Classification\data\processed\images\beagle_15.jpg,5,beagle
leonberger_115,C:\Users\mahmu\OneDrive\Desktop\Fine-Grained Pet Breed Classification\data\processed\images\leonberger_115.jpg,20,leonberger
german_shorthaired_139,C:\Users\mahmu\OneDrive\Desktop\Fine-Grained Pet Breed Classification\data\processed\images\german_shorthaired_139.jpg,15,german_shorthaired
keeshond_122,C:\Users\mahmu\OneDrive\Desktop\Fine-Grained Pet Breed Classification\data\processed\images\keeshond_122.jpg,19,keeshond
newfoundland_146,C:\Users\mahmu\OneDrive\Desktop\Fine-Grained Pet Breed Classification\data\processed\images\newfoundland_146.jpg,23,newfoundland
saint_bernard_152,C:\Users\mahmu\OneDrive\Desktop\Fine-Grained Pet Breed Classification\data\processed\images\saint_bernard_152.jpg,29,saint_bernard
miniature_pinscher_179,C:\Users\mahmu\OneDrive\Desktop\Fine-Grained Pet Breed Classification\data\processed\images\miniature_pinscher_179.jpg,22,miniature_pinscher
Persian_103,C:\Users\mahmu\OneDrive\Desktop\Fine-Grained Pet Breed Classification\data\processed\images\Persian_103.jpg,24,Persian
Sphynx_116,C:\Users\mahmu\OneDrive\Desktop\Fine-Grained Pet Breed Classification\data\processed\images\Sphynx_116.jpg,34,Sphynx
miniature_pinscher_183,C:\Users\mahmu\OneDrive\Desktop\Fine-Grained Pet Breed Classification\data\processed\images\miniature_pinscher_183.jpg,22,miniature_pinscher
saint_bernard_101,C:\Users\mahmu\OneDrive\Desktop\Fine-Grained Pet Breed Classification\data\processed\images\saint_bernard_101.jpg,29,saint_bernard
pug_167,C:\Users\mahmu\OneDrive\Desktop\Fine-Grained Pet Breed Classification\data\processed\images\pug_167.jpg,26,pug
pug_163,C:\Users\mahmu\OneDrive\Desktop\Fine-Grained Pet Breed Classification\data\processed\images\pug_163.jpg,26,pug
leonberger_161,C:\Users\mahmu\OneDrive\Desktop\Fine-Grained Pet Breed Classification\data\processed\images\leonberger_161.jpg,20,leonberger
Abyssinian_192,C:\Users\mahmu\OneDrive\Desktop\Fine-Grained Pet Breed Classification\data\processed\images\Abyssinian_192.jpg,1,Abyssinian
saint_bernard_136,C:\Users\mahmu\OneDrive\Desktop\Fine-Grained Pet Breed Classification\data\processed\images\saint_bernard_136.jpg,29,saint_bernard
Abyssinian_128,C:\Users\mahmu\OneDrive\Desktop\Fine-Grained Pet Breed Classification\data\processed\images\Abyssinian_128.jpg,1,Abyssinian
yorkshire_terrier_153,C:\Users\mahmu\OneDrive\Desktop\Fine-Grained Pet Breed Classification\data\processed\images\yorkshire_terrier_153.jpg,37,yorkshire_terrier
shiba_inu_153,C:\Users\mahmu\OneDrive\Desktop\Fine-Grained Pet Breed Classification\data\processed\images\shiba_inu_153.jpg,32,shiba_inu
saint_bernard_125,C:\Users\mahmu\OneDrive\Desktop\Fine-Grained Pet Breed Classification\data\processed\images\saint_bernard_125.jpg,29,saint_bernard
boxer_140,C:\Users\mahmu\OneDrive\Desktop\Fine-Grained Pet Breed Classification\data\processed\images\boxer_140.jpg,9,boxer
pomeranian_152,C:\Users\mahmu\OneDrive\Desktop\Fine-Grained Pet Breed Classification\data\processed\images\pomeranian_152.jpg,25,pomeranian
Bombay_117,C:\Users\mahmu\OneDrive\Desktop\Fine-Grained Pet Breed Classification\data\processed\images\Bombay_117.jpg,8,Bombay
basset_hound_16,C:\Users\mahmu\OneDrive\Desktop\Fine-Grained Pet Breed Classification\data\processed\images\basset_hound_16.jpg,4,basset_hound
Maine_Coon_157,C:\Users\mahmu\OneDrive\Desktop\Fine-Grained Pet Breed Classification\data\processed\images\Maine_Coon_157.jpg,21,Maine_Coon
boxer_188,C:\Users\mahmu\OneDrive\Desktop\Fine-Grained Pet Breed Classification\data\processed\images\boxer_188.jpg,9,boxer
english_cocker_spaniel_117,C:\Users\mahmu\OneDrive\Desktop\Fine-Grained Pet Breed Classification\data\processed\images\english_cocker_spaniel_117.jpg,13,english_cocker_spaniel
great_pyrenees_140,C:\Users\mahmu\OneDrive\Desktop\Fine-Grained Pet Breed Classification\data\processed\images\great_pyrenees_140.jpg,16,great_pyrenees
basset_hound_184,C:\Users\mahmu\OneDrive\Desktop\Fine-Grained Pet Breed Classification\data\processed\images\basset_hound_184.jpg,4,basset_hound
basset_hound_171,C:\Users\mahmu\OneDrive\Desktop\Fine-Grained Pet Breed Classification\data\processed\images\basset_hound_171.jpg,4,basset_hound
shiba_inu_144,C:\Users\mahmu\OneDrive\Desktop\Fine-Grained Pet Breed Classification\data\processed\images\shiba_inu_144.jpg,32,shiba_inu
yorkshire_terrier_149,C:\Users\mahmu\OneDrive\Desktop\Fine-Grained Pet Breed Classification\data\processed\images\yorkshire_terrier_149.jpg,37,yorkshire_terrier
staffordshire_bull_terrier_130,C:\Users\mahmu\OneDrive\Desktop\Fine-Grained Pet Breed Classification\data\processed\images\staffordshire_bull_terrier_130.jpg,35,staffordshire_bull_terrier
leonberger_10,C:\Users\mahmu\OneDrive\Desktop\Fine-Grained Pet Breed Classification\data\processed\images\leonberger_10.jpg,20,leonberger
shiba_inu_165,C:\Users\mahmu\OneDrive\Desktop\Fine-Grained Pet Breed Classification\data\processed\images\shiba_inu_165.jpg,32,shiba_inu
boxer_162,C:\Users\mahmu\OneDrive\Desktop\Fine-Grained Pet Breed Classification\data\processed\images\boxer_162.jpg,9,boxer
havanese_155,C:\Users\mahmu\OneDrive\Desktop\Fine-Grained Pet Breed Classification\data\processed\images\havanese_155.jpg,17,havanese
english_cocker_spaniel_133,C:\Users\mahmu\OneDrive\Desktop\Fine-Grained Pet Breed Classification\data\processed\images\english_cocker_spaniel_133.jpg,13,english_cocker_spaniel
Birman_147,C:\Users\mahmu\OneDrive\Desktop\Fine-Grained Pet Breed Classification\data\processed\images\Birman_147.jpg,7,Birman
basset_hound_18,C:\Users\mahmu\OneDrive\Desktop\Fine-Grained Pet Breed Classification\data\processed\images\basset_hound_18.jpg,4,basset_hound
British_Shorthair_179,C:\Users\mahmu\OneDrive\Desktop\Fine-Grained Pet Breed Classification\data\processed\images\British_Shorthair_179.jpg,10,British_Shorthair
english_cocker_spaniel_131,C:\Users\mahmu\OneDrive\Desktop\Fine-Grained Pet Breed Classification\data\processed\images\english_cocker_spaniel_131.jpg,13,english_cocker_spaniel
Ragdoll_143,C:\Users\mahmu\OneDrive\Desktop\Fine-Grained Pet Breed Classification\data\processed\images\Ragdoll_143.jpg,27,Ragdoll
english_cocker_spaniel_144,C:\Users\mahmu\OneDrive\Desktop\Fine-Grained Pet Breed Classification\data\processed\images\english_cocker_spaniel_144.jpg,13,english_cocker_spaniel
newfoundland_106,C:\Users\mahmu\OneDrive\Desktop\Fine-Grained Pet Breed Classification\data\processed\images\newfoundland_106.jpg,23,newfoundland
saint_bernard_10,C:\Users\mahmu\OneDrive\Desktop\Fine-Grained Pet Breed Classification\data\processed\images\saint_bernard_10.jpg,29,saint_bernard
Siamese_136,C:\Users\mahmu\OneDrive\Desktop\Fine-Grained Pet Breed Classification\data\processed\images\Siamese_136.jpg,33,Siamese
basset_hound_113,C:\Users\mahmu\OneDrive\Desktop\Fine-Grained Pet Breed Classification\data\processed\images\basset_hound_113.jpg,4,basset_hound
Egyptian_Mau_117,C:\Users\mahmu\OneDrive\Desktop\Fine-Grained Pet Breed Classification\data\processed\images\Egyptian_Mau_117.jpg,12,Egyptian_Mau
Ragdoll_107,C:\Users\mahmu\OneDrive\Desktop\Fine-Grained Pet Breed Classification\data\processed\images\Ragdoll_107.jpg,27,Ragdoll
havanese_130,C:\Users\mahmu\OneDrive\Desktop\Fine-Grained Pet Breed Classification\data\processed\images\havanese_130.jpg,17,havanese
Ragdoll_194,C:\Users\mahmu\OneDrive\Desktop\Fine-Grained Pet Breed Classification\data\processed\images\Ragdoll_194.jpg,27,Ragdoll
saint_bernard_139,C:\Users\mahmu\OneDrive\Desktop\Fine-Grained Pet Breed Classification\data\processed\images\saint_bernard_139.jpg,29,saint_bernard
american_bulldog_115,C:\Users\mahmu\OneDrive\Desktop\Fine-Grained Pet Breed Classification\data\processed\images\american_bulldog_115.jpg,2,american_bulldog
miniature_pinscher_118,C:\Users\mahmu\OneDrive\Desktop\Fine-Grained Pet Breed Classification\data\processed\images\miniature_pinscher_118.jpg,22,miniature_pinscher
Sphynx_102,C:\Users\mahmu\OneDrive\Desktop\Fine-Grained Pet Breed Classification\data\processed\images\Sphynx_102.jpg,34,Sphynx
Persian_129,C:\Users\mahmu\OneDrive\Desktop\Fine-Grained Pet Breed Classification\data\processed\images\Persian_129.jpg,24,Persian
Maine_Coon_16,C:\Users\mahmu\OneDrive\Desktop\Fine-Grained Pet Breed Classification\data\processed\images\Maine_Coon_16.jpg,21,Maine_Coon
Sphynx_181,C:\Users\mahmu\OneDrive\Desktop\Fine-Grained Pet Breed Classification\data\processed\images\Sphynx_181.jpg,34,Sphynx
japanese_chin_175,C:\Users\mahmu\OneDrive\Desktop\Fine-Grained Pet Breed Classification\data\processed\images\japanese_chin_175.jpg,18,japanese_chin
pug_115,C:\Users\mahmu\OneDrive\Desktop\Fine-Grained Pet Breed Classification\data\processed\images\pug_115.jpg,26,pug
Russian_Blue_170,C:\Users\mahmu\OneDrive\Desktop\Fine-Grained Pet Breed Classification\data\processed\images\Russian_Blue_170.jpg,28,Russian_Blue
pug_128,C:\Users\mahmu\OneDrive\Desktop\Fine-Grained Pet Breed Classification\data\processed\images\pug_128.jpg,26,pug
yorkshire_terrier_159,C:\Users\mahmu\OneDrive\Desktop\Fine-Grained Pet Breed Classification\data\processed\images\yorkshire_terrier_159.jpg,37,yorkshire_terrier
keeshond_159,C:\Users\mahmu\OneDrive\Desktop\Fine-Grained Pet Breed Classification\data\processed\images\keeshond_159.jpg,19,keeshond
Egyptian_Mau_149,C:\Users\mahmu\OneDrive\Desktop\Fine-Grained Pet Breed Classification\data\processed\images\Egyptian_Mau_149.jpg,12,Egyptian_Mau
basset_hound_159,C:\Users\mahmu\OneDrive\Desktop\Fine-Grained Pet Breed Classification\data\processed\images\basset_hound_159.jpg,4,basset_hound
japanese_chin_140,C:\Users\mahmu\OneDrive\Desktop\Fine-Grained Pet Breed Classification\data\processed\images\japanese_chin_140.jpg,18,japanese_chin
keeshond_150,C:\Users\mahmu\OneDrive\Desktop\Fine-Grained Pet Breed Classification\data\processed\images\keeshond_150.jpg,19,keeshond
samoyed_173,C:\Users\mahmu\OneDrive\Desktop\Fine-Grained Pet Breed Classification\data\processed\images\samoyed_173.jpg,30,samoyed
english_setter_170,C:\Users\mahmu\OneDrive\Desktop\Fine-Grained Pet Breed Classification\data\processed\images\english_setter_170.jpg,14,english_setter
great_pyrenees_100,C:\Users\mahmu\OneDrive\Desktop\Fine-Grained Pet Breed Classification\data\processed\images\great_pyrenees_100.jpg,16,great_pyrenees
american_bulldog_141,C:\Users\mahmu\OneDrive\Desktop\Fine-Grained Pet Breed Classification\data\processed\images\american_bulldog_141.jpg,2,american_bulldog
yorkshire_terrier_177,C:\Users\mahmu\OneDrive\Desktop\Fine-Grained Pet Breed Classification\data\processed\images\yorkshire_terrier_177.jpg,37,yorkshire_terrier
Siamese_146,C:\Users\mahmu\OneDrive\Desktop\Fine-Grained Pet Breed Classification\data\processed\images\Siamese_146.jpg,33,Siamese
chihuahua_109,C:\Users\mahmu\OneDrive\Desktop\Fine-Grained Pet Breed Classification\data\processed\images\chihuahua_109.jpg,11,chihuahua
Russian_Blue_198,C:\Users\mahmu\OneDrive\Desktop\Fine-Grained Pet Breed Classification\data\processed\images\Russian_Blue_198.jpg,28,Russian_Blue
wheaten_terrier_114,C:\Users\mahmu\OneDrive\Desktop\Fine-Grained Pet Breed Classification\data\processed\images\wheaten_terrier_114.jpg,36,wheaten_terrier
wheaten_terrier_135,C:\Users\mahmu\OneDrive\Desktop\Fine-Grained Pet Breed Classification\data\processed\images\wheaten_terrier_135.jpg,36,wheaten_terrier
Bombay_101,C:\Users\mahmu\OneDrive\Desktop\Fine-Grained Pet Breed Classification\data\processed\images\Bombay_101.jpg,8,Bombay
Abyssinian_18,C:\Users\mahmu\OneDrive\Desktop\Fine-Grained Pet Breed Classification\data\processed\images\Abyssinian_18.jpg,1,Abyssinian
great_pyrenees_103,C:\Users\mahmu\OneDrive\Desktop\Fine-Grained Pet Breed Classification\data\processed\images\great_pyrenees_103.jpg,16,great_pyrenees
newfoundland_161,C:\Users\mahmu\OneDrive\Desktop\Fine-Grained Pet Breed Classification\data\processed\images\newfoundland_161.jpg,23,newfoundland
Persian_105,C:\Users\mahmu\OneDrive\Desktop\Fine-Grained Pet Breed Classification\data\processed\images\Persian_105.jpg,24,Persian
British_Shorthair_149,C:\Users\mahmu\OneDrive\Desktop\Fine-Grained Pet Breed Classification\data\processed\images\British_Shorthair_149.jpg,10,British_Shorthair
shiba_inu_161,C:\Users\mahmu\OneDrive\Desktop\Fine-Grained Pet Breed Classification\data\processed\images\shiba_inu_161.jpg,32,shiba_inu
american_bulldog_138,C:\Users\mahmu\OneDrive\Desktop\Fine-Grained Pet Breed Classification\data\processed\images\american_bulldog_138.jpg,2,american_bulldog
Sphynx_172,C:\Users\mahmu\OneDrive\Desktop\Fine-Grained Pet Breed Classification\data\processed\images\Sphynx_172.jpg,34,Sphynx
Bengal_163,C:\Users\mahmu\OneDrive\Desktop\Fine-Grained Pet Breed Classification\data\processed\images\Bengal_163.jpg,6,Bengal
japanese_chin_110,C:\Users\mahmu\OneDrive\Desktop\Fine-Grained Pet Breed Classification\data\processed\images\japanese_chin_110.jpg,18,japanese_chin
leonberger_151,C:\Users\mahmu\OneDrive\Desktop\Fine-Grained Pet Breed Classification\data\processed\images\leonberger_151.jpg,20,leonberger
miniature_pinscher_137,C:\Users\mahmu\OneDrive\Desktop\Fine-Grained Pet Breed Classification\data\processed\images\miniature_pinscher_137.jpg,22,miniature_pinscher
chihuahua_179,C:\Users\mahmu\OneDrive\Desktop\Fine-Grained Pet Breed Classification\data\processed\images\chihuahua_179.jpg,11,chihuahua
havanese_134,C:\Users\mahmu\OneDrive\Desktop\Fine-Grained Pet Breed Classification\data\processed\images\havanese_134.jpg,17,havanese
english_cocker_spaniel_121,C:\Users\mahmu\OneDrive\Desktop\Fine-Grained Pet Breed Classification\data\processed\images\english_cocker_spaniel_121.jpg,13,english_cocker_spaniel
german_shorthaired_107,C:\Users\mahmu\OneDrive\Desktop\Fine-Grained Pet Breed Classification\data\processed\images\german_shorthaired_107.jpg,15,german_shorthaired
chihuahua_168,C:\Users\mahmu\OneDrive\Desktop\Fine-Grained Pet Breed Classification\data\processed\images\chihuahua_168.jpg,11,chihuahua
german_shorthaired_158,C:\Users\mahmu\OneDrive\Desktop\Fine-Grained Pet Breed Classification\data\processed\images\german_shorthaired_158.jpg,15,german_shorthaired
chihuahua_128,C:\Users\mahmu\OneDrive\Desktop\Fine-Grained Pet Breed Classification\data\processed\images\chihuahua_128.jpg,11,chihuahua
keeshond_184,C:\Users\mahmu\OneDrive\Desktop\Fine-Grained Pet Breed Classification\data\processed\images\keeshond_184.jpg,19,keeshond
beagle_191,C:\Users\mahmu\OneDrive\Desktop\Fine-Grained Pet Breed Classification\data\processed\images\beagle_191.jpg,5,beagle
Bombay_181,C:\Users\mahmu\OneDrive\Desktop\Fine-Grained Pet Breed Classification\data\processed\images\Bombay_181.jpg,8,Bombay
scottish_terrier_171,C:\Users\mahmu\OneDrive\Desktop\Fine-Grained Pet Breed Classification\data\processed\images\scottish_terrier_171.jpg,31,scottish_terrier
great_pyrenees_111,C:\Users\mahmu\OneDrive\Desktop\Fine-Grained Pet Breed Classification\data\processed\images\great_pyrenees_111.jpg,16,great_pyrenees
great_pyrenees_125,C:\Users\mahmu\OneDrive\Desktop\Fine-Grained Pet Breed Classification\data\processed\images\great_pyrenees_125.jpg,16,great_pyrenees
newfoundland_190,C:\Users\mahmu\OneDrive\Desktop\Fine-Grained Pet Breed Classification\data\processed\images\newfoundland_190.jpg,23,newfoundland
scottish_terrier_113,C:\Users\mahmu\OneDrive\Desktop\Fine-Grained Pet Breed Classification\data\processed\images\scottish_terrier_113.jpg,31,scottish_terrier
german_shorthaired_13,C:\Users\mahmu\OneDrive\Desktop\Fine-Grained Pet Breed Classification\data\processed\images\german_shorthaired_13.jpg,15,german_shorthaired
pomeranian_172,C:\Users\mahmu\OneDrive\Desktop\Fine-Grained Pet Breed Classification\data\processed\images\pomeranian_172.jpg,25,pomeranian
havanese_132,C:\Users\mahmu\OneDrive\Desktop\Fine-Grained Pet Breed Classification\data\processed\images\havanese_132.jpg,17,havanese
Egyptian_Mau_155,C:\Users\mahmu\OneDrive\Desktop\Fine-Grained Pet Breed Classification\data\processed\images\Egyptian_Mau_155.jpg,12,Egyptian_Mau
Russian_Blue_112,C:\Users\mahmu\OneDrive\Desktop\Fine-Grained Pet Breed Classification\data\processed\images\Russian_Blue_112.jpg,28,Russian_Blue
english_cocker_spaniel_151,C:\Users\mahmu\OneDrive\Desktop\Fine-Grained Pet Breed Classification\data\processed\images\english_cocker_spaniel_151.jpg,13,english_cocker_spaniel
Sphynx_133,C:\Users\mahmu\OneDrive\Desktop\Fine-Grained Pet Breed Classification\data\processed\images\Sphynx_133.jpg,34,Sphynx
Ragdoll_122,C:\Users\mahmu\OneDrive\Desktop\Fine-Grained Pet Breed Classification\data\processed\images\Ragdoll_122.jpg,27,Ragdoll
beagle_123,C:\Users\mahmu\OneDrive\Desktop\Fine-Grained Pet Breed Classification\data\processed\images\beagle_123.jpg,5,beagle
wheaten_terrier_169,C:\Users\mahmu\OneDrive\Desktop\Fine-Grained Pet Breed Classification\data\processed\images\wheaten_terrier_169.jpg,36,wheaten_terrier
boxer_161,C:\Users\mahmu\OneDrive\Desktop\Fine-Grained Pet Breed Classification\data\processed\images\boxer_161.jpg,9,boxer
american_pit_bull_terrier_155,C:\Users\mahmu\OneDrive\Desktop\Fine-Grained Pet Breed Classification\data\processed\images\american_pit_bull_terrier_155.jpg,3,american_pit_bull_terrier
havanese_168,C:\Users\mahmu\OneDrive\Desktop\Fine-Grained Pet Breed Classification\data\processed\images\havanese_168.jpg,17,havanese
Bombay_167,C:\Users\mahmu\OneDrive\Desktop\Fine-Grained Pet Breed Classification\data\processed\images\Bombay_167.jpg,8,Bombay
Bengal_172,C:\Users\mahmu\OneDrive\Desktop\Fine-Grained Pet Breed Classification\data\processed\images\Bengal_172.jpg,6,Bengal
leonberger_155,C:\Users\mahmu\OneDrive\Desktop\Fine-Grained Pet Breed Classification\data\processed\images\leonberger_155.jpg,20,leonberger
japanese_chin_183,C:\Users\mahmu\OneDrive\Desktop\Fine-Grained Pet Breed Classification\data\processed\images\japanese_chin_183.jpg,18,japanese_chin
Egyptian_Mau_194,C:\Users\mahmu\OneDrive\Desktop\Fine-Grained Pet Breed Classification\data\processed\images\Egyptian_Mau_194.jpg,12,Egyptian_Mau
Ragdoll_151,C:\Users\mahmu\OneDrive\Desktop\Fine-Grained Pet Breed Classification\data\processed\images\Ragdoll_151.jpg,27,Ragdoll
great_pyrenees_142,C:\Users\mahmu\OneDrive\Desktop\Fine-Grained Pet Breed Classification\data\processed\images\great_pyrenees_142.jpg,16,great_pyrenees
chihuahua_118,C:\Users\mahmu\OneDrive\Desktop\Fine-Grained Pet Breed Classification\data\processed\images\chihuahua_118.jpg,11,chihuahua
Ragdoll_131,C:\Users\mahmu\OneDrive\Desktop\Fine-Grained Pet Breed Classification\data\processed\images\Ragdoll_131.jpg,27,Ragdoll
pug_169,C:\Users\mahmu\OneDrive\Desktop\Fine-Grained Pet Breed Classification\data\processed\images\pug_169.jpg,26,pug
keeshond_117,C:\Users\mahmu\OneDrive\Desktop\Fine-Grained Pet Breed Classification\data\processed\images\keeshond_117.jpg,19,keeshond
american_bulldog_187,C:\Users\mahmu\OneDrive\Desktop\Fine-Grained Pet Breed Classification\data\processed\images\american_bulldog_187.jpg,2,american_bulldog
Ragdoll_161,C:\Users\mahmu\OneDrive\Desktop\Fine-Grained Pet Breed Classification\data\processed\images\Ragdoll_161.jpg,27,Ragdoll
Russian_Blue_165,C:\Users\mahmu\OneDrive\Desktop\Fine-Grained Pet Breed Classification\data\processed\images\Russian_Blue_165.jpg,28,Russian_Blue
Ragdoll_177,C:\Users\mahmu\OneDrive\Desktop\Fine-Grained Pet Breed Classification\data\processed\images\Ragdoll_177.jpg,27,Ragdoll
Russian_Blue_168,C:\Users\mahmu\OneDrive\Desktop\Fine-Grained Pet Breed Classification\data\processed\images\Russian_Blue_168.jpg,28,Russian_Blue
scottish_terrier_164,C:\Users\mahmu\OneDrive\Desktop\Fine-Grained Pet Breed Classification\data\processed\images\scottish_terrier_164.jpg,31,scottish_terrier
staffordshire_bull_terrier_102,C:\Users\mahmu\OneDrive\Desktop\Fine-Grained Pet Breed Classification\data\processed\images\staffordshire_bull_terrier_102.jpg,35,staffordshire_bull_terrier
wheaten_terrier_185,C:\Users\mahmu\OneDrive\Desktop\Fine-Grained Pet Breed Classification\data\processed\images\wheaten_terrier_185.jpg,36,wheaten_terrier
British_Shorthair_187,C:\Users\mahmu\OneDrive\Desktop\Fine-Grained Pet Breed Classification\data\processed\images\British_Shorthair_187.jpg,10,British_Shorthair
american_bulldog_194,C:\Users\mahmu\OneDrive\Desktop\Fine-Grained Pet Breed Classification\data\processed\images\american_bulldog_194.jpg,2,american_bulldog
Maine_Coon_205,C:\Users\mahmu\OneDrive\Desktop\Fine-Grained Pet Breed Classification\data\processed\images\Maine_Coon_205.jpg,21,Maine_Coon
British_Shorthair_199,C:\Users\mahmu\OneDrive\Desktop\Fine-Grained Pet Breed Classification\data\processed\images\British_Shorthair_199.jpg,10,British_Shorthair
great_pyrenees_18,C:\Users\mahmu\OneDrive\Desktop\Fine-Grained Pet Breed Classification\data\processed\images\great_pyrenees_18.jpg,16,great_pyrenees
american_pit_bull_terrier_153,C:\Users\mahmu\OneDrive\Desktop\Fine-Grained Pet Breed Classification\data\processed\images\american_pit_bull_terrier_153.jpg,3,american_pit_bull_terrier
Ragdoll_115,C:\Users\mahmu\OneDrive\Desktop\Fine-Grained Pet Breed Classification\data\processed\images\Ragdoll_115.jpg,27,Ragdoll
havanese_104,C:\Users\mahmu\OneDrive\Desktop\Fine-Grained Pet Breed Classification\data\processed\images\havanese_104.jpg,17,havanese
leonberger_163,C:\Users\mahmu\OneDrive\Desktop\Fine-Grained Pet Breed Classification\data\processed\images\leonberger_163.jpg,20,leonberger
japanese_chin_161,C:\Users\mahmu\OneDrive\Desktop\Fine-Grained Pet Breed Classification\data\processed\images\japanese_chin_161.jpg,18,japanese_chin
miniature_pinscher_181,C:\Users\mahmu\OneDrive\Desktop\Fine-Grained Pet Breed Classification\data\processed\images\miniature_pinscher_181.jpg,22,miniature_pinscher
chihuahua_145,C:\Users\mahmu\OneDrive\Desktop\Fine-Grained Pet Breed Classification\data\processed\images\chihuahua_145.jpg,11,chihuahua
Bengal_165,C:\Users\mahmu\OneDrive\Desktop\Fine-Grained Pet Breed Classification\data\processed\images\Bengal_165.jpg,6,Bengal
Egyptian_Mau_161,C:\Users\mahmu\OneDrive\Desktop\Fine-Grained Pet Breed Classification\data\processed\images\Egyptian_Mau_161.jpg,12,Egyptian_Mau
wheaten_terrier_134,C:\Users\mahmu\OneDrive\Desktop\Fine-Grained Pet Breed Classification\data\processed\images\wheaten_terrier_134.jpg,36,wheaten_terrier
newfoundland_118,C:\Users\mahmu\OneDrive\Desktop\Fine-Grained Pet Breed Classification\data\processed\images\newfoundland_118.jpg,23,newfoundland
chihuahua_155,C:\Users\mahmu\OneDrive\Desktop\Fine-Grained Pet Breed Classification\data\processed\images\chihuahua_155.jpg,11,chihuahua
Siamese_176,C:\Users\mahmu\OneDrive\Desktop\Fine-Grained Pet Breed Classification\data\processed\images\Siamese_176.jpg,33,Siamese
samoyed_170,C:\Users\mahmu\OneDrive\Desktop\Fine-Grained Pet Breed Classification\data\processed\images\samoyed_170.jpg,30,samoyed
chihuahua_141,C:\Users\mahmu\OneDrive\Desktop\Fine-Grained Pet Breed Classification\data\processed\images\chihuahua_141.jpg,11,chihuahua
beagle_12,C:\Users\mahmu\OneDrive\Desktop\Fine-Grained Pet Breed Classification\data\processed\images\beagle_12.jpg,5,beagle
miniature_pinscher_141,C:\Users\mahmu\OneDrive\Desktop\Fine-Grained Pet Breed Classification\data\processed\images\miniature_pinscher_141.jpg,22,miniature_pinscher
english_setter_12,C:\Users\mahmu\OneDrive\Desktop\Fine-Grained Pet Breed Classification\data\processed\images\english_setter_12.jpg,14,english_setter
saint_bernard_138,C:\Users\mahmu\OneDrive\Desktop\Fine-Grained Pet Breed Classification\data\processed\images\saint_bernard_138.jpg,29,saint_bernard
american_bulldog_188,C:\Users\mahmu\OneDrive\Desktop\Fine-Grained Pet Breed Classification\data\processed\images\american_bulldog_188.jpg,2,american_bulldog
beagle_163,C:\Users\mahmu\OneDrive\Desktop\Fine-Grained Pet Breed Classification\data\processed\images\beagle_163.jpg,5,beagle
Ragdoll_135,C:\Users\mahmu\OneDrive\Desktop\Fine-Grained Pet Breed Classification\data\processed\images\Ragdoll_135.jpg,27,Ragdoll
Bengal_102,C:\Users\mahmu\OneDrive\Desktop\Fine-Grained Pet Breed Classification\data\processed\images\Bengal_102.jpg,6,Bengal
american_bulldog_10,C:\Users\mahmu\OneDrive\Desktop\Fine-Grained Pet Breed Classification\data\processed\images\american_bulldog_10.jpg,2,american_bulldog
keeshond_147,C:\Users\mahmu\OneDrive\Desktop\Fine-Grained Pet Breed Classification\data\processed\images\keeshond_147.jpg,19,keeshond
Bengal_150,C:\Users\mahmu\OneDrive\Desktop\Fine-Grained Pet Breed Classification\data\processed\images\Bengal_150.jpg,6,Bengal
english_cocker_spaniel_182,C:\Users\mahmu\OneDrive\Desktop\Fine-Grained Pet Breed Classification\data\processed\images\english_cocker_spaniel_182.jpg,13,english_cocker_spaniel
British_Shorthair_101,C:\Users\mahmu\OneDrive\Desktop\Fine-Grained Pet Breed Classification\data\processed\images\British_Shorthair_101.jpg,10,British_Shorthair
Bombay_177,C:\Users\mahmu\OneDrive\Desktop\Fine-Grained Pet Breed Classification\data\processed\images\Bombay_177.jpg,8,Bombay
pomeranian_10,C:\Users\mahmu\OneDrive\Desktop\Fine-Grained Pet Breed Classification\data\processed\images\pomeranian_10.jpg,25,pomeranian
Maine_Coon_214,C:\Users\mahmu\OneDrive\Desktop\Fine-Grained Pet Breed Classification\data\processed\images\Maine_Coon_214.jpg,21,Maine_Coon
Birman_100,C:\Users\mahmu\OneDrive\Desktop\Fine-Grained Pet Breed Classification\data\processed\images\Birman_100.jpg,7,Birman
yorkshire_terrier_158,C:\Users\mahmu\OneDrive\Desktop\Fine-Grained Pet Breed Classification\data\processed\images\yorkshire_terrier_158.jpg,37,yorkshire_terrier
Egyptian_Mau_195,C:\Users\mahmu\OneDrive\Desktop\Fine-Grained Pet Breed Classification\data\processed\images\Egyptian_Mau_195.jpg,12,Egyptian_Mau
samoyed_17,C:\Users\mahmu\OneDrive\Desktop\Fine-Grained Pet Breed Classification\data\processed\images\samoyed_17.jpg,30,samoyed
Birman_113,C:\Users\mahmu\OneDrive\Desktop\Fine-Grained Pet Breed Classification\data\processed\images\Birman_113.jpg,7,Birman
havanese_107,C:\Users\mahmu\OneDrive\Desktop\Fine-Grained Pet Breed Classification\data\processed\images\havanese_107.jpg,17,havanese
British_Shorthair_163,C:\Users\mahmu\OneDrive\Desktop\Fine-Grained Pet Breed Classification\data\processed\images\British_Shorthair_163.jpg,10,British_Shorthair
american_bulldog_103,C:\Users\mahmu\OneDrive\Desktop\Fine-Grained Pet Breed Classification\data\processed\images\american_bulldog_103.jpg,2,american_bulldog
British_Shorthair_167,C:\Users\mahmu\OneDrive\Desktop\Fine-Grained Pet Breed Classification\data\processed\images\British_Shorthair_167.jpg,10,British_Shorthair
pomeranian_179,C:\Users\mahmu\OneDrive\Desktop\Fine-Grained Pet Breed Classification\data\processed\images\pomeranian_179.jpg,25,pomeranian
boxer_163,C:\Users\mahmu\OneDrive\Desktop\Fine-Grained Pet Breed Classification\data\processed\images\boxer_163.jpg,9,boxer
pug_155,C:\Users\mahmu\OneDrive\Desktop\Fine-Grained Pet Breed Classification\data\processed\images\pug_155.jpg,26,pug
Persian_192,C:\Users\mahmu\OneDrive\Desktop\Fine-Grained Pet Breed Classification\data\processed\images\Persian_192.jpg,24,Persian
Siamese_109,C:\Users\mahmu\OneDrive\Desktop\Fine-Grained Pet Breed Classification\data\processed\images\Siamese_109.jpg,33,Siamese
wheaten_terrier_182,C:\Users\mahmu\OneDrive\Desktop\Fine-Grained Pet Breed Classification\data\processed\images\wheaten_terrier_182.jpg,36,wheaten_terrier
pug_183,C:\Users\mahmu\OneDrive\Desktop\Fine-Grained Pet Breed Classification\data\processed\images\pug_183.jpg,26,pug
shiba_inu_154,C:\Users\mahmu\OneDrive\Desktop\Fine-Grained Pet Breed Classification\data\processed\images\shiba_inu_154.jpg,32,shiba_inu
newfoundland_163,C:\Users\mahmu\OneDrive\Desktop\Fine-Grained Pet Breed Classification\data\processed\images\newfoundland_163.jpg,23,newfoundland
english_cocker_spaniel_105,C:\Users\mahmu\OneDrive\Desktop\Fine-Grained Pet Breed Classification\data\processed\images\english_cocker_spaniel_105.jpg,13,english_cocker_spaniel
Maine_Coon_193,C:\Users\mahmu\OneDrive\Desktop\Fine-Grained Pet Breed Classification\data\processed\images\Maine_Coon_193.jpg,21,Maine_Coon
newfoundland_171,C:\Users\mahmu\OneDrive\Desktop\Fine-Grained Pet Breed Classification\data\processed\images\newfoundland_171.jpg,23,newfoundland
wheaten_terrier_160,C:\Users\mahmu\OneDrive\Desktop\Fine-Grained Pet Breed Classification\data\processed\images\wheaten_terrier_160.jpg,36,wheaten_terrier
english_cocker_spaniel_114,C:\Users\mahmu\OneDrive\Desktop\Fine-Grained Pet Breed Classification\data\processed\images\english_cocker_spaniel_114.jpg,13,english_cocker_spaniel
havanese_108,C:\Users\mahmu\OneDrive\Desktop\Fine-Grained Pet Breed Classification\data\processed\images\havanese_108.jpg,17,havanese
Bengal_180,C:\Users\mahmu\OneDrive\Desktop\Fine-Grained Pet Breed Classification\data\processed\images\Bengal_180.jpg,6,Bengal
basset_hound_132,C:\Users\mahmu\OneDrive\Desktop\Fine-Grained Pet Breed Classification\data\processed\images\basset_hound_132.jpg,4,basset_hound
boxer_111,C:\Users\mahmu\OneDrive\Desktop\Fine-Grained Pet Breed Classification\data\processed\images\boxer_111.jpg,9,boxer
leonberger_17,C:\Users\mahmu\OneDrive\Desktop\Fine-Grained Pet Breed Classification\data\processed\images\leonberger_17.jpg,20,leonberger
Persian_144,C:\Users\mahmu\OneDrive\Desktop\Fine-Grained Pet Breed Classification\data\processed\images\Persian_144.jpg,24,Persian
yorkshire_terrier_161,C:\Users\mahmu\OneDrive\Desktop\Fine-Grained Pet Breed Classification\data\processed\images\yorkshire_terrier_161.jpg,37,yorkshire_terrier
american_pit_bull_terrier_178,C:\Users\mahmu\OneDrive\Desktop\Fine-Grained Pet Breed Classification\data\processed\images\american_pit_bull_terrier_178.jpg,3,american_pit_bull_terrier
British_Shorthair_178,C:\Users\mahmu\OneDrive\Desktop\Fine-Grained Pet Breed Classification\data\processed\images\British_Shorthair_178.jpg,10,British_Shorthair
Russian_Blue_153,C:\Users\mahmu\OneDrive\Desktop\Fine-Grained Pet Breed Classification\data\processed\images\Russian_Blue_153.jpg,28,Russian_Blue
Bombay_155,C:\Users\mahmu\OneDrive\Desktop\Fine-Grained Pet Breed Classification\data\processed\images\Bombay_155.jpg,8,Bombay
Siamese_143,C:\Users\mahmu\OneDrive\Desktop\Fine-Grained Pet Breed Classification\data\processed\images\Siamese_143.jpg,33,Siamese
Maine_Coon_213,C:\Users\mahmu\OneDrive\Desktop\Fine-Grained Pet Breed Classification\data\processed\images\Maine_Coon_213.jpg,21,Maine_Coon
newfoundland_130,C:\Users\mahmu\OneDrive\Desktop\Fine-Grained Pet Breed Classification\data\processed\images\newfoundland_130.jpg,23,newfoundland
boxer_166,C:\Users\mahmu\OneDrive\Desktop\Fine-Grained Pet Breed Classification\data\processed\images\boxer_166.jpg,9,boxer
Bombay_16,C:\Users\mahmu\OneDrive\Desktop\Fine-Grained Pet Breed Classification\data\processed\images\Bombay_16.jpg,8,Bombay
scottish_terrier_183,C:\Users\mahmu\OneDrive\Desktop\Fine-Grained Pet Breed Classification\data\processed\images\scottish_terrier_183.jpg,31,scottish_terrier
boxer_177,C:\Users\mahmu\OneDrive\Desktop\Fine-Grained Pet Breed Classification\data\processed\images\boxer_177.jpg,9,boxer
Sphynx_175,C:\Users\mahmu\OneDrive\Desktop\Fine-Grained Pet Breed Classification\data\processed\images\Sphynx_175.jpg,34,Sphynx
scottish_terrier_121,C:\Users\mahmu\OneDrive\Desktop\Fine-Grained Pet Breed Classification\data\processed\images\scottish_terrier_121.jpg,31,scottish_terrier
Bombay_110,C:\Users\mahmu\OneDrive\Desktop\Fine-Grained Pet Breed Classification\data\processed\images\Bombay_110.jpg,8,Bombay
boxer_15,C:\Users\mahmu\OneDrive\Desktop\Fine-Grained Pet Breed Classification\data\processed\images\boxer_15.jpg,9,boxer
scottish_terrier_151,C:\Users\mahmu\OneDrive\Desktop\Fine-Grained Pet Breed Classification\data\processed\images\scottish_terrier_151.jpg,31,scottish_terrier
great_pyrenees_158,C:\Users\mahmu\OneDrive\Desktop\Fine-Grained Pet Breed Classification\data\processed\images\great_pyrenees_158.jpg,16,great_pyrenees
pug_16,C:\Users\mahmu\OneDrive\Desktop\Fine-Grained Pet Breed Classification\data\processed\images\pug_16.jpg,26,pug
pug_185,C:\Users\mahmu\OneDrive\Desktop\Fine-Grained Pet Breed Classification\data\processed\images\pug_185.jpg,26,pug
miniature_pinscher_153,C:\Users\mahmu\OneDrive\Desktop\Fine-Grained Pet Breed Classification\data\processed\images\miniature_pinscher_153.jpg,22,miniature_pinscher
Ragdoll_105,C:\Users\mahmu\OneDrive\Desktop\Fine-Grained Pet Breed Classification\data\processed\images\Ragdoll_105.jpg,27,Ragdoll
beagle_125,C:\Users\mahmu\OneDrive\Desktop\Fine-Grained Pet Breed Classification\data\processed\images\beagle_125.jpg,5,beagle
american_bulldog_158,C:\Users\mahmu\OneDrive\Desktop\Fine-Grained Pet Breed Classification\data\processed\images\american_bulldog_158.jpg,2,american_bulldog
Siamese_155,C:\Users\mahmu\OneDrive\Desktop\Fine-Grained Pet Breed Classification\data\processed\images\Siamese_155.jpg,33,Siamese
staffordshire_bull_terrier_133,C:\Users\mahmu\OneDrive\Desktop\Fine-Grained Pet Breed Classification\data\processed\images\staffordshire_bull_terrier_133.jpg,35,staffordshire_bull_terrier
wheaten_terrier_142,C:\Users\mahmu\OneDrive\Desktop\Fine-Grained Pet Breed Classification\data\processed\images\wheaten_terrier_142.jpg,36,wheaten_terrier
Ragdoll_190,C:\Users\mahmu\OneDrive\Desktop\Fine-Grained Pet Breed Classification\data\processed\images\Ragdoll_190.jpg,27,Ragdoll
Birman_159,C:\Users\mahmu\OneDrive\Desktop\Fine-Grained Pet Breed Classification\data\processed\images\Birman_159.jpg,7,Birman
keeshond_155,C:\Users\mahmu\OneDrive\Desktop\Fine-Grained Pet Breed Classification\data\processed\images\keeshond_155.jpg,19,keeshond
wheaten_terrier_167,C:\Users\mahmu\OneDrive\Desktop\Fine-Grained Pet Breed Classification\data\processed\images\wheaten_terrier_167.jpg,36,wheaten_terrier
boxer_142,C:\Users\mahmu\OneDrive\Desktop\Fine-Grained Pet Breed Classification\data\processed\images\boxer_142.jpg,9,boxer
scottish_terrier_16,C:\Users\mahmu\OneDrive\Desktop\Fine-Grained Pet Breed Classification\data\processed\images\scottish_terrier_16.jpg,31,scottish_terrier
wheaten_terrier_181,C:\Users\mahmu\OneDrive\Desktop\Fine-Grained Pet Breed Classification\data\processed\images\wheaten_terrier_181.jpg,36,wheaten_terrier
pomeranian_113,C:\Users\mahmu\OneDrive\Desktop\Fine-Grained Pet Breed Classification\data\processed\images\pomeranian_113.jpg,25,pomeranian
saint_bernard_118,C:\Users\mahmu\OneDrive\Desktop\Fine-Grained Pet Breed Classification\data\processed\images\saint_bernard_118.jpg,29,saint_bernard
pug_164,C:\Users\mahmu\OneDrive\Desktop\Fine-Grained Pet Breed Classification\data\processed\images\pug_164.jpg,26,pug
english_cocker_spaniel_152,C:\Users\mahmu\OneDrive\Desktop\Fine-Grained Pet Breed Classification\data\processed\images\english_cocker_spaniel_152.jpg,13,english_cocker_spaniel
staffordshire_bull_terrier_144,C:\Users\mahmu\OneDrive\Desktop\Fine-Grained Pet Breed Classification\data\processed\images\staffordshire_bull_terrier_144.jpg,35,staffordshire_bull_terrier
Maine_Coon_189,C:\Users\mahmu\OneDrive\Desktop\Fine-Grained Pet Breed Classification\data\processed\images\Maine_Coon_189.jpg,21,Maine_Coon
Siamese_116,C:\Users\mahmu\OneDrive\Desktop\Fine-Grained Pet Breed Classification\data\processed\images\Siamese_116.jpg,33,Siamese
american_bulldog_186,C:\Users\mahmu\OneDrive\Desktop\Fine-Grained Pet Breed Classification\data\processed\images\american_bulldog_186.jpg,2,american_bulldog
Abyssinian_196,C:\Users\mahmu\OneDrive\Desktop\Fine-Grained Pet Breed Classification\data\processed\images\Abyssinian_196.jpg,1,Abyssinian
yorkshire_terrier_124,C:\Users\mahmu\OneDrive\Desktop\Fine-Grained Pet Breed Classification\data\processed\images\yorkshire_terrier_124.jpg,37,yorkshire_terrier
Sphynx_169,C:\Users\mahmu\OneDrive\Desktop\Fine-Grained Pet Breed Classification\data\processed\images\Sphynx_169.jpg,34,Sphynx
British_Shorthair_153,C:\Users\mahmu\OneDrive\Desktop\Fine-Grained Pet Breed Classification\data\processed\images\British_Shorthair_153.jpg,10,British_Shorthair
Bombay_122,C:\Users\mahmu\OneDrive\Desktop\Fine-Grained Pet Breed Classification\data\processed\images\Bombay_122.jpg,8,Bombay
great_pyrenees_186,C:\Users\mahmu\OneDrive\Desktop\Fine-Grained Pet Breed Classification\data\processed\images\great_pyrenees_186.jpg,16,great_pyrenees
saint_bernard_172,C:\Users\mahmu\OneDrive\Desktop\Fine-Grained Pet Breed Classification\data\processed\images\saint_bernard_172.jpg,29,saint_bernard
leonberger_175,C:\Users\mahmu\OneDrive\Desktop\Fine-Grained Pet Breed Classification\data\processed\images\leonberger_175.jpg,20,leonberger
shiba_inu_147,C:\Users\mahmu\OneDrive\Desktop\Fine-Grained Pet Breed Classification\data\processed\images\shiba_inu_147.jpg,32,shiba_inu
newfoundland_183,C:\Users\mahmu\OneDrive\Desktop\Fine-Grained Pet Breed Classification\data\processed\images\newfoundland_183.jpg,23,newfoundland
Birman_134,C:\Users\mahmu\OneDrive\Desktop\Fine-Grained Pet Breed Classification\data\processed\images\Birman_134.jpg,7,Birman
basset_hound_121,C:\Users\mahmu\OneDrive\Desktop\Fine-Grained Pet Breed Classification\data\processed\images\basset_hound_121.jpg,4,basset_hound
newfoundland_104,C:\Users\mahmu\OneDrive\Desktop\Fine-Grained Pet Breed Classification\data\processed\images\newfoundland_104.jpg,23,newfoundland
Abyssinian_141,C:\Users\mahmu\OneDrive\Desktop\Fine-Grained Pet Breed Classification\data\processed\images\Abyssinian_141.jpg,1,Abyssinian
japanese_chin_172,C:\Users\mahmu\OneDrive\Desktop\Fine-Grained Pet Breed Classification\data\processed\images\japanese_chin_172.jpg,18,japanese_chin
pomeranian_108,C:\Users\mahmu\OneDrive\Desktop\Fine-Grained Pet Breed Classification\data\processed\images\pomeranian_108.jpg,25,pomeranian
american_pit_bull_terrier_104,C:\Users\mahmu\OneDrive\Desktop\Fine-Grained Pet Breed Classification\data\processed\images\american_pit_bull_terrier_104.jpg,3,american_pit_bull_terrier
Birman_104,C:\Users\mahmu\OneDrive\Desktop\Fine-Grained Pet Breed Classification\data\processed\images\Birman_104.jpg,7,Birman
english_cocker_spaniel_128,C:\Users\mahmu\OneDrive\Desktop\Fine-Grained Pet Breed Classification\data\processed\images\english_cocker_spaniel_128.jpg,13,english_cocker_spaniel
leonberger_162,C:\Users\mahmu\OneDrive\Desktop\Fine-Grained Pet Breed Classification\data\processed\images\leonberger_162.jpg,20,leonberger
saint_bernard_180,C:\Users\mahmu\OneDrive\Desktop\Fine-Grained Pet Breed Classification\data\processed\images\saint_bernard_180.jpg,29,saint_bernard
pomeranian_178,C:\Users\mahmu\OneDrive\Desktop\Fine-Grained Pet Breed Classification\data\processed\images\pomeranian_178.jpg,25,pomeranian
great_pyrenees_185,C:\Users\mahmu\OneDrive\Desktop\Fine-Grained Pet Breed Classification\data\processed\images\great_pyrenees_185.jpg,16,great_pyrenees
leonberger_124,C:\Users\mahmu\OneDrive\Desktop\Fine-Grained Pet Breed Classification\data\processed\images\leonberger_124.jpg,20,leonberger
wheaten_terrier_104,C:\Users\mahmu\OneDrive\Desktop\Fine-Grained Pet Breed Classification\data\processed\images\wheaten_terrier_104.jpg,36,wheaten_terrier
scottish_terrier_182,C:\Users\mahmu\OneDrive\Desktop\Fine-Grained Pet Breed Classification\data\processed\images\scottish_terrier_182.jpg,31,scottish_terrier
leonberger_178,C:\Users\mahmu\OneDrive\Desktop\Fine-Grained Pet Breed Classification\data\processed\images\leonberger_178.jpg,20,leonberger
staffordshire_bull_terrier_13,C:\Users\mahmu\OneDrive\Desktop\Fine-Grained Pet Breed Classification\data\processed\images\staffordshire_bull_terrier_13.jpg,35,staffordshire_bull_terrier
Sphynx_122,C:\Users\mahmu\OneDrive\Desktop\Fine-Grained Pet Breed Classification\data\processed\images\Sphynx_122.jpg,34,Sphynx
american_bulldog_15,C:\Users\mahmu\OneDrive\Desktop\Fine-Grained Pet Breed Classification\data\processed\images\american_bulldog_15.jpg,2,american_bulldog
leonberger_18,C:\Users\mahmu\OneDrive\Desktop\Fine-Grained Pet Breed Classification\data\processed\images\leonberger_18.jpg,20,leonberger
havanese_126,C:\Users\mahmu\OneDrive\Desktop\Fine-Grained Pet Breed Classification\data\processed\images\havanese_126.jpg,17,havanese
Maine_Coon_175,C:\Users\mahmu\OneDrive\Desktop\Fine-Grained Pet Breed Classification\data\processed\images\Maine_Coon_175.jpg,21,Maine_Coon
Sphynx_124,C:\Users\mahmu\OneDrive\Desktop\Fine-Grained Pet Breed Classification\data\processed\images\Sphynx_124.jpg,34,Sphynx
saint_bernard_124,C:\Users\mahmu\OneDrive\Desktop\Fine-Grained Pet Breed Classification\data\processed\images\saint_bernard_124.jpg,29,saint_bernard
Bombay_160,C:\Users\mahmu\OneDrive\Desktop\Fine-Grained Pet Breed Classification\data\processed\images\Bombay_160.jpg,8,Bombay
Abyssinian_157,C:\Users\mahmu\OneDrive\Desktop\Fine-Grained Pet Breed Classification\data\processed\images\Abyssinian_157.jpg,1,Abyssinian
Egyptian_Mau_102,C:\Users\mahmu\OneDrive\Desktop\Fine-Grained Pet Breed Classification\data\processed\images\Egyptian_Mau_102.jpg,12,Egyptian_Mau
Egyptian_Mau_162,C:\Users\mahmu\OneDrive\Desktop\Fine-Grained Pet Breed Classification\data\processed\images\Egyptian_Mau_162.jpg,12,Egyptian_Mau
english_cocker_spaniel_137,C:\Users\mahmu\OneDrive\Desktop\Fine-Grained Pet Breed Classification\data\processed\images\english_cocker_spaniel_137.jpg,13,english_cocker_spaniel
British_Shorthair_190,C:\Users\mahmu\OneDrive\Desktop\Fine-Grained Pet Breed Classification\data\processed\images\British_Shorthair_190.jpg,10,British_Shorthair
english_setter_171,C:\Users\mahmu\OneDrive\Desktop\Fine-Grained Pet Breed Classification\data\processed\images\english_setter_171.jpg,14,english_setter
newfoundland_156,C:\Users\mahmu\OneDrive\Desktop\Fine-Grained Pet Breed Classification\data\processed\images\newfoundland_156.jpg,23,newfoundland
Russian_Blue_125,C:\Users\mahmu\OneDrive\Desktop\Fine-Grained Pet Breed Classification\data\processed\images\Russian_Blue_125.jpg,28,Russian_Blue
Egyptian_Mau_154,C:\Users\mahmu\OneDrive\Desktop\Fine-Grained Pet Breed Classification\data\processed\images\Egyptian_Mau_154.jpg,12,Egyptian_Mau
Egyptian_Mau_196,C:\Users\mahmu\OneDrive\Desktop\Fine-Grained Pet Breed Classification\data\processed\images\Egyptian_Mau_196.jpg,12,Egyptian_Mau
Ragdoll_186,C:\Users\mahmu\OneDrive\Desktop\Fine-Grained Pet Breed Classification\data\processed\images\Ragdoll_186.jpg,27,Ragdoll
german_shorthaired_130,C:\Users\mahmu\OneDrive\Desktop\Fine-Grained Pet Breed Classification\data\processed\images\german_shorthaired_130.jpg,15,german_shorthaired
basset_hound_164,C:\Users\mahmu\OneDrive\Desktop\Fine-Grained Pet Breed Classification\data\processed\images\basset_hound_164.jpg,4,basset_hound
wheaten_terrier_155,C:\Users\mahmu\OneDrive\Desktop\Fine-Grained Pet Breed Classification\data\processed\images\wheaten_terrier_155.jpg,36,wheaten_terrier
Bengal_128,C:\Users\mahmu\OneDrive\Desktop\Fine-Grained Pet Breed Classification\data\processed\images\Bengal_128.jpg,6,Bengal
pomeranian_149,C:\Users\mahmu\OneDrive\Desktop\Fine-Grained Pet Breed Classification\data\processed\images\pomeranian_149.jpg,25,pomeranian
keeshond_154,C:\Users\mahmu\OneDrive\Desktop\Fine-Grained Pet Breed Classification\data\processed\images\keeshond_154.jpg,19,keeshond
english_cocker_spaniel_136,C:\Users\mahmu\OneDrive\Desktop\Fine-Grained Pet Breed Classification\data\processed\images\english_cocker_spaniel_136.jpg,13,english_cocker_spaniel
american_bulldog_147,C:\Users\mahmu\OneDrive\Desktop\Fine-Grained Pet Breed Classification\data\processed\images\american_bulldog_147.jpg,2,american_bulldog
shiba_inu_14,C:\Users\mahmu\OneDrive\Desktop\Fine-Grained Pet Breed Classification\data\processed\images\shiba_inu_14.jpg,32,shiba_inu
boxer_116,C:\Users\mahmu\OneDrive\Desktop\Fine-Grained Pet Breed Classification\data\processed\images\boxer_116.jpg,9,boxer
havanese_114,C:\Users\mahmu\OneDrive\Desktop\Fine-Grained Pet Breed Classification\data\processed\images\havanese_114.jpg,17,havanese
american_bulldog_105,C:\Users\mahmu\OneDrive\Desktop\Fine-Grained Pet Breed Classification\data\processed\images\american_bulldog_105.jpg,2,american_bulldog
beagle_162,C:\Users\mahmu\OneDrive\Desktop\Fine-Grained Pet Breed Classification\data\processed\images\beagle_162.jpg,5,beagle
american_pit_bull_terrier_165,C:\Users\mahmu\OneDrive\Desktop\Fine-Grained Pet Breed Classification\data\processed\images\american_pit_bull_terrier_165.jpg,3,american_pit_bull_terrier
saint_bernard_189,C:\Users\mahmu\OneDrive\Desktop\Fine-Grained Pet Breed Classification\data\processed\images\saint_bernard_189.jpg,29,saint_bernard
miniature_pinscher_152,C:\Users\mahmu\OneDrive\Desktop\Fine-Grained Pet Breed Classification\data\processed\images\miniature_pinscher_152.jpg,22,miniature_pinscher
leonberger_185,C:\Users\mahmu\OneDrive\Desktop\Fine-Grained Pet Breed Classification\data\processed\images\leonberger_185.jpg,20,leonberger
chihuahua_124,C:\Users\mahmu\OneDrive\Desktop\Fine-Grained Pet Breed Classification\data\processed\images\chihuahua_124.jpg,11,chihuahua
Persian_136,C:\Users\mahmu\OneDrive\Desktop\Fine-Grained Pet Breed Classification\data\processed\images\Persian_136.jpg,24,Persian
pug_190,C:\Users\mahmu\OneDrive\Desktop\Fine-Grained Pet Breed Classification\data\processed\images\pug_190.jpg,26,pug
yorkshire_terrier_134,C:\Users\mahmu\OneDrive\Desktop\Fine-Grained Pet Breed Classification\data\processed\images\yorkshire_terrier_134.jpg,37,yorkshire_terrier
Siamese_175,C:\Users\mahmu\OneDrive\Desktop\Fine-Grained Pet Breed Classification\data\processed\images\Siamese_175.jpg,33,Siamese
Sphynx_167,C:\Users\mahmu\OneDrive\Desktop\Fine-Grained Pet Breed Classification\data\processed\images\Sphynx_167.jpg,34,Sphynx
keeshond_142,C:\Users\mahmu\OneDrive\Desktop\Fine-Grained Pet Breed Classification\data\processed\images\keeshond_142.jpg,19,keeshond
german_shorthaired_120,C:\Users\mahmu\OneDrive\Desktop\Fine-Grained Pet Breed Classification\data\processed\images\german_shorthaired_120.jpg,15,german_shorthaired
Siamese_149,C:\Users\mahmu\OneDrive\Desktop\Fine-Grained Pet Breed Classification\data\processed\images\Siamese_149.jpg,33,Siamese
pomeranian_159,C:\Users\mahmu\OneDrive\Desktop\Fine-Grained Pet Breed Classification\data\processed\images\pomeranian_159.jpg,25,pomeranian
scottish_terrier_189,C:\Users\mahmu\OneDrive\Desktop\Fine-Grained Pet Breed Classification\data\processed\images\scottish_terrier_189.jpg,31,scottish_terrier
scottish_terrier_163,C:\Users\mahmu\OneDrive\Desktop\Fine-Grained Pet Breed Classification\data\processed\images\scottish_terrier_163.jpg,31,scottish_terrier
great_pyrenees_132,C:\Users\mahmu\OneDrive\Desktop\Fine-Grained Pet Breed Classification\data\processed\images\great_pyrenees_132.jpg,16,great_pyrenees
english_setter_120,C:\Users\mahmu\OneDrive\Desktop\Fine-Grained Pet Breed Classification\data\processed\images\english_setter_120.jpg,14,english_setter
american_bulldog_108,C:\Users\mahmu\OneDrive\Desktop\Fine-Grained Pet Breed Classification\data\processed\images\american_bulldog_108.jpg,2,american_bulldog
miniature_pinscher_135,C:\Users\mahmu\OneDrive\Desktop\Fine-Grained Pet Breed Classification\data\processed\images\miniature_pinscher_135.jpg,22,miniature_pinscher
english_setter_182,C:\Users\mahmu\OneDrive\Desktop\Fine-Grained Pet Breed Classification\data\processed\images\english_setter_182.jpg,14,english_setter
japanese_chin_112,C:\Users\mahmu\OneDrive\Desktop\Fine-Grained Pet Breed Classification\data\processed\images\japanese_chin_112.jpg,18,japanese_chin
Egyptian_Mau_144,C:\Users\mahmu\OneDrive\Desktop\Fine-Grained Pet Breed Classification\data\processed\images\Egyptian_Mau_144.jpg,12,Egyptian_Mau
havanese_14,C:\Users\mahmu\OneDrive\Desktop\Fine-Grained Pet Breed Classification\data\processed\images\havanese_14.jpg,17,havanese
staffordshire_bull_terrier_156,C:\Users\mahmu\OneDrive\Desktop\Fine-Grained Pet Breed Classification\data\processed\images\staffordshire_bull_terrier_156.jpg,35,staffordshire_bull_terrier
Russian_Blue_162,C:\Users\mahmu\OneDrive\Desktop\Fine-Grained Pet Breed Classification\data\processed\images\Russian_Blue_162.jpg,28,Russian_Blue
Bombay_115,C:\Users\mahmu\OneDrive\Desktop\Fine-Grained Pet Breed Classification\data\processed\images\Bombay_115.jpg,8,Bombay
Birman_148,C:\Users\mahmu\OneDrive\Desktop\Fine-Grained Pet Breed Classification\data\processed\images\Birman_148.jpg,7,Birman
staffordshire_bull_terrier_108,C:\Users\mahmu\OneDrive\Desktop\Fine-Grained Pet Breed Classification\data\processed\images\staffordshire_bull_terrier_108.jpg,35,staffordshire_bull_terrier
havanese_165,C:\Users\mahmu\OneDrive\Desktop\Fine-Grained Pet Breed Classification\data\processed\images\havanese_165.jpg,17,havanese
staffordshire_bull_terrier_154,C:\Users\mahmu\OneDrive\Desktop\Fine-Grained Pet Breed Classification\data\processed\images\staffordshire_bull_terrier_154.jpg,35,staffordshire_bull_terrier
Siamese_144,C:\Users\mahmu\OneDrive\Desktop\Fine-Grained Pet Breed Classification\data\processed\images\Siamese_144.jpg,33,Siamese
British_Shorthair_173,C:\Users\mahmu\OneDrive\Desktop\Fine-Grained Pet Breed Classification\data\processed\images\British_Shorthair_173.jpg,10,British_Shorthair
pomeranian_138,C:\Users\mahmu\OneDrive\Desktop\Fine-Grained Pet Breed Classification\data\processed\images\pomeranian_138.jpg,25,pomeranian
newfoundland_115,C:\Users\mahmu\OneDrive\Desktop\Fine-Grained Pet Breed Classification\data\processed\images\newfoundland_115.jpg,23,newfoundland
keeshond_106,C:\Users\mahmu\OneDrive\Desktop\Fine-Grained Pet Breed Classification\data\processed\images\keeshond_106.jpg,19,keeshond
havanese_185,C:\Users\mahmu\OneDrive\Desktop\Fine-Grained Pet Breed Classification\data\processed\images\havanese_185.jpg,17,havanese
samoyed_160,C:\Users\mahmu\OneDrive\Desktop\Fine-Grained Pet Breed Classification\data\processed\images\samoyed_160.jpg,30,samoyed
scottish_terrier_173,C:\Users\mahmu\OneDrive\Desktop\Fine-Grained Pet Breed Classification\data\processed\images\scottish_terrier_173.jpg,31,scottish_terrier
samoyed_168,C:\Users\mahmu\OneDrive\Desktop\Fine-Grained Pet Breed Classification\data\processed\images\samoyed_168.jpg,30,samoyed
Russian_Blue_111,C:\Users\mahmu\OneDrive\Desktop\Fine-Grained Pet Breed Classification\data\processed\images\Russian_Blue_111.jpg,28,Russian_Blue
Ragdoll_172,C:\Users\mahmu\OneDrive\Desktop\Fine-Grained Pet Breed Classification\data\processed\images\Ragdoll_172.jpg,27,Ragdoll
Egyptian_Mau_107,C:\Users\mahmu\OneDrive\Desktop\Fine-Grained Pet Breed Classification\data\processed\images\Egyptian_Mau_107.jpg,12,Egyptian_Mau
samoyed_172,C:\Users\mahmu\OneDrive\Desktop\Fine-Grained Pet Breed Classification\data\processed\images\samoyed_172.jpg,30,samoyed
Bengal_156,C:\Users\mahmu\OneDrive\Desktop\Fine-Grained Pet Breed Classification\data\processed\images\Bengal_156.jpg,6,Bengal
english_cocker_spaniel_13,C:\Users\mahmu\OneDrive\Desktop\Fine-Grained Pet Breed Classification\data\processed\images\english_cocker_spaniel_13.jpg,13,english_cocker_spaniel
Bengal_122,C:\Users\mahmu\OneDrive\Desktop\Fine-Grained Pet Breed Classification\data\processed\images\Bengal_122.jpg,6,Bengal
miniature_pinscher_106,C:\Users\mahmu\OneDrive\Desktop\Fine-Grained Pet Breed Classification\data\processed\images\miniature_pinscher_106.jpg,22,miniature_pinscher
Bombay_141,C:\Users\mahmu\OneDrive\Desktop\Fine-Grained Pet Breed Classification\data\processed\images\Bombay_141.jpg,8,Bombay
chihuahua_119,C:\Users\mahmu\OneDrive\Desktop\Fine-Grained Pet Breed Classification\data\processed\images\chihuahua_119.jpg,11,chihuahua
american_pit_bull_terrier_131,C:\Users\mahmu\OneDrive\Desktop\Fine-Grained Pet Breed Classification\data\processed\images\american_pit_bull_terrier_131.jpg,3,american_pit_bull_terrier
Egyptian_Mau_176,C:\Users\mahmu\OneDrive\Desktop\Fine-Grained Pet Breed Classification\data\processed\images\Egyptian_Mau_176.jpg,12,Egyptian_Mau
British_Shorthair_102,C:\Users\mahmu\OneDrive\Desktop\Fine-Grained Pet Breed Classification\data\processed\images\British_Shorthair_102.jpg,10,British_Shorthair
shiba_inu_159,C:\Users\mahmu\OneDrive\Desktop\Fine-Grained Pet Breed Classification\data\processed\images\shiba_inu_159.jpg,32,shiba_inu
basset_hound_14,C:\Users\mahmu\OneDrive\Desktop\Fine-Grained Pet Breed Classification\data\processed\images\basset_hound_14.jpg,4,basset_hound
great_pyrenees_181,C:\Users\mahmu\OneDrive\Desktop\Fine-Grained Pet Breed Classification\data\processed\images\great_pyrenees_181.jpg,16,great_pyrenees
samoyed_13,C:\Users\mahmu\OneDrive\Desktop\Fine-Grained Pet Breed Classification\data\processed\images\samoyed_13.jpg,30,samoyed
Siamese_165,C:\Users\mahmu\OneDrive\Desktop\Fine-Grained Pet Breed Classification\data\processed\images\Siamese_165.jpg,33,Siamese
yorkshire_terrier_112,C:\Users\mahmu\OneDrive\Desktop\Fine-Grained Pet Breed Classification\data\processed\images\yorkshire_terrier_112.jpg,37,yorkshire_terrier
great_pyrenees_108,C:\Users\mahmu\OneDrive\Desktop\Fine-Grained Pet Breed Classification\data\processed\images\great_pyrenees_108.jpg,16,great_pyrenees
german_shorthaired_145,C:\Users\mahmu\OneDrive\Desktop\Fine-Grained Pet Breed Classification\data\processed\images\german_shorthaired_145.jpg,15,german_shorthaired
shiba_inu_171,C:\Users\mahmu\OneDrive\Desktop\Fine-Grained Pet Breed Classification\data\processed\images\shiba_inu_171.jpg,32,shiba_inu
havanese_131,C:\Users\mahmu\OneDrive\Desktop\Fine-Grained Pet Breed Classification\data\processed\images\havanese_131.jpg,17,havanese
samoyed_181,C:\Users\mahmu\OneDrive\Desktop\Fine-Grained Pet Breed Classification\data\processed\images\samoyed_181.jpg,30,samoyed
Russian_Blue_140,C:\Users\mahmu\OneDrive\Desktop\Fine-Grained Pet Breed Classification\data\processed\images\Russian_Blue_140.jpg,28,Russian_Blue
Abyssinian_176,C:\Users\mahmu\OneDrive\Desktop\Fine-Grained Pet Breed Classification\data\processed\images\Abyssinian_176.jpg,1,Abyssinian
havanese_162,C:\Users\mahmu\OneDrive\Desktop\Fine-Grained Pet Breed Classification\data\processed\images\havanese_162.jpg,17,havanese
american_pit_bull_terrier_141,C:\Users\mahmu\OneDrive\Desktop\Fine-Grained Pet Breed Classification\data\processed\images\american_pit_bull_terrier_141.jpg,3,american_pit_bull_terrier
miniature_pinscher_103,C:\Users\mahmu\OneDrive\Desktop\Fine-Grained Pet Breed Classification\data\processed\images\miniature_pinscher_103.jpg,22,miniature_pinscher
great_pyrenees_147,C:\Users\mahmu\OneDrive\Desktop\Fine-Grained Pet Breed Classification\data\processed\images\great_pyrenees_147.jpg,16,great_pyrenees
saint_bernard_155,C:\Users\mahmu\OneDrive\Desktop\Fine-Grained Pet Breed Classification\data\processed\images\saint_bernard_155.jpg,29,saint_bernard
basset_hound_145,C:\Users\mahmu\OneDrive\Desktop\Fine-Grained Pet Breed Classification\data\processed\images\basset_hound_145.jpg,4,basset_hound
german_shorthaired_132,C:\Users\mahmu\OneDrive\Desktop\Fine-Grained Pet Breed Classification\data\processed\images\german_shorthaired_132.jpg,15,german_shorthaired
yorkshire_terrier_126,C:\Users\mahmu\OneDrive\Desktop\Fine-Grained Pet Breed Classification\data\processed\images\yorkshire_terrier_126.jpg,37,yorkshire_terrier
staffordshire_bull_terrier_10,C:\Users\mahmu\OneDrive\Desktop\Fine-Grained Pet Breed Classification\data\processed\images\staffordshire_bull_terrier_10.jpg,35,staffordshire_bull_terrier
german_shorthaired_131,C:\Users\mahmu\OneDrive\Desktop\Fine-Grained Pet Breed Classification\data\processed\images\german_shorthaired_131.jpg,15,german_shorthaired
saint_bernard_15,C:\Users\mahmu\OneDrive\Desktop\Fine-Grained Pet Breed Classification\data\processed\images\saint_bernard_15.jpg,29,saint_bernard
leonberger_118,C:\Users\mahmu\OneDrive\Desktop\Fine-Grained Pet Breed Classification\data\processed\images\leonberger_118.jpg,20,leonberger
boxer_105,C:\Users\mahmu\OneDrive\Desktop\Fine-Grained Pet Breed Classification\data\processed\images\boxer_105.jpg,9,boxer
Maine_Coon_140,C:\Users\mahmu\OneDrive\Desktop\Fine-Grained Pet Breed Classification\data\processed\images\Maine_Coon_140.jpg,21,Maine_Coon
pug_140,C:\Users\mahmu\OneDrive\Desktop\Fine-Grained Pet Breed Classification\data\processed\images\pug_140.jpg,26,pug
english_setter_10,C:\Users\mahmu\OneDrive\Desktop\Fine-Grained Pet Breed Classification\data\processed\images\english_setter_10.jpg,14,english_setter
pomeranian_180,C:\Users\mahmu\OneDrive\Desktop\Fine-Grained Pet Breed Classification\data\processed\images\pomeranian_180.jpg,25,pomeranian
german_shorthaired_152,C:\Users\mahmu\OneDrive\Desktop\Fine-Grained Pet Breed Classification\data\processed\images\german_shorthaired_152.jpg,15,german_shorthaired
german_shorthaired_128,C:\Users\mahmu\OneDrive\Desktop\Fine-Grained Pet Breed Classification\data\processed\images\german_shorthaired_128.jpg,15,german_shorthaired
saint_bernard_122,C:\Users\mahmu\OneDrive\Desktop\Fine-Grained Pet Breed Classification\data\processed\images\saint_bernard_122.jpg,29,saint_bernard
Russian_Blue_128,C:\Users\mahmu\OneDrive\Desktop\Fine-Grained Pet Breed Classification\data\processed\images\Russian_Blue_128.jpg,28,Russian_Blue
leonberger_166,C:\Users\mahmu\OneDrive\Desktop\Fine-Grained Pet Breed Classification\data\processed\images\leonberger_166.jpg,20,leonberger
miniature_pinscher_172,C:\Users\mahmu\OneDrive\Desktop\Fine-Grained Pet Breed Classification\data\processed\images\miniature_pinscher_172.jpg,22,miniature_pinscher
miniature_pinscher_14,C:\Users\mahmu\OneDrive\Desktop\Fine-Grained Pet Breed Classification\data\processed\images\miniature_pinscher_14.jpg,22,miniature_pinscher
great_pyrenees_104,C:\Users\mahmu\OneDrive\Desktop\Fine-Grained Pet Breed Classification\data\processed\images\great_pyrenees_104.jpg,16,great_pyrenees
saint_bernard_164,C:\Users\mahmu\OneDrive\Desktop\Fine-Grained Pet Breed Classification\data\processed\images\saint_bernard_164.jpg,29,saint_bernard
pug_189,C:\Users\mahmu\OneDrive\Desktop\Fine-Grained Pet Breed Classification\data\processed\images\pug_189.jpg,26,pug
newfoundland_125,C:\Users\mahmu\OneDrive\Desktop\Fine-Grained Pet Breed Classification\data\processed\images\newfoundland_125.jpg,23,newfoundland
staffordshire_bull_terrier_104,C:\Users\mahmu\OneDrive\Desktop\Fine-Grained Pet Breed Classification\data\processed\images\staffordshire_bull_terrier_104.jpg,35,staffordshire_bull_terrier
Bombay_159,C:\Users\mahmu\OneDrive\Desktop\Fine-Grained Pet Breed Classification\data\processed\images\Bombay_159.jpg,8,Bombay
Russian_Blue_154,C:\Users\mahmu\OneDrive\Desktop\Fine-Grained Pet Breed Classification\data\processed\images\Russian_Blue_154.jpg,28,Russian_Blue
Siamese_137,C:\Users\mahmu\OneDrive\Desktop\Fine-Grained Pet Breed Classification\data\processed\images\Siamese_137.jpg,33,Siamese
staffordshire_bull_terrier_197,C:\Users\mahmu\OneDrive\Desktop\Fine-Grained Pet Breed Classification\data\processed\images\staffordshire_bull_terrier_197.jpg,35,staffordshire_bull_terrier
keeshond_179,C:\Users\mahmu\OneDrive\Desktop\Fine-Grained Pet Breed Classification\data\processed\images\keeshond_179.jpg,19,keeshond
Bengal_145,C:\Users\mahmu\OneDrive\Desktop\Fine-Grained Pet Breed Classification\data\processed\images\Bengal_145.jpg,6,Bengal
British_Shorthair_203,C:\Users\mahmu\OneDrive\Desktop\Fine-Grained Pet Breed Classification\data\processed\images\British_Shorthair_203.jpg,10,British_Shorthair
Birman_126,C:\Users\mahmu\OneDrive\Desktop\Fine-Grained Pet Breed Classification\data\processed\images\Birman_126.jpg,7,Birman
Bengal_184,C:\Users\mahmu\OneDrive\Desktop\Fine-Grained Pet Breed Classification\data\processed\images\Bengal_184.jpg,6,Bengal
pomeranian_109,C:\Users\mahmu\OneDrive\Desktop\Fine-Grained Pet Breed Classification\data\processed\images\pomeranian_109.jpg,25,pomeranian
basset_hound_111,C:\Users\mahmu\OneDrive\Desktop\Fine-Grained Pet Breed Classification\data\processed\images\basset_hound_111.jpg,4,basset_hound
Siamese_170,C:\Users\mahmu\OneDrive\Desktop\Fine-Grained Pet Breed Classification\data\processed\images\Siamese_170.jpg,33,Siamese
Siamese_131,C:\Users\mahmu\OneDrive\Desktop\Fine-Grained Pet Breed Classification\data\processed\images\Siamese_131.jpg,33,Siamese
Siamese_133,C:\Users\mahmu\OneDrive\Desktop\Fine-Grained Pet Breed Classification\data\processed\images\Siamese_133.jpg,33,Siamese
shiba_inu_168,C:\Users\mahmu\OneDrive\Desktop\Fine-Grained Pet Breed Classification\data\processed\images\shiba_inu_168.jpg,32,shiba_inu
english_setter_165,C:\Users\mahmu\OneDrive\Desktop\Fine-Grained Pet Breed Classification\data\processed\images\english_setter_165.jpg,14,english_setter
Ragdoll_124,C:\Users\mahmu\OneDrive\Desktop\Fine-Grained Pet Breed Classification\data\processed\images\Ragdoll_124.jpg,27,Ragdoll
american_bulldog_117,C:\Users\mahmu\OneDrive\Desktop\Fine-Grained Pet Breed Classification\data\processed\images\american_bulldog_117.jpg,2,american_bulldog
havanese_106,C:\Users\mahmu\OneDrive\Desktop\Fine-Grained Pet Breed Classification\data\processed\images\havanese_106.jpg,17,havanese
newfoundland_122,C:\Users\mahmu\OneDrive\Desktop\Fine-Grained Pet Breed Classification\data\processed\images\newfoundland_122.jpg,23,newfoundland
newfoundland_187,C:\Users\mahmu\OneDrive\Desktop\Fine-Grained Pet Breed Classification\data\processed\images\newfoundland_187.jpg,23,newfoundland
scottish_terrier_179,C:\Users\mahmu\OneDrive\Desktop\Fine-Grained Pet Breed Classification\data\processed\images\scottish_terrier_179.jpg,31,scottish_terrier
newfoundland_107,C:\Users\mahmu\OneDrive\Desktop\Fine-Grained Pet Breed Classification\data\processed\images\newfoundland_107.jpg,23,newfoundland
english_cocker_spaniel_138,C:\Users\mahmu\OneDrive\Desktop\Fine-Grained Pet Breed Classification\data\processed\images\english_cocker_spaniel_138.jpg,13,english_cocker_spaniel
pomeranian_125,C:\Users\mahmu\OneDrive\Desktop\Fine-Grained Pet Breed Classification\data\processed\images\pomeranian_125.jpg,25,pomeranian
saint_bernard_148,C:\Users\mahmu\OneDrive\Desktop\Fine-Grained Pet Breed Classification\data\processed\images\saint_bernard_148.jpg,29,saint_bernard
miniature_pinscher_112,C:\Users\mahmu\OneDrive\Desktop\Fine-Grained Pet Breed Classification\data\processed\images\miniature_pinscher_112.jpg,22,miniature_pinscher
keeshond_18,C:\Users\mahmu\OneDrive\Desktop\Fine-Grained Pet Breed Classification\data\processed\images\keeshond_18.jpg,19,keeshond
scottish_terrier_187,C:\Users\mahmu\OneDrive\Desktop\Fine-Grained Pet Breed Classification\data\processed\images\scottish_terrier_187.jpg,31,scottish_terrier
Ragdoll_121,C:\Users\mahmu\OneDrive\Desktop\Fine-Grained Pet Breed Classification\data\processed\images\Ragdoll_121.jpg,27,Ragdoll
staffordshire_bull_terrier_15,C:\Users\mahmu\OneDrive\Desktop\Fine-Grained Pet Breed Classification\data\processed\images\staffordshire_bull_terrier_15.jpg,35,staffordshire_bull_terrier
British_Shorthair_140,C:\Users\mahmu\OneDrive\Desktop\Fine-Grained Pet Breed Classification\data\processed\images\British_Shorthair_140.jpg,10,British_Shorthair
yorkshire_terrier_141,C:\Users\mahmu\OneDrive\Desktop\Fine-Grained Pet Breed Classification\data\processed\images\yorkshire_terrier_141.jpg,37,yorkshire_terrier
english_cocker_spaniel_168,C:\Users\mahmu\OneDrive\Desktop\Fine-Grained Pet Breed Classification\data\processed\images\english_cocker_spaniel_168.jpg,13,english_cocker_spaniel
Siamese_110,C:\Users\mahmu\OneDrive\Desktop\Fine-Grained Pet Breed Classification\data\processed\images\Siamese_110.jpg,33,Siamese
saint_bernard_109,C:\Users\mahmu\OneDrive\Desktop\Fine-Grained Pet Breed Classification\data\processed\images\saint_bernard_109.jpg,29,saint_bernard
pomeranian_103,C:\Users\mahmu\OneDrive\Desktop\Fine-Grained Pet Breed Classification\data\processed\images\pomeranian_103.jpg,25,pomeranian
Bengal_178,C:\Users\mahmu\OneDrive\Desktop\Fine-Grained Pet Breed Classification\data\processed\images\Bengal_178.jpg,6,Bengal
Persian_126,C:\Users\mahmu\OneDrive\Desktop\Fine-Grained Pet Breed Classification\data\processed\images\Persian_126.jpg,24,Persian
Ragdoll_137,C:\Users\mahmu\OneDrive\Desktop\Fine-Grained Pet Breed Classification\data\processed\images\Ragdoll_137.jpg,27,Ragdoll
pomeranian_123,C:\Users\mahmu\OneDrive\Desktop\Fine-Grained Pet Breed Classification\data\processed\images\pomeranian_123.jpg,25,pomeranian
Bombay_198,C:\Users\mahmu\OneDrive\Desktop\Fine-Grained Pet Breed Classification\data\processed\images\Bombay_198.jpg,8,Bombay
Bengal_166,C:\Users\mahmu\OneDrive\Desktop\Fine-Grained Pet Breed Classification\data\processed\images\Bengal_166.jpg,6,Bengal
Russian_Blue_123,C:\Users\mahmu\OneDrive\Desktop\Fine-Grained Pet Breed Classification\data\processed\images\Russian_Blue_123.jpg,28,Russian_Blue
boxer_138,C:\Users\mahmu\OneDrive\Desktop\Fine-Grained Pet Breed Classification\data\processed\images\boxer_138.jpg,9,boxer
great_pyrenees_176,C:\Users\mahmu\OneDrive\Desktop\Fine-Grained Pet Breed Classification\data\processed\images\great_pyrenees_176.jpg,16,great_pyrenees
great_pyrenees_126,C:\Users\mahmu\OneDrive\Desktop\Fine-Grained Pet Breed Classification\data\processed\images\great_pyrenees_126.jpg,16,great_pyrenees
american_bulldog_140,C:\Users\mahmu\OneDrive\Desktop\Fine-Grained Pet Breed Classification\data\processed\images\american_bulldog_140.jpg,2,american_bulldog
Persian_197,C:\Users\mahmu\OneDrive\Desktop\Fine-Grained Pet Breed Classification\data\processed\images\Persian_197.jpg,24,Persian
keeshond_156,C:\Users\mahmu\OneDrive\Desktop\Fine-Grained Pet Breed Classification\data\processed\images\keeshond_156.jpg,19,keeshond
miniature_pinscher_126,C:\Users\mahmu\OneDrive\Desktop\Fine-Grained Pet Breed Classification\data\processed\images\miniature_pinscher_126.jpg,22,miniature_pinscher
miniature_pinscher_158,C:\Users\mahmu\OneDrive\Desktop\Fine-Grained Pet Breed Classification\data\processed\images\miniature_pinscher_158.jpg,22,miniature_pinscher
Siamese_188,C:\Users\mahmu\OneDrive\Desktop\Fine-Grained Pet Breed Classification\data\processed\images\Siamese_188.jpg,33,Siamese
Bombay_145,C:\Users\mahmu\OneDrive\Desktop\Fine-Grained Pet Breed Classification\data\processed\images\Bombay_145.jpg,8,Bombay
great_pyrenees_160,C:\Users\mahmu\OneDrive\Desktop\Fine-Grained Pet Breed Classification\data\processed\images\great_pyrenees_160.jpg,16,great_pyrenees
miniature_pinscher_162,C:\Users\mahmu\OneDrive\Desktop\Fine-Grained Pet Breed Classification\data\processed\images\miniature_pinscher_162.jpg,22,miniature_pinscher
saint_bernard_188,C:\Users\mahmu\OneDrive\Desktop\Fine-Grained Pet Breed Classification\data\processed\images\saint_bernard_188.jpg,29,saint_bernard
Persian_11,C:\Users\mahmu\OneDrive\Desktop\Fine-Grained Pet Breed Classification\data\processed\images\Persian_11.jpg,24,Persian
newfoundland_112,C:\Users\mahmu\OneDrive\Desktop\Fine-Grained Pet Breed Classification\data\processed\images\newfoundland_112.jpg,23,newfoundland
Birman_15,C:\Users\mahmu\OneDrive\Desktop\Fine-Grained Pet Breed Classification\data\processed\images\Birman_15.jpg,7,Birman
Maine_Coon_139,C:\Users\mahmu\OneDrive\Desktop\Fine-Grained Pet Breed Classification\data\processed\images\Maine_Coon_139.jpg,21,Maine_Coon
Persian_213,C:\Users\mahmu\OneDrive\Desktop\Fine-Grained Pet Breed Classification\data\processed\images\Persian_213.jpg,24,Persian
chihuahua_15,C:\Users\mahmu\OneDrive\Desktop\Fine-Grained Pet Breed Classification\data\processed\images\chihuahua_15.jpg,11,chihuahua
havanese_183,C:\Users\mahmu\OneDrive\Desktop\Fine-Grained Pet Breed Classification\data\processed\images\havanese_183.jpg,17,havanese
yorkshire_terrier_121,C:\Users\mahmu\OneDrive\Desktop\Fine-Grained Pet Breed Classification\data\processed\images\yorkshire_terrier_121.jpg,37,yorkshire_terrier
Persian_100,C:\Users\mahmu\OneDrive\Desktop\Fine-Grained Pet Breed Classification\data\processed\images\Persian_100.jpg,24,Persian
British_Shorthair_114,C:\Users\mahmu\OneDrive\Desktop\Fine-Grained Pet Breed Classification\data\processed\images\British_Shorthair_114.jpg,10,British_Shorthair
wheaten_terrier_151,C:\Users\mahmu\OneDrive\Desktop\Fine-Grained Pet Breed Classification\data\processed\images\wheaten_terrier_151.jpg,36,wheaten_terrier
english_cocker_spaniel_153,C:\Users\mahmu\OneDrive\Desktop\Fine-Grained Pet Breed Classification\data\processed\images\english_cocker_spaniel_153.jpg,13,english_cocker_spaniel
Egyptian_Mau_114,C:\Users\mahmu\OneDrive\Desktop\Fine-Grained Pet Breed Classification\data\processed\images\Egyptian_Mau_114.jpg,12,Egyptian_Mau
havanese_158,C:\Users\mahmu\OneDrive\Desktop\Fine-Grained Pet Breed Classification\data\processed\images\havanese_158.jpg,17,havanese
keeshond_164,C:\Users\mahmu\OneDrive\Desktop\Fine-Grained Pet Breed Classification\data\processed\images\keeshond_164.jpg,19,keeshond
Ragdoll_106,C:\Users\mahmu\OneDrive\Desktop\Fine-Grained Pet Breed Classification\data\processed\images\Ragdoll_106.jpg,27,Ragdoll
leonberger_177,C:\Users\mahmu\OneDrive\Desktop\Fine-Grained Pet Breed Classification\data\processed\images\leonberger_177.jpg,20,leonberger
scottish_terrier_176,C:\Users\mahmu\OneDrive\Desktop\Fine-Grained Pet Breed Classification\data\processed\images\scottish_terrier_176.jpg,31,scottish_terrier
pug_159,C:\Users\mahmu\OneDrive\Desktop\Fine-Grained Pet Breed Classification\data\processed\images\pug_159.jpg,26,pug
Maine_Coon_136,C:\Users\mahmu\OneDrive\Desktop\Fine-Grained Pet Breed Classification\data\processed\images\Maine_Coon_136.jpg,21,Maine_Coon
samoyed_164,C:\Users\mahmu\OneDrive\Desktop\Fine-Grained Pet Breed Classification\data\processed\images\samoyed_164.jpg,30,samoyed
Sphynx_206,C:\Users\mahmu\OneDrive\Desktop\Fine-Grained Pet Breed Classification\data\processed\images\Sphynx_206.jpg,34,Sphynx
Sphynx_178,C:\Users\mahmu\OneDrive\Desktop\Fine-Grained Pet Breed Classification\data\processed\images\Sphynx_178.jpg,34,Sphynx
beagle_171,C:\Users\mahmu\OneDrive\Desktop\Fine-Grained Pet Breed Classification\data\processed\images\beagle_171.jpg,5,beagle
havanese_113,C:\Users\mahmu\OneDrive\Desktop\Fine-Grained Pet Breed Classification\data\processed\images\havanese_113.jpg,17,havanese
american_bulldog_178,C:\Users\mahmu\OneDrive\Desktop\Fine-Grained Pet Breed Classification\data\processed\images\american_bulldog_178.jpg,2,american_bulldog
japanese_chin_17,C:\Users\mahmu\OneDrive\Desktop\Fine-Grained Pet Breed Classification\data\processed\images\japanese_chin_17.jpg,18,japanese_chin
english_setter_135,C:\Users\mahmu\OneDrive\Desktop\Fine-Grained Pet Breed Classification\data\processed\images\english_setter_135.jpg,14,english_setter
Sphynx_1,C:\Users\mahmu\OneDrive\Desktop\Fine-Grained Pet Breed Classification\data\processed\images\Sphynx_1.jpg,34,Sphynx
Egyptian_Mau_125,C:\Users\mahmu\OneDrive\Desktop\Fine-Grained Pet Breed Classification\data\processed\images\Egyptian_Mau_125.jpg,12,Egyptian_Mau
scottish_terrier_11,C:\Users\mahmu\OneDrive\Desktop\Fine-Grained Pet Breed Classification\data\processed\images\scottish_terrier_11.jpg,31,scottish_terrier
Egyptian_Mau_160,C:\Users\mahmu\OneDrive\Desktop\Fine-Grained Pet Breed Classification\data\processed\images\Egyptian_Mau_160.jpg,12,Egyptian_Mau
beagle_102,C:\Users\mahmu\OneDrive\Desktop\Fine-Grained Pet Breed Classification\data\processed\images\beagle_102.jpg,5,beagle
boxer_117,C:\Users\mahmu\OneDrive\Desktop\Fine-Grained Pet Breed Classification\data\processed\images\boxer_117.jpg,9,boxer
scottish_terrier_155,C:\Users\mahmu\OneDrive\Desktop\Fine-Grained Pet Breed Classification\data\processed\images\scottish_terrier_155.jpg,31,scottish_terrier
newfoundland_158,C:\Users\mahmu\OneDrive\Desktop\Fine-Grained Pet Breed Classification\data\processed\images\newfoundland_158.jpg,23,newfoundland
Egyptian_Mau_168,C:\Users\mahmu\OneDrive\Desktop\Fine-Grained Pet Breed Classification\data\processed\images\Egyptian_Mau_168.jpg,12,Egyptian_Mau
boxer_159,C:\Users\mahmu\OneDrive\Desktop\Fine-Grained Pet Breed Classification\data\processed\images\boxer_159.jpg,9,boxer
leonberger_137,C:\Users\mahmu\OneDrive\Desktop\Fine-Grained Pet Breed Classification\data\processed\images\leonberger_137.jpg,20,leonberger
shiba_inu_173,C:\Users\mahmu\OneDrive\Desktop\Fine-Grained Pet Breed Classification\data\processed\images\shiba_inu_173.jpg,32,shiba_inu
beagle_161,C:\Users\mahmu\OneDrive\Desktop\Fine-Grained Pet Breed Classification\data\processed\images\beagle_161.jpg,5,beagle
keeshond_151,C:\Users\mahmu\OneDrive\Desktop\Fine-Grained Pet Breed Classification\data\processed\images\keeshond_151.jpg,19,keeshond
Persian_164,C:\Users\mahmu\OneDrive\Desktop\Fine-Grained Pet Breed Classification\data\processed\images\Persian_164.jpg,24,Persian
leonberger_153,C:\Users\mahmu\OneDrive\Desktop\Fine-Grained Pet Breed Classification\data\processed\images\leonberger_153.jpg,20,leonberger
staffordshire_bull_terrier_152,C:\Users\mahmu\OneDrive\Desktop\Fine-Grained Pet Breed Classification\data\processed\images\staffordshire_bull_terrier_152.jpg,35,staffordshire_bull_terrier
British_Shorthair_137,C:\Users\mahmu\OneDrive\Desktop\Fine-Grained Pet Breed Classification\data\processed\images\British_Shorthair_137.jpg,10,British_Shorthair
British_Shorthair_148,C:\Users\mahmu\OneDrive\Desktop\Fine-Grained Pet Breed Classification\data\processed\images\British_Shorthair_148.jpg,10,British_Shorthair
British_Shorthair_100,C:\Users\mahmu\OneDrive\Desktop\Fine-Grained Pet Breed Classification\data\processed\images\British_Shorthair_100.jpg,10,British_Shorthair
basset_hound_181,C:\Users\mahmu\OneDrive\Desktop\Fine-Grained Pet Breed Classification\data\processed\images\basset_hound_181.jpg,4,basset_hound
german_shorthaired_162,C:\Users\mahmu\OneDrive\Desktop\Fine-Grained Pet Breed Classification\data\processed\images\german_shorthaired_162.jpg,15,german_shorthaired
japanese_chin_10,C:\Users\mahmu\OneDrive\Desktop\Fine-Grained Pet Breed Classification\data\processed\images\japanese_chin_10.jpg,18,japanese_chin
basset_hound_154,C:\Users\mahmu\OneDrive\Desktop\Fine-Grained Pet Breed Classification\data\processed\images\basset_hound_154.jpg,4,basset_hound
havanese_164,C:\Users\mahmu\OneDrive\Desktop\Fine-Grained Pet Breed Classification\data\processed\images\havanese_164.jpg,17,havanese
Sphynx_18,C:\Users\mahmu\OneDrive\Desktop\Fine-Grained Pet Breed Classification\data\processed\images\Sphynx_18.jpg,34,Sphynx
chihuahua_188,C:\Users\mahmu\OneDrive\Desktop\Fine-Grained Pet Breed Classification\data\processed\images\chihuahua_188.jpg,11,chihuahua
Siamese_158,C:\Users\mahmu\OneDrive\Desktop\Fine-Grained Pet Breed Classification\data\processed\images\Siamese_158.jpg,33,Siamese
shiba_inu_114,C:\Users\mahmu\OneDrive\Desktop\Fine-Grained Pet Breed Classification\data\processed\images\shiba_inu_114.jpg,32,shiba_inu
boxer_151,C:\Users\mahmu\OneDrive\Desktop\Fine-Grained Pet Breed Classification\data\processed\images\boxer_151.jpg,9,boxer
wheaten_terrier_153,C:\Users\mahmu\OneDrive\Desktop\Fine-Grained Pet Breed Classification\data\processed\images\wheaten_terrier_153.jpg,36,wheaten_terrier
newfoundland_123,C:\Users\mahmu\OneDrive\Desktop\Fine-Grained Pet Breed Classification\data\processed\images\newfoundland_123.jpg,23,newfoundland
Maine_Coon_111,C:\Users\mahmu\OneDrive\Desktop\Fine-Grained Pet Breed Classification\data\processed\images\Maine_Coon_111.jpg,21,Maine_Coon
shiba_inu_104,C:\Users\mahmu\OneDrive\Desktop\Fine-Grained Pet Breed Classification\data\processed\images\shiba_inu_104.jpg,32,shiba_inu
great_pyrenees_184,C:\Users\mahmu\OneDrive\Desktop\Fine-Grained Pet Breed Classification\data\processed\images\great_pyrenees_184.jpg,16,great_pyrenees
Abyssinian_136,C:\Users\mahmu\OneDrive\Desktop\Fine-Grained Pet Breed Classification\data\processed\images\Abyssinian_136.jpg,1,Abyssinian
american_pit_bull_terrier_152,C:\Users\mahmu\OneDrive\Desktop\Fine-Grained Pet Breed Classification\data\processed\images\american_pit_bull_terrier_152.jpg,3,american_pit_bull_terrier
Abyssinian_177,C:\Users\mahmu\OneDrive\Desktop\Fine-Grained Pet Breed Classification\data\processed\images\Abyssinian_177.jpg,1,Abyssinian
basset_hound_147,C:\Users\mahmu\OneDrive\Desktop\Fine-Grained Pet Breed Classification\data\processed\images\basset_hound_147.jpg,4,basset_hound
boxer_11,C:\Users\mahmu\OneDrive\Desktop\Fine-Grained Pet Breed Classification\data\processed\images\boxer_11.jpg,9,boxer
Bengal_136,C:\Users\mahmu\OneDrive\Desktop\Fine-Grained Pet Breed Classification\data\processed\images\Bengal_136.jpg,6,Bengal
english_cocker_spaniel_174,C:\Users\mahmu\OneDrive\Desktop\Fine-Grained Pet Breed Classification\data\processed\images\english_cocker_spaniel_174.jpg,13,english_cocker_spaniel
pug_131,C:\Users\mahmu\OneDrive\Desktop\Fine-Grained Pet Breed Classification\data\processed\images\pug_131.jpg,26,pug
pomeranian_17,C:\Users\mahmu\OneDrive\Desktop\Fine-Grained Pet Breed Classification\data\processed\images\pomeranian_17.jpg,25,pomeranian
wheaten_terrier_133,C:\Users\mahmu\OneDrive\Desktop\Fine-Grained Pet Breed Classification\data\processed\images\wheaten_terrier_133.jpg,36,wheaten_terrier
British_Shorthair_144,C:\Users\mahmu\OneDrive\Desktop\Fine-Grained Pet Breed Classification\data\processed\images\British_Shorthair_144.jpg,10,British_Shorthair
scottish_terrier_126,C:\Users\mahmu\OneDrive\Desktop\Fine-Grained Pet Breed Classification\data\processed\images\scottish_terrier_126.jpg,31,scottish_terrier
great_pyrenees_151,C:\Users\mahmu\OneDrive\Desktop\Fine-Grained Pet Breed Classification\data\processed\images\great_pyrenees_151.jpg,16,great_pyrenees
Maine_Coon_104,C:\Users\mahmu\OneDrive\Desktop\Fine-Grained Pet Breed Classification\data\processed\images\Maine_Coon_104.jpg,21,Maine_Coon
scottish_terrier_101,C:\Users\mahmu\OneDrive\Desktop\Fine-Grained Pet Breed Classification\data\processed\images\scottish_terrier_101.jpg,31,scottish_terrier
samoyed_188,C:\Users\mahmu\OneDrive\Desktop\Fine-Grained Pet Breed Classification\data\processed\images\samoyed_188.jpg,30,samoyed
Abyssinian_122,C:\Users\mahmu\OneDrive\Desktop\Fine-Grained Pet Breed Classification\data\processed\images\Abyssinian_122.jpg,1,Abyssinian
saint_bernard_107,C:\Users\mahmu\OneDrive\Desktop\Fine-Grained Pet Breed Classification\data\processed\images\saint_bernard_107.jpg,29,saint_bernard
american_bulldog_122,C:\Users\mahmu\OneDrive\Desktop\Fine-Grained Pet Breed Classification\data\processed\images\american_bulldog_122.jpg,2,american_bulldog
keeshond_139,C:\Users\mahmu\OneDrive\Desktop\Fine-Grained Pet Breed Classification\data\processed\images\keeshond_139.jpg,19,keeshond
Russian_Blue_182,C:\Users\mahmu\OneDrive\Desktop\Fine-Grained Pet Breed Classification\data\processed\images\Russian_Blue_182.jpg,28,Russian_Blue
Persian_141,C:\Users\mahmu\OneDrive\Desktop\Fine-Grained Pet Breed Classification\data\processed\images\Persian_141.jpg,24,Persian
great_pyrenees_127,C:\Users\mahmu\OneDrive\Desktop\Fine-Grained Pet Breed Classification\data\processed\images\great_pyrenees_127.jpg,16,great_pyrenees
miniature_pinscher_149,C:\Users\mahmu\OneDrive\Desktop\Fine-Grained Pet Breed Classification\data\processed\images\miniature_pinscher_149.jpg,22,miniature_pinscher
english_setter_149,C:\Users\mahmu\OneDrive\Desktop\Fine-Grained Pet Breed Classification\data\processed\images\english_setter_149.jpg,14,english_setter
leonberger_125,C:\Users\mahmu\OneDrive\Desktop\Fine-Grained Pet Breed Classification\data\processed\images\leonberger_125.jpg,20,leonberger
german_shorthaired_103,C:\Users\mahmu\OneDrive\Desktop\Fine-Grained Pet Breed Classification\data\processed\images\german_shorthaired_103.jpg,15,german_shorthaired
Siamese_19,C:\Users\mahmu\OneDrive\Desktop\Fine-Grained Pet Breed Classification\data\processed\images\Siamese_19.jpg,33,Siamese
Maine_Coon_158,C:\Users\mahmu\OneDrive\Desktop\Fine-Grained Pet Breed Classification\data\processed\images\Maine_Coon_158.jpg,21,Maine_Coon
basset_hound_106,C:\Users\mahmu\OneDrive\Desktop\Fine-Grained Pet Breed Classification\data\processed\images\basset_hound_106.jpg,4,basset_hound
american_pit_bull_terrier_107,C:\Users\mahmu\OneDrive\Desktop\Fine-Grained Pet Breed Classification\data\processed\images\american_pit_bull_terrier_107.jpg,3,american_pit_bull_terrier
english_cocker_spaniel_141,C:\Users\mahmu\OneDrive\Desktop\Fine-Grained Pet Breed Classification\data\processed\images\english_cocker_spaniel_141.jpg,13,english_cocker_spaniel
Maine_Coon_126,C:\Users\mahmu\OneDrive\Desktop\Fine-Grained Pet Breed Classification\data\processed\images\Maine_Coon_126.jpg,21,Maine_Coon
english_cocker_spaniel_134,C:\Users\mahmu\OneDrive\Desktop\Fine-Grained Pet Breed Classification\data\processed\images\english_cocker_spaniel_134.jpg,13,english_cocker_spaniel
staffordshire_bull_terrier_155,C:\Users\mahmu\OneDrive\Desktop\Fine-Grained Pet Breed Classification\data\processed\images\staffordshire_bull_terrier_155.jpg,35,staffordshire_bull_terrier
great_pyrenees_189,C:\Users\mahmu\OneDrive\Desktop\Fine-Grained Pet Breed Classification\data\processed\images\great_pyrenees_189.jpg,16,great_pyrenees
miniature_pinscher_127,C:\Users\mahmu\OneDrive\Desktop\Fine-Grained Pet Breed Classification\data\processed\images\miniature_pinscher_127.jpg,22,miniature_pinscher
chihuahua_134,C:\Users\mahmu\OneDrive\Desktop\Fine-Grained Pet Breed Classification\data\processed\images\chihuahua_134.jpg,11,chihuahua
Birman_106,C:\Users\mahmu\OneDrive\Desktop\Fine-Grained Pet Breed Classification\data\processed\images\Birman_106.jpg,7,Birman
Persian_108,C:\Users\mahmu\OneDrive\Desktop\Fine-Grained Pet Breed Classification\data\processed\images\Persian_108.jpg,24,Persian
american_pit_bull_terrier_158,C:\Users\mahmu\OneDrive\Desktop\Fine-Grained Pet Breed Classification\data\processed\images\american_pit_bull_terrier_158.jpg,3,american_pit_bull_terrier
beagle_140,C:\Users\mahmu\OneDrive\Desktop\Fine-Grained Pet Breed Classification\data\processed\images\beagle_140.jpg,5,beagle
Sphynx_158,C:\Users\mahmu\OneDrive\Desktop\Fine-Grained Pet Breed Classification\data\processed\images\Sphynx_158.jpg,34,Sphynx
miniature_pinscher_182,C:\Users\mahmu\OneDrive\Desktop\Fine-Grained Pet Breed Classification\data\processed\images\miniature_pinscher_182.jpg,22,miniature_pinscher
Egyptian_Mau_173,C:\Users\mahmu\OneDrive\Desktop\Fine-Grained Pet Breed Classification\data\processed\images\Egyptian_Mau_173.jpg,12,Egyptian_Mau
english_setter_143,C:\Users\mahmu\OneDrive\Desktop\Fine-Grained Pet Breed Classification\data\processed\images\english_setter_143.jpg,14,english_setter
Abyssinian_193,C:\Users\mahmu\OneDrive\Desktop\Fine-Grained Pet Breed Classification\data\processed\images\Abyssinian_193.jpg,1,Abyssinian
yorkshire_terrier_17,C:\Users\mahmu\OneDrive\Desktop\Fine-Grained Pet Breed Classification\data\processed\images\yorkshire_terrier_17.jpg,37,yorkshire_terrier
British_Shorthair_10,C:\Users\mahmu\OneDrive\Desktop\Fine-Grained Pet Breed Classification\data\processed\images\British_Shorthair_10.jpg,10,British_Shorthair
japanese_chin_12,C:\Users\mahmu\OneDrive\Desktop\Fine-Grained Pet Breed Classification\data\processed\images\japanese_chin_12.jpg,18,japanese_chin
Bengal_114,C:\Users\mahmu\OneDrive\Desktop\Fine-Grained Pet Breed Classification\data\processed\images\Bengal_114.jpg,6,Bengal
Ragdoll_139,C:\Users\mahmu\OneDrive\Desktop\Fine-Grained Pet Breed Classification\data\processed\images\Ragdoll_139.jpg,27,Ragdoll
english_setter_183,C:\Users\mahmu\OneDrive\Desktop\Fine-Grained Pet Breed Classification\data\processed\images\english_setter_183.jpg,14,english_setter
keeshond_135,C:\Users\mahmu\OneDrive\Desktop\Fine-Grained Pet Breed Classification\data\processed\images\keeshond_135.jpg,19,keeshond
Bengal_112,C:\Users\mahmu\OneDrive\Desktop\Fine-Grained Pet Breed Classification\data\processed\images\Bengal_112.jpg,6,Bengal
american_pit_bull_terrier_184,C:\Users\mahmu\OneDrive\Desktop\Fine-Grained Pet Breed Classification\data\processed\images\american_pit_bull_terrier_184.jpg,3,american_pit_bull_terrier
chihuahua_167,C:\Users\mahmu\OneDrive\Desktop\Fine-Grained Pet Breed Classification\data\processed\images\chihuahua_167.jpg,11,chihuahua
Sphynx_125,C:\Users\mahmu\OneDrive\Desktop\Fine-Grained Pet Breed Classification\data\processed\images\Sphynx_125.jpg,34,Sphynx
english_cocker_spaniel_127,C:\Users\mahmu\OneDrive\Desktop\Fine-Grained Pet Breed Classification\data\processed\images\english_cocker_spaniel_127.jpg,13,english_cocker_spaniel
wheaten_terrier_136,C:\Users\mahmu\OneDrive\Desktop\Fine-Grained Pet Breed Classification\data\processed\images\wheaten_terrier_136.jpg,36,wheaten_terrier
Persian_182,C:\Users\mahmu\OneDrive\Desktop\Fine-Grained Pet Breed Classification\data\processed\images\Persian_182.jpg,24,Persian
Ragdoll_175,C:\Users\mahmu\OneDrive\Desktop\Fine-Grained Pet Breed Classification\data\processed\images\Ragdoll_175.jpg,27,Ragdoll
wheaten_terrier_162,C:\Users\mahmu\OneDrive\Desktop\Fine-Grained Pet Breed Classification\data\processed\images\wheaten_terrier_162.jpg,36,wheaten_terrier
english_setter_178,C:\Users\mahmu\OneDrive\Desktop\Fine-Grained Pet Breed Classification\data\processed\images\english_setter_178.jpg,14,english_setter
chihuahua_172,C:\Users\mahmu\OneDrive\Desktop\Fine-Grained Pet Breed Classification\data\processed\images\chihuahua_172.jpg,11,chihuahua
wheaten_terrier_175,C:\Users\mahmu\OneDrive\Desktop\Fine-Grained Pet Breed Classification\data\processed\images\wheaten_terrier_175.jpg,36,wheaten_terrier
boxer_189,C:\Users\mahmu\OneDrive\Desktop\Fine-Grained Pet Breed Classification\data\processed\images\boxer_189.jpg,9,boxer
samoyed_140,C:\Users\mahmu\OneDrive\Desktop\Fine-Grained Pet Breed Classification\data\processed\images\samoyed_140.jpg,30,samoyed
chihuahua_166,C:\Users\mahmu\OneDrive\Desktop\Fine-Grained Pet Breed Classification\data\processed\images\chihuahua_166.jpg,11,chihuahua
havanese_186,C:\Users\mahmu\OneDrive\Desktop\Fine-Grained Pet Breed Classification\data\processed\images\havanese_186.jpg,17,havanese
miniature_pinscher_132,C:\Users\mahmu\OneDrive\Desktop\Fine-Grained Pet Breed Classification\data\processed\images\miniature_pinscher_132.jpg,22,miniature_pinscher
Siamese_169,C:\Users\mahmu\OneDrive\Desktop\Fine-Grained Pet Breed Classification\data\processed\images\Siamese_169.jpg,33,Siamese
Egyptian_Mau_187,C:\Users\mahmu\OneDrive\Desktop\Fine-Grained Pet Breed Classification\data\processed\images\Egyptian_Mau_187.jpg,12,Egyptian_Mau
english_cocker_spaniel_115,C:\Users\mahmu\OneDrive\Desktop\Fine-Grained Pet Breed Classification\data\processed\images\english_cocker_spaniel_115.jpg,13,english_cocker_spaniel
japanese_chin_14,C:\Users\mahmu\OneDrive\Desktop\Fine-Grained Pet Breed Classification\data\processed\images\japanese_chin_14.jpg,18,japanese_chin
Birman_116,C:\Users\mahmu\OneDrive\Desktop\Fine-Grained Pet Breed Classification\data\processed\images\Birman_116.jpg,7,Birman
pug_132,C:\Users\mahmu\OneDrive\Desktop\Fine-Grained Pet Breed Classification\data\processed\images\pug_132.jpg,26,pug
german_shorthaired_141,C:\Users\mahmu\OneDrive\Desktop\Fine-Grained Pet Breed Classification\data\processed\images\german_shorthaired_141.jpg,15,german_shorthaired
newfoundland_188,C:\Users\mahmu\OneDrive\Desktop\Fine-Grained Pet Breed Classification\data\processed\images\newfoundland_188.jpg,23,newfoundland
British_Shorthair_177,C:\Users\mahmu\OneDrive\Desktop\Fine-Grained Pet Breed Classification\data\processed\images\British_Shorthair_177.jpg,10,British_Shorthair
american_pit_bull_terrier_12,C:\Users\mahmu\OneDrive\Desktop\Fine-Grained Pet Breed Classification\data\processed\images\american_pit_bull_terrier_12.jpg,3,american_pit_bull_terrier
american_pit_bull_terrier_186,C:\Users\mahmu\OneDrive\Desktop\Fine-Grained Pet Breed Classification\data\processed\images\american_pit_bull_terrier_186.jpg,3,american_pit_bull_terrier
Siamese_191,C:\Users\mahmu\OneDrive\Desktop\Fine-Grained Pet Breed Classification\data\processed\images\Siamese_191.jpg,33,Siamese
american_bulldog_109,C:\Users\mahmu\OneDrive\Desktop\Fine-Grained Pet Breed Classification\data\processed\images\american_bulldog_109.jpg,2,american_bulldog
keeshond_174,C:\Users\mahmu\OneDrive\Desktop\Fine-Grained Pet Breed Classification\data\processed\images\keeshond_174.jpg,19,keeshond
Persian_137,C:\Users\mahmu\OneDrive\Desktop\Fine-Grained Pet Breed Classification\data\processed\images\Persian_137.jpg,24,Persian
leonberger_149,C:\Users\mahmu\OneDrive\Desktop\Fine-Grained Pet Breed Classification\data\processed\images\leonberger_149.jpg,20,leonberger
wheaten_terrier_164,C:\Users\mahmu\OneDrive\Desktop\Fine-Grained Pet Breed Classification\data\processed\images\wheaten_terrier_164.jpg,36,wheaten_terrier
British_Shorthair_205,C:\Users\mahmu\OneDrive\Desktop\Fine-Grained Pet Breed Classification\data\processed\images\British_Shorthair_205.jpg,10,British_Shorthair
Sphynx_201,C:\Users\mahmu\OneDrive\Desktop\Fine-Grained Pet Breed Classification\data\processed\images\Sphynx_201.jpg,34,Sphynx
samoyed_106,C:\Users\mahmu\OneDrive\Desktop\Fine-Grained Pet Breed Classification\data\processed\images\samoyed_106.jpg,30,samoyed
german_shorthaired_154,C:\Users\mahmu\OneDrive\Desktop\Fine-Grained Pet Breed Classification\data\processed\images\german_shorthaired_154.jpg,15,german_shorthaired
pomeranian_182,C:\Users\mahmu\OneDrive\Desktop\Fine-Grained Pet Breed Classification\data\processed\images\pomeranian_182.jpg,25,pomeranian
keeshond_111,C:\Users\mahmu\OneDrive\Desktop\Fine-Grained Pet Breed Classification\data\processed\images\keeshond_111.jpg,19,keeshond
Persian_196,C:\Users\mahmu\OneDrive\Desktop\Fine-Grained Pet Breed Classification\data\processed\images\Persian_196.jpg,24,Persian
pug_175,C:\Users\mahmu\OneDrive\Desktop\Fine-Grained Pet Breed Classification\data\processed\images\pug_175.jpg,26,pug
american_pit_bull_terrier_166,C:\Users\mahmu\OneDrive\Desktop\Fine-Grained Pet Breed Classification\data\processed\images\american_pit_bull_terrier_166.jpg,3,american_pit_bull_terrier
shiba_inu_189,C:\Users\mahmu\OneDrive\Desktop\Fine-Grained Pet Breed Classification\data\processed\images\shiba_inu_189.jpg,32,shiba_inu
keeshond_100,C:\Users\mahmu\OneDrive\Desktop\Fine-Grained Pet Breed Classification\data\processed\images\keeshond_100.jpg,19,keeshond
Sphynx_128,C:\Users\mahmu\OneDrive\Desktop\Fine-Grained Pet Breed Classification\data\processed\images\Sphynx_128.jpg,34,Sphynx
Birman_136,C:\Users\mahmu\OneDrive\Desktop\Fine-Grained Pet Breed Classification\data\processed\images\Birman_136.jpg,7,Birman
newfoundland_108,C:\Users\mahmu\OneDrive\Desktop\Fine-Grained Pet Breed Classification\data\processed\images\newfoundland_108.jpg,23,newfoundland
Bengal_137,C:\Users\mahmu\OneDrive\Desktop\Fine-Grained Pet Breed Classification\data\processed\images\Bengal_137.jpg,6,Bengal
great_pyrenees_136,C:\Users\mahmu\OneDrive\Desktop\Fine-Grained Pet Breed Classification\data\processed\images\great_pyrenees_136.jpg,16,great_pyrenees
american_bulldog_177,C:\Users\mahmu\OneDrive\Desktop\Fine-Grained Pet Breed Classification\data\processed\images\american_bulldog_177.jpg,2,american_bulldog
havanese_110,C:\Users\mahmu\OneDrive\Desktop\Fine-Grained Pet Breed Classification\data\processed\images\havanese_110.jpg,17,havanese
Abyssinian_117,C:\Users\mahmu\OneDrive\Desktop\Fine-Grained Pet Breed Classification\data\processed\images\Abyssinian_117.jpg,1,Abyssinian
japanese_chin_115,C:\Users\mahmu\OneDrive\Desktop\Fine-Grained Pet Breed Classification\data\processed\images\japanese_chin_115.jpg,18,japanese_chin
Abyssinian_110,C:\Users\mahmu\OneDrive\Desktop\Fine-Grained Pet Breed Classification\data\processed\images\Abyssinian_110.jpg,1,Abyssinian
Maine_Coon_150,C:\Users\mahmu\OneDrive\Desktop\Fine-Grained Pet Breed Classification\data\processed\images\Maine_Coon_150.jpg,21,Maine_Coon
British_Shorthair_172,C:\Users\mahmu\OneDrive\Desktop\Fine-Grained Pet Breed Classification\data\processed\images\British_Shorthair_172.jpg,10,British_Shorthair
keeshond_137,C:\Users\mahmu\OneDrive\Desktop\Fine-Grained Pet Breed Classification\data\processed\images\keeshond_137.jpg,19,keeshond
japanese_chin_156,C:\Users\mahmu\OneDrive\Desktop\Fine-Grained Pet Breed Classification\data\processed\images\japanese_chin_156.jpg,18,japanese_chin
pomeranian_173,C:\Users\mahmu\OneDrive\Desktop\Fine-Grained Pet Breed Classification\data\processed\images\pomeranian_173.jpg,25,pomeranian
Persian_159,C:\Users\mahmu\OneDrive\Desktop\Fine-Grained Pet Breed Classification\data\processed\images\Persian_159.jpg,24,Persian
samoyed_190,C:\Users\mahmu\OneDrive\Desktop\Fine-Grained Pet Breed Classification\data\processed\images\samoyed_190.jpg,30,samoyed
Persian_132,C:\Users\mahmu\OneDrive\Desktop\Fine-Grained Pet Breed Classification\data\processed\images\Persian_132.jpg,24,Persian
leonberger_176,C:\Users\mahmu\OneDrive\Desktop\Fine-Grained Pet Breed Classification\data\processed\images\leonberger_176.jpg,20,leonberger
german_shorthaired_151,C:\Users\mahmu\OneDrive\Desktop\Fine-Grained Pet Breed Classification\data\processed\images\german_shorthaired_151.jpg,15,german_shorthaired
american_bulldog_161,C:\Users\mahmu\OneDrive\Desktop\Fine-Grained Pet Breed Classification\data\processed\images\american_bulldog_161.jpg,2,american_bulldog
Abyssinian_105,C:\Users\mahmu\OneDrive\Desktop\Fine-Grained Pet Breed Classification\data\processed\images\Abyssinian_105.jpg,1,Abyssinian
yorkshire_terrier_108,C:\Users\mahmu\OneDrive\Desktop\Fine-Grained Pet Breed Classification\data\processed\images\yorkshire_terrier_108.jpg,37,yorkshire_terrier
Bombay_168,C:\Users\mahmu\OneDrive\Desktop\Fine-Grained Pet Breed Classification\data\processed\images\Bombay_168.jpg,8,Bombay
keeshond_143,C:\Users\mahmu\OneDrive\Desktop\Fine-Grained Pet Breed Classification\data\processed\images\keeshond_143.jpg,19,keeshond
staffordshire_bull_terrier_192,C:\Users\mahmu\OneDrive\Desktop\Fine-Grained Pet Breed Classification\data\processed\images\staffordshire_bull_terrier_192.jpg,35,staffordshire_bull_terrier
leonberger_120,C:\Users\mahmu\OneDrive\Desktop\Fine-Grained Pet Breed Classification\data\processed\images\leonberger_120.jpg,20,leonberger
Abyssinian_132,C:\Users\mahmu\OneDrive\Desktop\Fine-Grained Pet Breed Classification\data\processed\images\Abyssinian_132.jpg,1,Abyssinian
Ragdoll_163,C:\Users\mahmu\OneDrive\Desktop\Fine-Grained Pet Breed Classification\data\processed\images\Ragdoll_163.jpg,27,Ragdoll
english_setter_187,C:\Users\mahmu\OneDrive\Desktop\Fine-Grained Pet Breed Classification\data\processed\images\english_setter_187.jpg,14,english_setter
saint_bernard_174,C:\Users\mahmu\OneDrive\Desktop\Fine-Grained Pet Breed Classification\data\processed\images\saint_bernard_174.jpg,29,saint_bernard
chihuahua_17,C:\Users\mahmu\OneDrive\Desktop\Fine-Grained Pet Breed Classification\data\processed\images\chihuahua_17.jpg,11,chihuahua
staffordshire_bull_terrier_190,C:\Users\mahmu\OneDrive\Desktop\Fine-Grained Pet Breed Classification\data\processed\images\staffordshire_bull_terrier_190.jpg,35,staffordshire_bull_terrier
Egyptian_Mau_127,C:\Users\mahmu\OneDrive\Desktop\Fine-Grained Pet Breed Classification\data\processed\images\Egyptian_Mau_127.jpg,12,Egyptian_Mau
shiba_inu_162,C:\Users\mahmu\OneDrive\Desktop\Fine-Grained Pet Breed Classification\data\processed\images\shiba_inu_162.jpg,32,shiba_inu
american_bulldog_192,C:\Users\mahmu\OneDrive\Desktop\Fine-Grained Pet Breed Classification\data\processed\images\american_bulldog_192.jpg,2,american_bulldog
beagle_175,C:\Users\mahmu\OneDrive\Desktop\Fine-Grained Pet Breed Classification\data\processed\images\beagle_175.jpg,5,beagle
Abyssinian_135,C:\Users\mahmu\OneDrive\Desktop\Fine-Grained Pet Breed Classification\data\processed\images\Abyssinian_135.jpg,1,Abyssinian
american_pit_bull_terrier_173,C:\Users\mahmu\OneDrive\Desktop\Fine-Grained Pet Breed Classification\data\processed\images\american_pit_bull_terrier_173.jpg,3,american_pit_bull_terrier
Sphynx_130,C:\Users\mahmu\OneDrive\Desktop\Fine-Grained Pet Breed Classification\data\processed\images\Sphynx_130.jpg,34,Sphynx
Bombay_180,C:\Users\mahmu\OneDrive\Desktop\Fine-Grained Pet Breed Classification\data\processed\images\Bombay_180.jpg,8,Bombay
shiba_inu_10,C:\Users\mahmu\OneDrive\Desktop\Fine-Grained Pet Breed Classification\data\processed\images\shiba_inu_10.jpg,32,shiba_inu
scottish_terrier_131,C:\Users\mahmu\OneDrive\Desktop\Fine-Grained Pet Breed Classification\data\processed\images\scottish_terrier_131.jpg,31,scottish_terrier
samoyed_162,C:\Users\mahmu\OneDrive\Desktop\Fine-Grained Pet Breed Classification\data\processed\images\samoyed_162.jpg,30,samoyed
British_Shorthair_107,C:\Users\mahmu\OneDrive\Desktop\Fine-Grained Pet Breed Classification\data\processed\images\British_Shorthair_107.jpg,10,British_Shorthair
Bombay_111,C:\Users\mahmu\OneDrive\Desktop\Fine-Grained Pet Breed Classification\data\processed\images\Bombay_111.jpg,8,Bombay
Egyptian_Mau_106,C:\Users\mahmu\OneDrive\Desktop\Fine-Grained Pet Breed Classification\data\processed\images\Egyptian_Mau_106.jpg,12,Egyptian_Mau
yorkshire_terrier_173,C:\Users\mahmu\OneDrive\Desktop\Fine-Grained Pet Breed Classification\data\processed\images\yorkshire_terrier_173.jpg,37,yorkshire_terrier
British_Shorthair_196,C:\Users\mahmu\OneDrive\Desktop\Fine-Grained Pet Breed Classification\data\processed\images\British_Shorthair_196.jpg,10,British_Shorthair
japanese_chin_146,C:\Users\mahmu\OneDrive\Desktop\Fine-Grained Pet Breed Classification\data\processed\images\japanese_chin_146.jpg,18,japanese_chin
scottish_terrier_169,C:\Users\mahmu\OneDrive\Desktop\Fine-Grained Pet Breed Classification\data\processed\images\scottish_terrier_169.jpg,31,scottish_terrier
scottish_terrier_184,C:\Users\mahmu\OneDrive\Desktop\Fine-Grained Pet Breed Classification\data\processed\images\scottish_terrier_184.jpg,31,scottish_terrier
shiba_inu_137,C:\Users\mahmu\OneDrive\Desktop\Fine-Grained Pet Breed Classification\data\processed\images\shiba_inu_137.jpg,32,shiba_inu
Bombay_114,C:\Users\mahmu\OneDrive\Desktop\Fine-Grained Pet Breed Classification\data\processed\images\Bombay_114.jpg,8,Bombay
beagle_135,C:\Users\mahmu\OneDrive\Desktop\Fine-Grained Pet Breed Classification\data\processed\images\beagle_135.jpg,5,beagle
english_setter_159,C:\Users\mahmu\OneDrive\Desktop\Fine-Grained Pet Breed Classification\data\processed\images\english_setter_159.jpg,14,english_setter
german_shorthaired_159,C:\Users\mahmu\OneDrive\Desktop\Fine-Grained Pet Breed Classification\data\processed\images\german_shorthaired_159.jpg,15,german_shorthaired
staffordshire_bull_terrier_14,C:\Users\mahmu\OneDrive\Desktop\Fine-Grained Pet Breed Classification\data\processed\images\staffordshire_bull_terrier_14.jpg,35,staffordshire_bull_terrier
saint_bernard_169,C:\Users\mahmu\OneDrive\Desktop\Fine-Grained Pet Breed Classification\data\processed\images\saint_bernard_169.jpg,29,saint_bernard
scottish_terrier_137,C:\Users\mahmu\OneDrive\Desktop\Fine-Grained Pet Breed Classification\data\processed\images\scottish_terrier_137.jpg,31,scottish_terrier
japanese_chin_16,C:\Users\mahmu\OneDrive\Desktop\Fine-Grained Pet Breed Classification\data\processed\images\japanese_chin_16.jpg,18,japanese_chin
chihuahua_161,C:\Users\mahmu\OneDrive\Desktop\Fine-Grained Pet Breed Classification\data\processed\images\chihuahua_161.jpg,11,chihuahua
pomeranian_177,C:\Users\mahmu\OneDrive\Desktop\Fine-Grained Pet Breed Classification\data\processed\images\pomeranian_177.jpg,25,pomeranian
yorkshire_terrier_18,C:\Users\mahmu\OneDrive\Desktop\Fine-Grained Pet Breed Classification\data\processed\images\yorkshire_terrier_18.jpg,37,yorkshire_terrier
Persian_147,C:\Users\mahmu\OneDrive\Desktop\Fine-Grained Pet Breed Classification\data\processed\images\Persian_147.jpg,24,Persian
havanese_171,C:\Users\mahmu\OneDrive\Desktop\Fine-Grained Pet Breed Classification\data\processed\images\havanese_171.jpg,17,havanese
Maine_Coon_138,C:\Users\mahmu\OneDrive\Desktop\Fine-Grained Pet Breed Classification\data\processed\images\Maine_Coon_138.jpg,21,Maine_Coon
havanese_166,C:\Users\mahmu\OneDrive\Desktop\Fine-Grained Pet Breed Classification\data\processed\images\havanese_166.jpg,17,havanese
newfoundland_162,C:\Users\mahmu\OneDrive\Desktop\Fine-Grained Pet Breed Classification\data\processed\images\newfoundland_162.jpg,23,newfoundland
beagle_154,C:\Users\mahmu\OneDrive\Desktop\Fine-Grained Pet Breed Classification\data\processed\images\beagle_154.jpg,5,beagle
basset_hound_172,C:\Users\mahmu\OneDrive\Desktop\Fine-Grained Pet Breed Classification\data\processed\images\basset_hound_172.jpg,4,basset_hound
pug_174,C:\Users\mahmu\OneDrive\Desktop\Fine-Grained Pet Breed Classification\data\processed\images\pug_174.jpg,26,pug
staffordshire_bull_terrier_173,C:\Users\mahmu\OneDrive\Desktop\Fine-Grained Pet Breed Classification\data\processed\images\staffordshire_bull_terrier_173.jpg,35,staffordshire_bull_terrier
Egyptian_Mau_148,C:\Users\mahmu\OneDrive\Desktop\Fine-Grained Pet Breed Classification\data\processed\images\Egyptian_Mau_148.jpg,12,Egyptian_Mau
Bombay_129,C:\Users\mahmu\OneDrive\Desktop\Fine-Grained Pet Breed Classification\data\processed\images\Bombay_129.jpg,8,Bombay
Ragdoll_180,C:\Users\mahmu\OneDrive\Desktop\Fine-Grained Pet Breed Classification\data\processed\images\Ragdoll_180.jpg,27,Ragdoll
pug_153,C:\Users\mahmu\OneDrive\Desktop\Fine-Grained Pet Breed Classification\data\processed\images\pug_153.jpg,26,pug
Siamese_184,C:\Users\mahmu\OneDrive\Desktop\Fine-Grained Pet Breed Classification\data\processed\images\Siamese_184.jpg,33,Siamese
yorkshire_terrier_169,C:\Users\mahmu\OneDrive\Desktop\Fine-Grained Pet Breed Classification\data\processed\images\yorkshire_terrier_169.jpg,37,yorkshire_terrier
great_pyrenees_170,C:\Users\mahmu\OneDrive\Desktop\Fine-Grained Pet Breed Classification\data\processed\images\great_pyrenees_170.jpg,16,great_pyrenees
newfoundland_13,C:\Users\mahmu\OneDrive\Desktop\Fine-Grained Pet Breed Classification\data\processed\images\newfoundland_13.jpg,23,newfoundland
Bengal_115,C:\Users\mahmu\OneDrive\Desktop\Fine-Grained Pet Breed Classification\data\processed\images\Bengal_115.jpg,6,Bengal
Russian_Blue_150,C:\Users\mahmu\OneDrive\Desktop\Fine-Grained Pet Breed Classification\data\processed\images\Russian_Blue_150.jpg,28,Russian_Blue
Persian_186,C:\Users\mahmu\OneDrive\Desktop\Fine-Grained Pet Breed Classification\data\processed\images\Persian_186.jpg,24,Persian
Siamese_196,C:\Users\mahmu\OneDrive\Desktop\Fine-Grained Pet Breed Classification\data\processed\images\Siamese_196.jpg,33,Siamese
american_pit_bull_terrier_112,C:\Users\mahmu\OneDrive\Desktop\Fine-Grained Pet Breed Classification\data\processed\images\american_pit_bull_terrier_112.jpg,3,american_pit_bull_terrier
Egyptian_Mau_186,C:\Users\mahmu\OneDrive\Desktop\Fine-Grained Pet Breed Classification\data\processed\images\Egyptian_Mau_186.jpg,12,Egyptian_Mau
wheaten_terrier_111,C:\Users\mahmu\OneDrive\Desktop\Fine-Grained Pet Breed Classification\data\processed\images\wheaten_terrier_111.jpg,36,wheaten_terrier
pomeranian_18,C:\Users\mahmu\OneDrive\Desktop\Fine-Grained Pet Breed Classification\data\processed\images\pomeranian_18.jpg,25,pomeranian
Ragdoll_12,C:\Users\mahmu\OneDrive\Desktop\Fine-Grained Pet Breed Classification\data\processed\images\Ragdoll_12.jpg,27,Ragdoll
american_bulldog_123,C:\Users\mahmu\OneDrive\Desktop\Fine-Grained Pet Breed Classification\data\processed\images\american_bulldog_123.jpg,2,american_bulldog
great_pyrenees_129,C:\Users\mahmu\OneDrive\Desktop\Fine-Grained Pet Breed Classification\data\processed\images\great_pyrenees_129.jpg,16,great_pyrenees
great_pyrenees_11,C:\Users\mahmu\OneDrive\Desktop\Fine-Grained Pet Breed Classification\data\processed\images\great_pyrenees_11.jpg,16,great_pyrenees
american_bulldog_198,C:\Users\mahmu\OneDrive\Desktop\Fine-Grained Pet Breed Classification\data\processed\images\american_bulldog_198.jpg,2,american_bulldog
samoyed_126,C:\Users\mahmu\OneDrive\Desktop\Fine-Grained Pet Breed Classification\data\processed\images\samoyed_126.jpg,30,samoyed
yorkshire_terrier_105,C:\Users\mahmu\OneDrive\Desktop\Fine-Grained Pet Breed Classification\data\processed\images\yorkshire_terrier_105.jpg,37,yorkshire_terrier
great_pyrenees_179,C:\Users\mahmu\OneDrive\Desktop\Fine-Grained Pet Breed Classification\data\processed\images\great_pyrenees_179.jpg,16,great_pyrenees
Ragdoll_13,C:\Users\mahmu\OneDrive\Desktop\Fine-Grained Pet Breed Classification\data\processed\images\Ragdoll_13.jpg,27,Ragdoll
Russian_Blue_158,C:\Users\mahmu\OneDrive\Desktop\Fine-Grained Pet Breed Classification\data\processed\images\Russian_Blue_158.jpg,28,Russian_Blue
english_cocker_spaniel_156,C:\Users\mahmu\OneDrive\Desktop\Fine-Grained Pet Breed Classification\data\processed\images\english_cocker_spaniel_156.jpg,13,english_cocker_spaniel
Birman_110,C:\Users\mahmu\OneDrive\Desktop\Fine-Grained Pet Breed Classification\data\processed\images\Birman_110.jpg,7,Birman
newfoundland_150,C:\Users\mahmu\OneDrive\Desktop\Fine-Grained Pet Breed Classification\data\processed\images\newfoundland_150.jpg,23,newfoundland
chihuahua_107,C:\Users\mahmu\OneDrive\Desktop\Fine-Grained Pet Breed Classification\data\processed\images\chihuahua_107.jpg,11,chihuahua
Egyptian_Mau_192,C:\Users\mahmu\OneDrive\Desktop\Fine-Grained Pet Breed Classification\data\processed\images\Egyptian_Mau_192.jpg,12,Egyptian_Mau
Russian_Blue_146,C:\Users\mahmu\OneDrive\Desktop\Fine-Grained Pet Breed Classification\data\processed\images\Russian_Blue_146.jpg,28,Russian_Blue
Bengal_174,C:\Users\mahmu\OneDrive\Desktop\Fine-Grained Pet Breed Classification\data\processed\images\Bengal_174.jpg,6,Bengal
Bombay_150,C:\Users\mahmu\OneDrive\Desktop\Fine-Grained Pet Breed Classification\data\processed\images\Bombay_150.jpg,8,Bombay
beagle_119,C:\Users\mahmu\OneDrive\Desktop\Fine-Grained Pet Breed Classification\data\processed\images\beagle_119.jpg,5,beagle
boxer_178,C:\Users\mahmu\OneDrive\Desktop\Fine-Grained Pet Breed Classification\data\processed\images\boxer_178.jpg,9,boxer
miniature_pinscher_120,C:\Users\mahmu\OneDrive\Desktop\Fine-Grained Pet Breed Classification\data\processed\images\miniature_pinscher_120.jpg,22,miniature_pinscher
Egyptian_Mau_124,C:\Users\mahmu\OneDrive\Desktop\Fine-Grained Pet Breed Classification\data\processed\images\Egyptian_Mau_124.jpg,12,Egyptian_Mau
english_cocker_spaniel_110,C:\Users\mahmu\OneDrive\Desktop\Fine-Grained Pet Breed Classification\data\processed\images\english_cocker_spaniel_110.jpg,13,english_cocker_spaniel
basset_hound_136,C:\Users\mahmu\OneDrive\Desktop\Fine-Grained Pet Breed Classification\data\processed\images\basset_hound_136.jpg,4,basset_hound
english_setter_102,C:\Users\mahmu\OneDrive\Desktop\Fine-Grained Pet Breed Classification\data\processed\images\english_setter_102.jpg,14,english_setter
english_setter_174,C:\Users\mahmu\OneDrive\Desktop\Fine-Grained Pet Breed Classification\data\processed\images\english_setter_174.jpg,14,english_setter
boxer_173,C:\Users\mahmu\OneDrive\Desktop\Fine-Grained Pet Breed Classification\data\processed\images\boxer_173.jpg,9,boxer
german_shorthaired_169,C:\Users\mahmu\OneDrive\Desktop\Fine-Grained Pet Breed Classification\data\processed\images\german_shorthaired_169.jpg,15,german_shorthaired
Sphynx_187,C:\Users\mahmu\OneDrive\Desktop\Fine-Grained Pet Breed Classification\data\processed\images\Sphynx_187.jpg,34,Sphynx
chihuahua_120,C:\Users\mahmu\OneDrive\Desktop\Fine-Grained Pet Breed Classification\data\processed\images\chihuahua_120.jpg,11,chihuahua
Maine_Coon_124,C:\Users\mahmu\OneDrive\Desktop\Fine-Grained Pet Breed Classification\data\processed\images\Maine_Coon_124.jpg,21,Maine_Coon
leonberger_128,C:\Users\mahmu\OneDrive\Desktop\Fine-Grained Pet Breed Classification\data\processed\images\leonberger_128.jpg,20,leonberger
Sphynx_138,C:\Users\mahmu\OneDrive\Desktop\Fine-Grained Pet Breed Classification\data\processed\images\Sphynx_138.jpg,34,Sphynx
yorkshire_terrier_184,C:\Users\mahmu\OneDrive\Desktop\Fine-Grained Pet Breed Classification\data\processed\images\yorkshire_terrier_184.jpg,37,yorkshire_terrier
Persian_138,C:\Users\mahmu\OneDrive\Desktop\Fine-Grained Pet Breed Classification\data\processed\images\Persian_138.jpg,24,Persian
saint_bernard_105,C:\Users\mahmu\OneDrive\Desktop\Fine-Grained Pet Breed Classification\data\processed\images\saint_bernard_105.jpg,29,saint_bernard
Egyptian_Mau_189,C:\Users\mahmu\OneDrive\Desktop\Fine-Grained Pet Breed Classification\data\processed\images\Egyptian_Mau_189.jpg,12,Egyptian_Mau
chihuahua_151,C:\Users\mahmu\OneDrive\Desktop\Fine-Grained Pet Breed Classification\data\processed\images\chihuahua_151.jpg,11,chihuahua
Persian_162,C:\Users\mahmu\OneDrive\Desktop\Fine-Grained Pet Breed Classification\data\processed\images\Persian_162.jpg,24,Persian
wheaten_terrier_122,C:\Users\mahmu\OneDrive\Desktop\Fine-Grained Pet Breed Classification\data\processed\images\wheaten_terrier_122.jpg,36,wheaten_terrier
Abyssinian_197,C:\Users\mahmu\OneDrive\Desktop\Fine-Grained Pet Breed Classification\data\processed\images\Abyssinian_197.jpg,1,Abyssinian
german_shorthaired_166,C:\Users\mahmu\OneDrive\Desktop\Fine-Grained Pet Breed Classification\data\processed\images\german_shorthaired_166.jpg,15,german_shorthaired
american_bulldog_116,C:\Users\mahmu\OneDrive\Desktop\Fine-Grained Pet Breed Classification\data\processed\images\american_bulldog_116.jpg,2,american_bulldog
great_pyrenees_124,C:\Users\mahmu\OneDrive\Desktop\Fine-Grained Pet Breed Classification\data\processed\images\great_pyrenees_124.jpg,16,great_pyrenees
german_shorthaired_185,C:\Users\mahmu\OneDrive\Desktop\Fine-Grained Pet Breed Classification\data\processed\images\german_shorthaired_185.jpg,15,german_shorthaired
boxer_10,C:\Users\mahmu\OneDrive\Desktop\Fine-Grained Pet Breed Classification\data\processed\images\boxer_10.jpg,9,boxer
pug_146,C:\Users\mahmu\OneDrive\Desktop\Fine-Grained Pet Breed Classification\data\processed\images\pug_146.jpg,26,pug
great_pyrenees_138,C:\Users\mahmu\OneDrive\Desktop\Fine-Grained Pet Breed Classification\data\processed\images\great_pyrenees_138.jpg,16,great_pyrenees
Ragdoll_114,C:\Users\mahmu\OneDrive\Desktop\Fine-Grained Pet Breed Classification\data\processed\images\Ragdoll_114.jpg,27,Ragdoll
german_shorthaired_150,C:\Users\mahmu\OneDrive\Desktop\Fine-Grained Pet Breed Classification\data\processed\images\german_shorthaired_150.jpg,15,german_shorthaired
havanese_188,C:\Users\mahmu\OneDrive\Desktop\Fine-Grained Pet Breed Classification\data\processed\images\havanese_188.jpg,17,havanese
pomeranian_134,C:\Users\mahmu\OneDrive\Desktop\Fine-Grained Pet Breed Classification\data\processed\images\pomeranian_134.jpg,25,pomeranian
pug_182,C:\Users\mahmu\OneDrive\Desktop\Fine-Grained Pet Breed Classification\data\processed\images\pug_182.jpg,26,pug
english_setter_108,C:\Users\mahmu\OneDrive\Desktop\Fine-Grained Pet Breed Classification\data\processed\images\english_setter_108.jpg,14,english_setter
Ragdoll_104,C:\Users\mahmu\OneDrive\Desktop\Fine-Grained Pet Breed Classification\data\processed\images\Ragdoll_104.jpg,27,Ragdoll
scottish_terrier_118,C:\Users\mahmu\OneDrive\Desktop\Fine-Grained Pet Breed Classification\data\processed\images\scottish_terrier_118.jpg,31,scottish_terrier
Siamese_150,C:\Users\mahmu\OneDrive\Desktop\Fine-Grained Pet Breed Classification\data\processed\images\Siamese_150.jpg,33,Siamese
wheaten_terrier_125,C:\Users\mahmu\OneDrive\Desktop\Fine-Grained Pet Breed Classification\data\processed\images\wheaten_terrier_125.jpg,36,wheaten_terrier
Sphynx_205,C:\Users\mahmu\OneDrive\Desktop\Fine-Grained Pet Breed Classification\data\processed\images\Sphynx_205.jpg,34,Sphynx
keeshond_104,C:\Users\mahmu\OneDrive\Desktop\Fine-Grained Pet Breed Classification\data\processed\images\keeshond_104.jpg,19,keeshond
boxer_181,C:\Users\mahmu\OneDrive\Desktop\Fine-Grained Pet Breed Classification\data\processed\images\boxer_181.jpg,9,boxer
Bengal_176,C:\Users\mahmu\OneDrive\Desktop\Fine-Grained Pet Breed Classification\data\processed\images\Bengal_176.jpg,6,Bengal
Russian_Blue_129,C:\Users\mahmu\OneDrive\Desktop\Fine-Grained Pet Breed Classification\data\processed\images\Russian_Blue_129.jpg,28,Russian_Blue
Russian_Blue_174,C:\Users\mahmu\OneDrive\Desktop\Fine-Grained Pet Breed Classification\data\processed\images\Russian_Blue_174.jpg,28,Russian_Blue
Egyptian_Mau_152,C:\Users\mahmu\OneDrive\Desktop\Fine-Grained Pet Breed Classification\data\processed\images\Egyptian_Mau_152.jpg,12,Egyptian_Mau
saint_bernard_129,C:\Users\mahmu\OneDrive\Desktop\Fine-Grained Pet Breed Classification\data\processed\images\saint_bernard_129.jpg,29,saint_bernard
newfoundland_139,C:\Users\mahmu\OneDrive\Desktop\Fine-Grained Pet Breed Classification\data\processed\images\newfoundland_139.jpg,23,newfoundland
Bengal_157,C:\Users\mahmu\OneDrive\Desktop\Fine-Grained Pet Breed Classification\data\processed\images\Bengal_157.jpg,6,Bengal
samoyed_138,C:\Users\mahmu\OneDrive\Desktop\Fine-Grained Pet Breed Classification\data\processed\images\samoyed_138.jpg,30,samoyed
pug_168,C:\Users\mahmu\OneDrive\Desktop\Fine-Grained Pet Breed Classification\data\processed\images\pug_168.jpg,26,pug
Russian_Blue_136,C:\Users\mahmu\OneDrive\Desktop\Fine-Grained Pet Breed Classification\data\processed\images\Russian_Blue_136.jpg,28,Russian_Blue
Sphynx_200,C:\Users\mahmu\OneDrive\Desktop\Fine-Grained Pet Breed Classification\data\processed\images\Sphynx_200.jpg,34,Sphynx
chihuahua_13,C:\Users\mahmu\OneDrive\Desktop\Fine-Grained Pet Breed Classification\data\processed\images\chihuahua_13.jpg,11,chihuahua
english_setter_119,C:\Users\mahmu\OneDrive\Desktop\Fine-Grained Pet Breed Classification\data\processed\images\english_setter_119.jpg,14,english_setter
chihuahua_121,C:\Users\mahmu\OneDrive\Desktop\Fine-Grained Pet Breed Classification\data\processed\images\chihuahua_121.jpg,11,chihuahua
Ragdoll_126,C:\Users\mahmu\OneDrive\Desktop\Fine-Grained Pet Breed Classification\data\processed\images\Ragdoll_126.jpg,27,Ragdoll
Egyptian_Mau_190,C:\Users\mahmu\OneDrive\Desktop\Fine-Grained Pet Breed Classification\data\processed\images\Egyptian_Mau_190.jpg,12,Egyptian_Mau
pug_10,C:\Users\mahmu\OneDrive\Desktop\Fine-Grained Pet Breed Classification\data\processed\images\pug_10.jpg,26,pug
pug_180,C:\Users\mahmu\OneDrive\Desktop\Fine-Grained Pet Breed Classification\data\processed\images\pug_180.jpg,26,pug
english_cocker_spaniel_120,C:\Users\mahmu\OneDrive\Desktop\Fine-Grained Pet Breed Classification\data\processed\images\english_cocker_spaniel_120.jpg,13,english_cocker_spaniel
chihuahua_126,C:\Users\mahmu\OneDrive\Desktop\Fine-Grained Pet Breed Classification\data\processed\images\chihuahua_126.jpg,11,chihuahua
Siamese_204,C:\Users\mahmu\OneDrive\Desktop\Fine-Grained Pet Breed Classification\data\processed\images\Siamese_204.jpg,33,Siamese
Bombay_133,C:\Users\mahmu\OneDrive\Desktop\Fine-Grained Pet Breed Classification\data\processed\images\Bombay_133.jpg,8,Bombay
keeshond_190,C:\Users\mahmu\OneDrive\Desktop\Fine-Grained Pet Breed Classification\data\processed\images\keeshond_190.jpg,19,keeshond
japanese_chin_15,C:\Users\mahmu\OneDrive\Desktop\Fine-Grained Pet Breed Classification\data\processed\images\japanese_chin_15.jpg,18,japanese_chin
miniature_pinscher_129,C:\Users\mahmu\OneDrive\Desktop\Fine-Grained Pet Breed Classification\data\processed\images\miniature_pinscher_129.jpg,22,miniature_pinscher
yorkshire_terrier_102,C:\Users\mahmu\OneDrive\Desktop\Fine-Grained Pet Breed Classification\data\processed\images\yorkshire_terrier_102.jpg,37,yorkshire_terrier
saint_bernard_156,C:\Users\mahmu\OneDrive\Desktop\Fine-Grained Pet Breed Classification\data\processed\images\saint_bernard_156.jpg,29,saint_bernard
english_setter_141,C:\Users\mahmu\OneDrive\Desktop\Fine-Grained Pet Breed Classification\data\processed\images\english_setter_141.jpg,14,english_setter
yorkshire_terrier_117,C:\Users\mahmu\OneDrive\Desktop\Fine-Grained Pet Breed Classification\data\processed\images\yorkshire_terrier_117.jpg,37,yorkshire_terrier
scottish_terrier_178,C:\Users\mahmu\OneDrive\Desktop\Fine-Grained Pet Breed Classification\data\processed\images\scottish_terrier_178.jpg,31,scottish_terrier
miniature_pinscher_119,C:\Users\mahmu\OneDrive\Desktop\Fine-Grained Pet Breed Classification\data\processed\images\miniature_pinscher_119.jpg,22,miniature_pinscher
boxer_180,C:\Users\mahmu\OneDrive\Desktop\Fine-Grained Pet Breed Classification\data\processed\images\boxer_180.jpg,9,boxer
Maine_Coon_13,C:\Users\mahmu\OneDrive\Desktop\Fine-Grained Pet Breed Classification\data\processed\images\Maine_Coon_13.jpg,21,Maine_Coon
german_shorthaired_17,C:\Users\mahmu\OneDrive\Desktop\Fine-Grained Pet Breed Classification\data\processed\images\german_shorthaired_17.jpg,15,german_shorthaired
Egyptian_Mau_18,C:\Users\mahmu\OneDrive\Desktop\Fine-Grained Pet Breed Classification\data\processed\images\Egyptian_Mau_18.jpg,12,Egyptian_Mau
american_pit_bull_terrier_177,C:\Users\mahmu\OneDrive\Desktop\Fine-Grained Pet Breed Classification\data\processed\images\american_pit_bull_terrier_177.jpg,3,american_pit_bull_terrier
pomeranian_100,C:\Users\mahmu\OneDrive\Desktop\Fine-Grained Pet Breed Classification\data\processed\images\pomeranian_100.jpg,25,pomeranian
basset_hound_101,C:\Users\mahmu\OneDrive\Desktop\Fine-Grained Pet Breed Classification\data\processed\images\basset_hound_101.jpg,4,basset_hound
miniature_pinscher_168,C:\Users\mahmu\OneDrive\Desktop\Fine-Grained Pet Breed Classification\data\processed\images\miniature_pinscher_168.jpg,22,miniature_pinscher
english_setter_16,C:\Users\mahmu\OneDrive\Desktop\Fine-Grained Pet Breed Classification\data\processed\images\english_setter_16.jpg,14,english_setter
pomeranian_143,C:\Users\mahmu\OneDrive\Desktop\Fine-Grained Pet Breed Classification\data\processed\images\pomeranian_143.jpg,25,pomeranian
miniature_pinscher_134,C:\Users\mahmu\OneDrive\Desktop\Fine-Grained Pet Breed Classification\data\processed\images\miniature_pinscher_134.jpg,22,miniature_pinscher
scottish_terrier_152,C:\Users\mahmu\OneDrive\Desktop\Fine-Grained Pet Breed Classification\data\processed\images\scottish_terrier_152.jpg,31,scottish_terrier
american_pit_bull_terrier_185,C:\Users\mahmu\OneDrive\Desktop\Fine-Grained Pet Breed Classification\data\processed\images\american_pit_bull_terrier_185.jpg,3,american_pit_bull_terrier
german_shorthaired_168,C:\Users\mahmu\OneDrive\Desktop\Fine-Grained Pet Breed Classification\data\processed\images\german_shorthaired_168.jpg,15,german_shorthaired
newfoundland_124,C:\Users\mahmu\OneDrive\Desktop\Fine-Grained Pet Breed Classification\data\processed\images\newfoundland_124.jpg,23,newfoundland
shiba_inu_160,C:\Users\mahmu\OneDrive\Desktop\Fine-Grained Pet Breed Classification\data\processed\images\shiba_inu_160.jpg,32,shiba_inu
leonberger_170,C:\Users\mahmu\OneDrive\Desktop\Fine-Grained Pet Breed Classification\data\processed\images\leonberger_170.jpg,20,leonberger
British_Shorthair_151,C:\Users\mahmu\OneDrive\Desktop\Fine-Grained Pet Breed Classification\data\processed\images\British_Shorthair_151.jpg,10,British_Shorthair
miniature_pinscher_148,C:\Users\mahmu\OneDrive\Desktop\Fine-Grained Pet Breed Classification\data\processed\images\miniature_pinscher_148.jpg,22,miniature_pinscher
leonberger_112,C:\Users\mahmu\OneDrive\Desktop\Fine-Grained Pet Breed Classification\data\processed\images\leonberger_112.jpg,20,leonberger
Egyptian_Mau_141,C:\Users\mahmu\OneDrive\Desktop\Fine-Grained Pet Breed Classification\data\processed\images\Egyptian_Mau_141.jpg,12,Egyptian_Mau
havanese_174,C:\Users\mahmu\OneDrive\Desktop\Fine-Grained Pet Breed Classification\data\processed\images\havanese_174.jpg,17,havanese
shiba_inu_150,C:\Users\mahmu\OneDrive\Desktop\Fine-Grained Pet Breed Classification\data\processed\images\shiba_inu_150.jpg,32,shiba_inu
miniature_pinscher_147,C:\Users\mahmu\OneDrive\Desktop\Fine-Grained Pet Breed Classification\data\processed\images\miniature_pinscher_147.jpg,22,miniature_pinscher
yorkshire_terrier_183,C:\Users\mahmu\OneDrive\Desktop\Fine-Grained Pet Breed Classification\data\processed\images\yorkshire_terrier_183.jpg,37,yorkshire_terrier
boxer_169,C:\Users\mahmu\OneDrive\Desktop\Fine-Grained Pet Breed Classification\data\processed\images\boxer_169.jpg,9,boxer
Siamese_186,C:\Users\mahmu\OneDrive\Desktop\Fine-Grained Pet Breed Classification\data\processed\images\Siamese_186.jpg,33,Siamese
Maine_Coon_145,C:\Users\mahmu\OneDrive\Desktop\Fine-Grained Pet Breed Classification\data\processed\images\Maine_Coon_145.jpg,21,Maine_Coon
Siamese_168,C:\Users\mahmu\OneDrive\Desktop\Fine-Grained Pet Breed Classification\data\processed\images\Siamese_168.jpg,33,Siamese
pomeranian_174,C:\Users\mahmu\OneDrive\Desktop\Fine-Grained Pet Breed Classification\data\processed\images\pomeranian_174.jpg,25,pomeranian
chihuahua_183,C:\Users\mahmu\OneDrive\Desktop\Fine-Grained Pet Breed Classification\data\processed\images\chihuahua_183.jpg,11,chihuahua
american_pit_bull_terrier_138,C:\Users\mahmu\OneDrive\Desktop\Fine-Grained Pet Breed Classification\data\processed\images\american_pit_bull_terrier_138.jpg,3,american_pit_bull_terrier
Ragdoll_184,C:\Users\mahmu\OneDrive\Desktop\Fine-Grained Pet Breed Classification\data\processed\images\Ragdoll_184.jpg,27,Ragdoll
pug_166,C:\Users\mahmu\OneDrive\Desktop\Fine-Grained Pet Breed Classification\data\processed\images\pug_166.jpg,26,pug
saint_bernard_117,C:\Users\mahmu\OneDrive\Desktop\Fine-Grained Pet Breed Classification\data\processed\images\saint_bernard_117.jpg,29,saint_bernard
Egyptian_Mau_178,C:\Users\mahmu\OneDrive\Desktop\Fine-Grained Pet Breed Classification\data\processed\images\Egyptian_Mau_178.jpg,12,Egyptian_Mau
Russian_Blue_118,C:\Users\mahmu\OneDrive\Desktop\Fine-Grained Pet Breed Classification\data\processed\images\Russian_Blue_118.jpg,28,Russian_Blue
Abyssinian_154,C:\Users\mahmu\OneDrive\Desktop\Fine-Grained Pet Breed Classification\data\processed\images\Abyssinian_154.jpg,1,Abyssinian
scottish_terrier_150,C:\Users\mahmu\OneDrive\Desktop\Fine-Grained Pet Breed Classification\data\processed\images\scottish_terrier_150.jpg,31,scottish_terrier
boxer_153,C:\Users\mahmu\OneDrive\Desktop\Fine-Grained Pet Breed Classification\data\processed\images\boxer_153.jpg,9,boxer
scottish_terrier_109,C:\Users\mahmu\OneDrive\Desktop\Fine-Grained Pet Breed Classification\data\processed\images\scottish_terrier_109.jpg,31,scottish_terrier
beagle_149,C:\Users\mahmu\OneDrive\Desktop\Fine-Grained Pet Breed Classification\data\processed\images\beagle_149.jpg,5,beagle
leonberger_140,C:\Users\mahmu\OneDrive\Desktop\Fine-Grained Pet Breed Classification\data\processed\images\leonberger_140.jpg,20,leonberger
Maine_Coon_176,C:\Users\mahmu\OneDrive\Desktop\Fine-Grained Pet Breed Classification\data\processed\images\Maine_Coon_176.jpg,21,Maine_Coon
Abyssinian_142,C:\Users\mahmu\OneDrive\Desktop\Fine-Grained Pet Breed Classification\data\processed\images\Abyssinian_142.jpg,1,Abyssinian
Birman_154,C:\Users\mahmu\OneDrive\Desktop\Fine-Grained Pet Breed Classification\data\processed\images\Birman_154.jpg,7,Birman
wheaten_terrier_102,C:\Users\mahmu\OneDrive\Desktop\Fine-Grained Pet Breed Classification\data\processed\images\wheaten_terrier_102.jpg,36,wheaten_terrier
american_bulldog_111,C:\Users\mahmu\OneDrive\Desktop\Fine-Grained Pet Breed Classification\data\processed\images\american_bulldog_111.jpg,2,american_bulldog
german_shorthaired_183,C:\Users\mahmu\OneDrive\Desktop\Fine-Grained Pet Breed Classification\data\processed\images\german_shorthaired_183.jpg,15,german_shorthaired
Persian_145,C:\Users\mahmu\OneDrive\Desktop\Fine-Grained Pet Breed Classification\data\processed\images\Persian_145.jpg,24,Persian
Siamese_119,C:\Users\mahmu\OneDrive\Desktop\Fine-Grained Pet Breed Classification\data\processed\images\Siamese_119.jpg,33,Siamese
great_pyrenees_171,C:\Users\mahmu\OneDrive\Desktop\Fine-Grained Pet Breed Classification\data\processed\images\great_pyrenees_171.jpg,16,great_pyrenees
Birman_107,C:\Users\mahmu\OneDrive\Desktop\Fine-Grained Pet Breed Classification\data\processed\images\Birman_107.jpg,7,Birman
yorkshire_terrier_152,C:\Users\mahmu\OneDrive\Desktop\Fine-Grained Pet Breed Classification\data\processed\images\yorkshire_terrier_152.jpg,37,yorkshire_terrier
keeshond_188,C:\Users\mahmu\OneDrive\Desktop\Fine-Grained Pet Breed Classification\data\processed\images\keeshond_188.jpg,19,keeshond
great_pyrenees_102,C:\Users\mahmu\OneDrive\Desktop\Fine-Grained Pet Breed Classification\data\processed\images\great_pyrenees_102.jpg,16,great_pyrenees
saint_bernard_13,C:\Users\mahmu\OneDrive\Desktop\Fine-Grained Pet Breed Classification\data\processed\images\saint_bernard_13.jpg,29,saint_bernard
american_pit_bull_terrier_123,C:\Users\mahmu\OneDrive\Desktop\Fine-Grained Pet Breed Classification\data\processed\images\american_pit_bull_terrier_123.jpg,3,american_pit_bull_terrier
miniature_pinscher_144,C:\Users\mahmu\OneDrive\Desktop\Fine-Grained Pet Breed Classification\data\processed\images\miniature_pinscher_144.jpg,22,miniature_pinscher
pomeranian_131,C:\Users\mahmu\OneDrive\Desktop\Fine-Grained Pet Breed Classification\data\processed\images\pomeranian_131.jpg,25,pomeranian
japanese_chin_187,C:\Users\mahmu\OneDrive\Desktop\Fine-Grained Pet Breed Classification\data\processed\images\japanese_chin_187.jpg,18,japanese_chin
english_cocker_spaniel_104,C:\Users\mahmu\OneDrive\Desktop\Fine-Grained Pet Breed Classification\data\processed\images\english_cocker_spaniel_104.jpg,13,english_cocker_spaniel
Russian_Blue_183,C:\Users\mahmu\OneDrive\Desktop\Fine-Grained Pet Breed Classification\data\processed\images\Russian_Blue_183.jpg,28,Russian_Blue
american_bulldog_180,C:\Users\mahmu\OneDrive\Desktop\Fine-Grained Pet Breed Classification\data\processed\images\american_bulldog_180.jpg,2,american_bulldog
Egyptian_Mau_121,C:\Users\mahmu\OneDrive\Desktop\Fine-Grained Pet Breed Classification\data\processed\images\Egyptian_Mau_121.jpg,12,Egyptian_Mau
Siamese_185,C:\Users\mahmu\OneDrive\Desktop\Fine-Grained Pet Breed Classification\data\processed\images\Siamese_185.jpg,33,Siamese
keeshond_14,C:\Users\mahmu\OneDrive\Desktop\Fine-Grained Pet Breed Classification\data\processed\images\keeshond_14.jpg,19,keeshond
american_pit_bull_terrier_109,C:\Users\mahmu\OneDrive\Desktop\Fine-Grained Pet Breed Classification\data\processed\images\american_pit_bull_terrier_109.jpg,3,american_pit_bull_terrier
Bombay_191,C:\Users\mahmu\OneDrive\Desktop\Fine-Grained Pet Breed Classification\data\processed\images\Bombay_191.jpg,8,Bombay
pug_134,C:\Users\mahmu\OneDrive\Desktop\Fine-Grained Pet Breed Classification\data\processed\images\pug_134.jpg,26,pug
Birman_124,C:\Users\mahmu\OneDrive\Desktop\Fine-Grained Pet Breed Classification\data\processed\images\Birman_124.jpg,7,Birman
samoyed_103,C:\Users\mahmu\OneDrive\Desktop\Fine-Grained Pet Breed Classification\data\processed\images\samoyed_103.jpg,30,samoyed
Birman_14,C:\Users\mahmu\OneDrive\Desktop\Fine-Grained Pet Breed Classification\data\processed\images\Birman_14.jpg,7,Birman
pomeranian_124,C:\Users\mahmu\OneDrive\Desktop\Fine-Grained Pet Breed Classification\data\processed\images\pomeranian_124.jpg,25,pomeranian
staffordshire_bull_terrier_111,C:\Users\mahmu\OneDrive\Desktop\Fine-Grained Pet Breed Classification\data\processed\images\staffordshire_bull_terrier_111.jpg,35,staffordshire_bull_terrier
scottish_terrier_165,C:\Users\mahmu\OneDrive\Desktop\Fine-Grained Pet Breed Classification\data\processed\images\scottish_terrier_165.jpg,31,scottish_terrier
shiba_inu_102,C:\Users\mahmu\OneDrive\Desktop\Fine-Grained Pet Breed Classification\data\processed\images\shiba_inu_102.jpg,32,shiba_inu
Egyptian_Mau_105,C:\Users\mahmu\OneDrive\Desktop\Fine-Grained Pet Breed Classification\data\processed\images\Egyptian_Mau_105.jpg,12,Egyptian_Mau
pug_141,C:\Users\mahmu\OneDrive\Desktop\Fine-Grained Pet Breed Classification\data\processed\images\pug_141.jpg,26,pug
Bengal_11,C:\Users\mahmu\OneDrive\Desktop\Fine-Grained Pet Breed Classification\data\processed\images\Bengal_11.jpg,6,Bengal
english_cocker_spaniel_169,C:\Users\mahmu\OneDrive\Desktop\Fine-Grained Pet Breed Classification\data\processed\images\english_cocker_spaniel_169.jpg,13,english_cocker_spaniel
saint_bernard_184,C:\Users\mahmu\OneDrive\Desktop\Fine-Grained Pet Breed Classification\data\processed\images\saint_bernard_184.jpg,29,saint_bernard
Persian_17,C:\Users\mahmu\OneDrive\Desktop\Fine-Grained Pet Breed Classification\data\processed\images\Persian_17.jpg,24,Persian
British_Shorthair_193,C:\Users\mahmu\OneDrive\Desktop\Fine-Grained Pet Breed Classification\data\processed\images\British_Shorthair_193.jpg,10,British_Shorthair
basset_hound_151,C:\Users\mahmu\OneDrive\Desktop\Fine-Grained Pet Breed Classification\data\processed\images\basset_hound_151.jpg,4,basset_hound
japanese_chin_153,C:\Users\mahmu\OneDrive\Desktop\Fine-Grained Pet Breed Classification\data\processed\images\japanese_chin_153.jpg,18,japanese_chin
miniature_pinscher_180,C:\Users\mahmu\OneDrive\Desktop\Fine-Grained Pet Breed Classification\data\processed\images\miniature_pinscher_180.jpg,22,miniature_pinscher
beagle_168,C:\Users\mahmu\OneDrive\Desktop\Fine-Grained Pet Breed Classification\data\processed\images\beagle_168.jpg,5,beagle
miniature_pinscher_121,C:\Users\mahmu\OneDrive\Desktop\Fine-Grained Pet Breed Classification\data\processed\images\miniature_pinscher_121.jpg,22,miniature_pinscher
chihuahua_16,C:\Users\mahmu\OneDrive\Desktop\Fine-Grained Pet Breed Classification\data\processed\images\chihuahua_16.jpg,11,chihuahua
beagle_138,C:\Users\mahmu\OneDrive\Desktop\Fine-Grained Pet Breed Classification\data\processed\images\beagle_138.jpg,5,beagle
keeshond_152,C:\Users\mahmu\OneDrive\Desktop\Fine-Grained Pet Breed Classification\data\processed\images\keeshond_152.jpg,19,keeshond
Bengal_190,C:\Users\mahmu\OneDrive\Desktop\Fine-Grained Pet Breed Classification\data\processed\images\Bengal_190.jpg,6,Bengal
Bombay_185,C:\Users\mahmu\OneDrive\Desktop\Fine-Grained Pet Breed Classification\data\processed\images\Bombay_185.jpg,8,Bombay
Bengal_109,C:\Users\mahmu\OneDrive\Desktop\Fine-Grained Pet Breed Classification\data\processed\images\Bengal_109.jpg,6,Bengal
german_shorthaired_134,C:\Users\mahmu\OneDrive\Desktop\Fine-Grained Pet Breed Classification\data\processed\images\german_shorthaired_134.jpg,15,german_shorthaired
chihuahua_144,C:\Users\mahmu\OneDrive\Desktop\Fine-Grained Pet Breed Classification\data\processed\images\chihuahua_144.jpg,11,chihuahua
english_cocker_spaniel_173,C:\Users\mahmu\OneDrive\Desktop\Fine-Grained Pet Breed Classification\data\processed\images\english_cocker_spaniel_173.jpg,13,english_cocker_spaniel
basset_hound_128,C:\Users\mahmu\OneDrive\Desktop\Fine-Grained Pet Breed Classification\data\processed\images\basset_hound_128.jpg,4,basset_hound
yorkshire_terrier_163,C:\Users\mahmu\OneDrive\Desktop\Fine-Grained Pet Breed Classification\data\processed\images\yorkshire_terrier_163.jpg,37,yorkshire_terrier
havanese_11,C:\Users\mahmu\OneDrive\Desktop\Fine-Grained Pet Breed Classification\data\processed\images\havanese_11.jpg,17,havanese
Abyssinian_137,C:\Users\mahmu\OneDrive\Desktop\Fine-Grained Pet Breed Classification\data\processed\images\Abyssinian_137.jpg,1,Abyssinian
boxer_132,C:\Users\mahmu\OneDrive\Desktop\Fine-Grained Pet Breed Classification\data\processed\images\boxer_132.jpg,9,boxer
samoyed_155,C:\Users\mahmu\OneDrive\Desktop\Fine-Grained Pet Breed Classification\data\processed\images\samoyed_155.jpg,30,samoyed
newfoundland_102,C:\Users\mahmu\OneDrive\Desktop\Fine-Grained Pet Breed Classification\data\processed\images\newfoundland_102.jpg,23,newfoundland
Egyptian_Mau_14,C:\Users\mahmu\OneDrive\Desktop\Fine-Grained Pet Breed Classification\data\processed\images\Egyptian_Mau_14.jpg,12,Egyptian_Mau
great_pyrenees_14,C:\Users\mahmu\OneDrive\Desktop\Fine-Grained Pet Breed Classification\data\processed\images\great_pyrenees_14.jpg,16,great_pyrenees
yorkshire_terrier_146,C:\Users\mahmu\OneDrive\Desktop\Fine-Grained Pet Breed Classification\data\processed\images\yorkshire_terrier_146.jpg,37,yorkshire_terrier
samoyed_143,C:\Users\mahmu\OneDrive\Desktop\Fine-Grained Pet Breed Classification\data\processed\images\samoyed_143.jpg,30,samoyed
havanese_173,C:\Users\mahmu\OneDrive\Desktop\Fine-Grained Pet Breed Classification\data\processed\images\havanese_173.jpg,17,havanese
havanese_147,C:\Users\mahmu\OneDrive\Desktop\Fine-Grained Pet Breed Classification\data\processed\images\havanese_147.jpg,17,havanese
shiba_inu_118,C:\Users\mahmu\OneDrive\Desktop\Fine-Grained Pet Breed Classification\data\processed\images\shiba_inu_118.jpg,32,shiba_inu
american_pit_bull_terrier_160,C:\Users\mahmu\OneDrive\Desktop\Fine-Grained Pet Breed Classification\data\processed\images\american_pit_bull_terrier_160.jpg,3,american_pit_bull_terrier
Abyssinian_153,C:\Users\mahmu\OneDrive\Desktop\Fine-Grained Pet Breed Classification\data\processed\images\Abyssinian_153.jpg,1,Abyssinian
shiba_inu_185,C:\Users\mahmu\OneDrive\Desktop\Fine-Grained Pet Breed Classification\data\processed\images\shiba_inu_185.jpg,32,shiba_inu
Bengal_177,C:\Users\mahmu\OneDrive\Desktop\Fine-Grained Pet Breed Classification\data\processed\images\Bengal_177.jpg,6,Bengal
wheaten_terrier_154,C:\Users\mahmu\OneDrive\Desktop\Fine-Grained Pet Breed Classification\data\processed\images\wheaten_terrier_154.jpg,36,wheaten_terrier
beagle_120,C:\Users\mahmu\OneDrive\Desktop\Fine-Grained Pet Breed Classification\data\processed\images\beagle_120.jpg,5,beagle
great_pyrenees_121,C:\Users\mahmu\OneDrive\Desktop\Fine-Grained Pet Breed Classification\data\processed\images\great_pyrenees_121.jpg,16,great_pyrenees
samoyed_184,C:\Users\mahmu\OneDrive\Desktop\Fine-Grained Pet Breed Classification\data\processed\images\samoyed_184.jpg,30,samoyed
saint_bernard_160,C:\Users\mahmu\OneDrive\Desktop\Fine-Grained Pet Breed Classification\data\processed\images\saint_bernard_160.jpg,29,saint_bernard
leonberger_159,C:\Users\mahmu\OneDrive\Desktop\Fine-Grained Pet Breed Classification\data\processed\images\leonberger_159.jpg,20,leonberger
Maine_Coon_171,C:\Users\mahmu\OneDrive\Desktop\Fine-Grained Pet Breed Classification\data\processed\images\Maine_Coon_171.jpg,21,Maine_Coon
Bombay_174,C:\Users\mahmu\OneDrive\Desktop\Fine-Grained Pet Breed Classification\data\processed\images\Bombay_174.jpg,8,Bombay
Siamese_114,C:\Users\mahmu\OneDrive\Desktop\Fine-Grained Pet Breed Classification\data\processed\images\Siamese_114.jpg,33,Siamese
english_setter_146,C:\Users\mahmu\OneDrive\Desktop\Fine-Grained Pet Breed Classification\data\processed\images\english_setter_146.jpg,14,english_setter
British_Shorthair_156,C:\Users\mahmu\OneDrive\Desktop\Fine-Grained Pet Breed Classification\data\processed\images\British_Shorthair_156.jpg,10,British_Shorthair
beagle_146,C:\Users\mahmu\OneDrive\Desktop\Fine-Grained Pet Breed Classification\data\processed\images\beagle_146.jpg,5,beagle
american_pit_bull_terrier_144,C:\Users\mahmu\OneDrive\Desktop\Fine-Grained Pet Breed Classification\data\processed\images\american_pit_bull_terrier_144.jpg,3,american_pit_bull_terrier
american_pit_bull_terrier_110,C:\Users\mahmu\OneDrive\Desktop\Fine-Grained Pet Breed Classification\data\processed\images\american_pit_bull_terrier_110.jpg,3,american_pit_bull_terrier
shiba_inu_18,C:\Users\mahmu\OneDrive\Desktop\Fine-Grained Pet Breed Classification\data\processed\images\shiba_inu_18.jpg,32,shiba_inu
pug_102,C:\Users\mahmu\OneDrive\Desktop\Fine-Grained Pet Breed Classification\data\processed\images\pug_102.jpg,26,pug
chihuahua_143,C:\Users\mahmu\OneDrive\Desktop\Fine-Grained Pet Breed Classification\data\processed\images\chihuahua_143.jpg,11,chihuahua
newfoundland_138,C:\Users\mahmu\OneDrive\Desktop\Fine-Grained Pet Breed Classification\data\processed\images\newfoundland_138.jpg,23,newfoundland
great_pyrenees_112,C:\Users\mahmu\OneDrive\Desktop\Fine-Grained Pet Breed Classification\data\processed\images\great_pyrenees_112.jpg,16,great_pyrenees
english_cocker_spaniel_165,C:\Users\mahmu\OneDrive\Desktop\Fine-Grained Pet Breed Classification\data\processed\images\english_cocker_spaniel_165.jpg,13,english_cocker_spaniel
Maine_Coon_115,C:\Users\mahmu\OneDrive\Desktop\Fine-Grained Pet Breed Classification\data\processed\images\Maine_Coon_115.jpg,21,Maine_Coon
Egyptian_Mau_115,C:\Users\mahmu\OneDrive\Desktop\Fine-Grained Pet Breed Classification\data\processed\images\Egyptian_Mau_115.jpg,12,Egyptian_Mau
american_bulldog_100,C:\Users\mahmu\OneDrive\Desktop\Fine-Grained Pet Breed Classification\data\processed\images\american_bulldog_100.jpg,2,american_bulldog
pug_178,C:\Users\mahmu\OneDrive\Desktop\Fine-Grained Pet Breed Classification\data\processed\images\pug_178.jpg,26,pug
saint_bernard_150,C:\Users\mahmu\OneDrive\Desktop\Fine-Grained Pet Breed Classification\data\processed\images\saint_bernard_150.jpg,29,saint_bernard
wheaten_terrier_130,C:\Users\mahmu\OneDrive\Desktop\Fine-Grained Pet Breed Classification\data\processed\images\wheaten_terrier_130.jpg,36,wheaten_terrier
Russian_Blue_110,C:\Users\mahmu\OneDrive\Desktop\Fine-Grained Pet Breed Classification\data\processed\images\Russian_Blue_110.jpg,28,Russian_Blue
Ragdoll_185,C:\Users\mahmu\OneDrive\Desktop\Fine-Grained Pet Breed Classification\data\processed\images\Ragdoll_185.jpg,27,Ragdoll
saint_bernard_14,C:\Users\mahmu\OneDrive\Desktop\Fine-Grained Pet Breed Classification\data\processed\images\saint_bernard_14.jpg,29,saint_bernard
boxer_176,C:\Users\mahmu\OneDrive\Desktop\Fine-Grained Pet Breed Classification\data\processed\images\boxer_176.jpg,9,boxer
British_Shorthair_210,C:\Users\mahmu\OneDrive\Desktop\Fine-Grained Pet Breed Classification\data\processed\images\British_Shorthair_210.jpg,10,British_Shorthair
wheaten_terrier_165,C:\Users\mahmu\OneDrive\Desktop\Fine-Grained Pet Breed Classification\data\processed\images\wheaten_terrier_165.jpg,36,wheaten_terrier
beagle_153,C:\Users\mahmu\OneDrive\Desktop\Fine-Grained Pet Breed Classification\data\processed\images\beagle_153.jpg,5,beagle
japanese_chin_128,C:\Users\mahmu\OneDrive\Desktop\Fine-Grained Pet Breed Classification\data\processed\images\japanese_chin_128.jpg,18,japanese_chin
beagle_178,C:\Users\mahmu\OneDrive\Desktop\Fine-Grained Pet Breed Classification\data\processed\images\beagle_178.jpg,5,beagle
boxer_12,C:\Users\mahmu\OneDrive\Desktop\Fine-Grained Pet Breed Classification\data\processed\images\boxer_12.jpg,9,boxer
Russian_Blue_113,C:\Users\mahmu\OneDrive\Desktop\Fine-Grained Pet Breed Classification\data\processed\images\Russian_Blue_113.jpg,28,Russian_Blue
english_cocker_spaniel_111,C:\Users\mahmu\OneDrive\Desktop\Fine-Grained Pet Breed Classification\data\processed\images\english_cocker_spaniel_111.jpg,13,english_cocker_spaniel
Persian_121,C:\Users\mahmu\OneDrive\Desktop\Fine-Grained Pet Breed Classification\data\processed\images\Persian_121.jpg,24,Persian
staffordshire_bull_terrier_107,C:\Users\mahmu\OneDrive\Desktop\Fine-Grained Pet Breed Classification\data\processed\images\staffordshire_bull_terrier_107.jpg,35,staffordshire_bull_terrier
wheaten_terrier_18,C:\Users\mahmu\OneDrive\Desktop\Fine-Grained Pet Breed Classification\data\processed\images\wheaten_terrier_18.jpg,36,wheaten_terrier
Abyssinian_103,C:\Users\mahmu\OneDrive\Desktop\Fine-Grained Pet Breed Classification\data\processed\images\Abyssinian_103.jpg,1,Abyssinian
wheaten_terrier_119,C:\Users\mahmu\OneDrive\Desktop\Fine-Grained Pet Breed Classification\data\processed\images\wheaten_terrier_119.jpg,36,wheaten_terrier
keeshond_107,C:\Users\mahmu\OneDrive\Desktop\Fine-Grained Pet Breed Classification\data\processed\images\keeshond_107.jpg,19,keeshond
newfoundland_148,C:\Users\mahmu\OneDrive\Desktop\Fine-Grained Pet Breed Classification\data\processed\images\newfoundland_148.jpg,23,newfoundland
saint_bernard_186,C:\Users\mahmu\OneDrive\Desktop\Fine-Grained Pet Breed Classification\data\processed\images\saint_bernard_186.jpg,29,saint_bernard
chihuahua_182,C:\Users\mahmu\OneDrive\Desktop\Fine-Grained Pet Breed Classification\data\processed\images\chihuahua_182.jpg,11,chihuahua
chihuahua_142,C:\Users\mahmu\OneDrive\Desktop\Fine-Grained Pet Breed Classification\data\processed\images\chihuahua_142.jpg,11,chihuahua
newfoundland_137,C:\Users\mahmu\OneDrive\Desktop\Fine-Grained Pet Breed Classification\data\processed\images\newfoundland_137.jpg,23,newfoundland
english_cocker_spaniel_118,C:\Users\mahmu\OneDrive\Desktop\Fine-Grained Pet Breed Classification\data\processed\images\english_cocker_spaniel_118.jpg,13,english_cocker_spaniel
pomeranian_148,C:\Users\mahmu\OneDrive\Desktop\Fine-Grained Pet Breed Classification\data\processed\images\pomeranian_148.jpg,25,pomeranian
american_pit_bull_terrier_189,C:\Users\mahmu\OneDrive\Desktop\Fine-Grained Pet Breed Classification\data\processed\images\american_pit_bull_terrier_189.jpg,3,american_pit_bull_terrier
havanese_100,C:\Users\mahmu\OneDrive\Desktop\Fine-Grained Pet Breed Classification\data\processed\images\havanese_100.jpg,17,havanese
Bombay_186,C:\Users\mahmu\OneDrive\Desktop\Fine-Grained Pet Breed Classification\data\processed\images\Bombay_186.jpg,8,Bombay
Abyssinian_13,C:\Users\mahmu\OneDrive\Desktop\Fine-Grained Pet Breed Classification\data\processed\images\Abyssinian_13.jpg,1,Abyssinian
great_pyrenees_15,C:\Users\mahmu\OneDrive\Desktop\Fine-Grained Pet Breed Classification\data\processed\images\great_pyrenees_15.jpg,16,great_pyrenees
shiba_inu_198,C:\Users\mahmu\OneDrive\Desktop\Fine-Grained Pet Breed Classification\data\processed\images\shiba_inu_198.jpg,32,shiba_inu
Persian_12,C:\Users\mahmu\OneDrive\Desktop\Fine-Grained Pet Breed Classification\data\processed\images\Persian_12.jpg,24,Persian
Persian_173,C:\Users\mahmu\OneDrive\Desktop\Fine-Grained Pet Breed Classification\data\processed\images\Persian_173.jpg,24,Persian
basset_hound_180,C:\Users\mahmu\OneDrive\Desktop\Fine-Grained Pet Breed Classification\data\processed\images\basset_hound_180.jpg,4,basset_hound
german_shorthaired_156,C:\Users\mahmu\OneDrive\Desktop\Fine-Grained Pet Breed Classification\data\processed\images\german_shorthaired_156.jpg,15,german_shorthaired
pomeranian_132,C:\Users\mahmu\OneDrive\Desktop\Fine-Grained Pet Breed Classification\data\processed\images\pomeranian_132.jpg,25,pomeranian
english_setter_118,C:\Users\mahmu\OneDrive\Desktop\Fine-Grained Pet Breed Classification\data\processed\images\english_setter_118.jpg,14,english_setter
British_Shorthair_182,C:\Users\mahmu\OneDrive\Desktop\Fine-Grained Pet Breed Classification\data\processed\images\British_Shorthair_182.jpg,10,British_Shorthair
keeshond_134,C:\Users\mahmu\OneDrive\Desktop\Fine-Grained Pet Breed Classification\data\processed\images\keeshond_134.jpg,19,keeshond
boxer_16,C:\Users\mahmu\OneDrive\Desktop\Fine-Grained Pet Breed Classification\data\processed\images\boxer_16.jpg,9,boxer
havanese_102,C:\Users\mahmu\OneDrive\Desktop\Fine-Grained Pet Breed Classification\data\processed\images\havanese_102.jpg,17,havanese
english_setter_172,C:\Users\mahmu\OneDrive\Desktop\Fine-Grained Pet Breed Classification\data\processed\images\english_setter_172.jpg,14,english_setter
Egyptian_Mau_193,C:\Users\mahmu\OneDrive\Desktop\Fine-Grained Pet Breed Classification\data\processed\images\Egyptian_Mau_193.jpg,12,Egyptian_Mau
shiba_inu_100,C:\Users\mahmu\OneDrive\Desktop\Fine-Grained Pet Breed Classification\data\processed\images\shiba_inu_100.jpg,32,shiba_inu
leonberger_108,C:\Users\mahmu\OneDrive\Desktop\Fine-Grained Pet Breed Classification\data\processed\images\leonberger_108.jpg,20,leonberger
samoyed_121,C:\Users\mahmu\OneDrive\Desktop\Fine-Grained Pet Breed Classification\data\processed\images\samoyed_121.jpg,30,samoyed
Ragdoll_103,C:\Users\mahmu\OneDrive\Desktop\Fine-Grained Pet Breed Classification\data\processed\images\Ragdoll_103.jpg,27,Ragdoll
Siamese_129,C:\Users\mahmu\OneDrive\Desktop\Fine-Grained Pet Breed Classification\data\processed\images\Siamese_129.jpg,33,Siamese
shiba_inu_135,C:\Users\mahmu\OneDrive\Desktop\Fine-Grained Pet Breed Classification\data\processed\images\shiba_inu_135.jpg,32,shiba_inu
Siamese_111,C:\Users\mahmu\OneDrive\Desktop\Fine-Grained Pet Breed Classification\data\processed\images\Siamese_111.jpg,33,Siamese
shiba_inu_101,C:\Users\mahmu\OneDrive\Desktop\Fine-Grained Pet Breed Classification\data\processed\images\shiba_inu_101.jpg,32,shiba_inu
Abyssinian_161,C:\Users\mahmu\OneDrive\Desktop\Fine-Grained Pet Breed Classification\data\processed\images\Abyssinian_161.jpg,1,Abyssinian
Persian_152,C:\Users\mahmu\OneDrive\Desktop\Fine-Grained Pet Breed Classification\data\processed\images\Persian_152.jpg,24,Persian
newfoundland_127,C:\Users\mahmu\OneDrive\Desktop\Fine-Grained Pet Breed Classification\data\processed\images\newfoundland_127.jpg,23,newfoundland
Bombay_102,C:\Users\mahmu\OneDrive\Desktop\Fine-Grained Pet Breed Classification\data\processed\images\Bombay_102.jpg,8,Bombay
Siamese_181,C:\Users\mahmu\OneDrive\Desktop\Fine-Grained Pet Breed Classification\data\processed\images\Siamese_181.jpg,33,Siamese
pomeranian_120,C:\Users\mahmu\OneDrive\Desktop\Fine-Grained Pet Breed Classification\data\processed\images\pomeranian_120.jpg,25,pomeranian
Birman_190,C:\Users\mahmu\OneDrive\Desktop\Fine-Grained Pet Breed Classification\data\processed\images\Birman_190.jpg,7,Birman
american_bulldog_134,C:\Users\mahmu\OneDrive\Desktop\Fine-Grained Pet Breed Classification\data\processed\images\american_bulldog_134.jpg,2,american_bulldog
Sphynx_152,C:\Users\mahmu\OneDrive\Desktop\Fine-Grained Pet Breed Classification\data\processed\images\Sphynx_152.jpg,34,Sphynx
British_Shorthair_130,C:\Users\mahmu\OneDrive\Desktop\Fine-Grained Pet Breed Classification\data\processed\images\British_Shorthair_130.jpg,10,British_Shorthair
Persian_172,C:\Users\mahmu\OneDrive\Desktop\Fine-Grained Pet Breed Classification\data\processed\images\Persian_172.jpg,24,Persian
american_pit_bull_terrier_175,C:\Users\mahmu\OneDrive\Desktop\Fine-Grained Pet Breed Classification\data\processed\images\american_pit_bull_terrier_175.jpg,3,american_pit_bull_terrier
wheaten_terrier_107,C:\Users\mahmu\OneDrive\Desktop\Fine-Grained Pet Breed Classification\data\processed\images\wheaten_terrier_107.jpg,36,wheaten_terrier
great_pyrenees_162,C:\Users\mahmu\OneDrive\Desktop\Fine-Grained Pet Breed Classification\data\processed\images\great_pyrenees_162.jpg,16,great_pyrenees
Ragdoll_156,C:\Users\mahmu\OneDrive\Desktop\Fine-Grained Pet Breed Classification\data\processed\images\Ragdoll_156.jpg,27,Ragdoll
Birman_170,C:\Users\mahmu\OneDrive\Desktop\Fine-Grained Pet Breed Classification\data\processed\images\Birman_170.jpg,7,Birman
american_bulldog_132,C:\Users\mahmu\OneDrive\Desktop\Fine-Grained Pet Breed Classification\data\processed\images\american_bulldog_132.jpg,2,american_bulldog
Egyptian_Mau_16,C:\Users\mahmu\OneDrive\Desktop\Fine-Grained Pet Breed Classification\data\processed\images\Egyptian_Mau_16.jpg,12,Egyptian_Mau
Bengal_10,C:\Users\mahmu\OneDrive\Desktop\Fine-Grained Pet Breed Classification\data\processed\images\Bengal_10.jpg,6,Bengal
english_cocker_spaniel_18,C:\Users\mahmu\OneDrive\Desktop\Fine-Grained Pet Breed Classification\data\processed\images\english_cocker_spaniel_18.jpg,13,english_cocker_spaniel
shiba_inu_146,C:\Users\mahmu\OneDrive\Desktop\Fine-Grained Pet Breed Classification\data\processed\images\shiba_inu_146.jpg,32,shiba_inu
beagle_148,C:\Users\mahmu\OneDrive\Desktop\Fine-Grained Pet Breed Classification\data\processed\images\beagle_148.jpg,5,beagle
British_Shorthair_116,C:\Users\mahmu\OneDrive\Desktop\Fine-Grained Pet Breed Classification\data\processed\images\British_Shorthair_116.jpg,10,British_Shorthair
great_pyrenees_180,C:\Users\mahmu\OneDrive\Desktop\Fine-Grained Pet Breed Classification\data\processed\images\great_pyrenees_180.jpg,16,great_pyrenees
japanese_chin_118,C:\Users\mahmu\OneDrive\Desktop\Fine-Grained Pet Breed Classification\data\processed\images\japanese_chin_118.jpg,18,japanese_chin
Maine_Coon_119,C:\Users\mahmu\OneDrive\Desktop\Fine-Grained Pet Breed Classification\data\processed\images\Maine_Coon_119.jpg,21,Maine_Coon
Birman_127,C:\Users\mahmu\OneDrive\Desktop\Fine-Grained Pet Breed Classification\data\processed\images\Birman_127.jpg,7,Birman
wheaten_terrier_161,C:\Users\mahmu\OneDrive\Desktop\Fine-Grained Pet Breed Classification\data\processed\images\wheaten_terrier_161.jpg,36,wheaten_terrier
english_setter_101,C:\Users\mahmu\OneDrive\Desktop\Fine-Grained Pet Breed Classification\data\processed\images\english_setter_101.jpg,14,english_setter
Ragdoll_18,C:\Users\mahmu\OneDrive\Desktop\Fine-Grained Pet Breed Classification\data\processed\images\Ragdoll_18.jpg,27,Ragdoll
german_shorthaired_140,C:\Users\mahmu\OneDrive\Desktop\Fine-Grained Pet Breed Classification\data\processed\images\german_shorthaired_140.jpg,15,german_shorthaired
japanese_chin_114,C:\Users\mahmu\OneDrive\Desktop\Fine-Grained Pet Breed Classification\data\processed\images\japanese_chin_114.jpg,18,japanese_chin
pug_106,C:\Users\mahmu\OneDrive\Desktop\Fine-Grained Pet Breed Classification\data\processed\images\pug_106.jpg,26,pug
newfoundland_145,C:\Users\mahmu\OneDrive\Desktop\Fine-Grained Pet Breed Classification\data\processed\images\newfoundland_145.jpg,23,newfoundland
basset_hound_109,C:\Users\mahmu\OneDrive\Desktop\Fine-Grained Pet Breed Classification\data\processed\images\basset_hound_109.jpg,4,basset_hound
Birman_179,C:\Users\mahmu\OneDrive\Desktop\Fine-Grained Pet Breed Classification\data\processed\images\Birman_179.jpg,7,Birman
staffordshire_bull_terrier_129,C:\Users\mahmu\OneDrive\Desktop\Fine-Grained Pet Breed Classification\data\processed\images\staffordshire_bull_terrier_129.jpg,35,staffordshire_bull_terrier
american_pit_bull_terrier_15,C:\Users\mahmu\OneDrive\Desktop\Fine-Grained Pet Breed Classification\data\processed\images\american_pit_bull_terrier_15.jpg,3,american_pit_bull_terrier
yorkshire_terrier_100,C:\Users\mahmu\OneDrive\Desktop\Fine-Grained Pet Breed Classification\data\processed\images\yorkshire_terrier_100.jpg,37,yorkshire_terrier
german_shorthaired_177,C:\Users\mahmu\OneDrive\Desktop\Fine-Grained Pet Breed Classification\data\processed\images\german_shorthaired_177.jpg,15,german_shorthaired
shiba_inu_187,C:\Users\mahmu\OneDrive\Desktop\Fine-Grained Pet Breed Classification\data\processed\images\shiba_inu_187.jpg,32,shiba_inu
samoyed_142,C:\Users\mahmu\OneDrive\Desktop\Fine-Grained Pet Breed Classification\data\processed\images\samoyed_142.jpg,30,samoyed
samoyed_102,C:\Users\mahmu\OneDrive\Desktop\Fine-Grained Pet Breed Classification\data\processed\images\samoyed_102.jpg,30,samoyed
basset_hound_12,C:\Users\mahmu\OneDrive\Desktop\Fine-Grained Pet Breed Classification\data\processed\images\basset_hound_12.jpg,4,basset_hound
scottish_terrier_146,C:\Users\mahmu\OneDrive\Desktop\Fine-Grained Pet Breed Classification\data\processed\images\scottish_terrier_146.jpg,31,scottish_terrier
havanese_167,C:\Users\mahmu\OneDrive\Desktop\Fine-Grained Pet Breed Classification\data\processed\images\havanese_167.jpg,17,havanese
Abyssinian_19,C:\Users\mahmu\OneDrive\Desktop\Fine-Grained Pet Breed Classification\data\processed\images\Abyssinian_19.jpg,1,Abyssinian
scottish_terrier_14,C:\Users\mahmu\OneDrive\Desktop\Fine-Grained Pet Breed Classification\data\processed\images\scottish_terrier_14.jpg,31,scottish_terrier
chihuahua_12,C:\Users\mahmu\OneDrive\Desktop\Fine-Grained Pet Breed Classification\data\processed\images\chihuahua_12.jpg,11,chihuahua
saint_bernard_17,C:\Users\mahmu\OneDrive\Desktop\Fine-Grained Pet Breed Classification\data\processed\images\saint_bernard_17.jpg,29,saint_bernard
chihuahua_181,C:\Users\mahmu\OneDrive\Desktop\Fine-Grained Pet Breed Classification\data\processed\images\chihuahua_181.jpg,11,chihuahua
Sphynx_121,C:\Users\mahmu\OneDrive\Desktop\Fine-Grained Pet Breed Classification\data\processed\images\Sphynx_121.jpg,34,Sphynx
keeshond_121,C:\Users\mahmu\OneDrive\Desktop\Fine-Grained Pet Breed Classification\data\processed\images\keeshond_121.jpg,19,keeshond
american_pit_bull_terrier_154,C:\Users\mahmu\OneDrive\Desktop\Fine-Grained Pet Breed Classification\data\processed\images\american_pit_bull_terrier_154.jpg,3,american_pit_bull_terrier
american_pit_bull_terrier_114,C:\Users\mahmu\OneDrive\Desktop\Fine-Grained Pet Breed Classification\data\processed\images\american_pit_bull_terrier_114.jpg,3,american_pit_bull_terrier
american_bulldog_190,C:\Users\mahmu\OneDrive\Desktop\Fine-Grained Pet Breed Classification\data\processed\images\american_bulldog_190.jpg,2,american_bulldog
staffordshire_bull_terrier_151,C:\Users\mahmu\OneDrive\Desktop\Fine-Grained Pet Breed Classification\data\processed\images\staffordshire_bull_terrier_151.jpg,35,staffordshire_bull_terrier
american_bulldog_139,C:\Users\mahmu\OneDrive\Desktop\Fine-Grained Pet Breed Classification\data\processed\images\american_bulldog_139.jpg,2,american_bulldog
wheaten_terrier_177,C:\Users\mahmu\OneDrive\Desktop\Fine-Grained Pet Breed Classification\data\processed\images\wheaten_terrier_177.jpg,36,wheaten_terrier
japanese_chin_174,C:\Users\mahmu\OneDrive\Desktop\Fine-Grained Pet Breed Classification\data\processed\images\japanese_chin_174.jpg,18,japanese_chin
samoyed_100,C:\Users\mahmu\OneDrive\Desktop\Fine-Grained Pet Breed Classification\data\processed\images\samoyed_100.jpg,30,samoyed
yorkshire_terrier_164,C:\Users\mahmu\OneDrive\Desktop\Fine-Grained Pet Breed Classification\data\processed\images\yorkshire_terrier_164.jpg,37,yorkshire_terrier
Bengal_17,C:\Users\mahmu\OneDrive\Desktop\Fine-Grained Pet Breed Classification\data\processed\images\Bengal_17.jpg,6,Bengal
english_cocker_spaniel_12,C:\Users\mahmu\OneDrive\Desktop\Fine-Grained Pet Breed Classification\data\processed\images\english_cocker_spaniel_12.jpg,13,english_cocker_spaniel
pomeranian_133,C:\Users\mahmu\OneDrive\Desktop\Fine-Grained Pet Breed Classification\data\processed\images\pomeranian_133.jpg,25,pomeranian
scottish_terrier_143,C:\Users\mahmu\OneDrive\Desktop\Fine-Grained Pet Breed Classification\data\processed\images\scottish_terrier_143.jpg,31,scottish_terrier
saint_bernard_143,C:\Users\mahmu\OneDrive\Desktop\Fine-Grained Pet Breed Classification\data\processed\images\saint_bernard_143.jpg,29,saint_bernard
leonberger_145,C:\Users\mahmu\OneDrive\Desktop\Fine-Grained Pet Breed Classification\data\processed\images\leonberger_145.jpg,20,leonberger
miniature_pinscher_155,C:\Users\mahmu\OneDrive\Desktop\Fine-Grained Pet Breed Classification\data\processed\images\miniature_pinscher_155.jpg,22,miniature_pinscher
Bengal_155,C:\Users\mahmu\OneDrive\Desktop\Fine-Grained Pet Breed Classification\data\processed\images\Bengal_155.jpg,6,Bengal
yorkshire_terrier_119,C:\Users\mahmu\OneDrive\Desktop\Fine-Grained Pet Breed Classification\data\processed\images\yorkshire_terrier_119.jpg,37,yorkshire_terrier
american_bulldog_148,C:\Users\mahmu\OneDrive\Desktop\Fine-Grained Pet Breed Classification\data\processed\images\american_bulldog_148.jpg,2,american_bulldog
great_pyrenees_105,C:\Users\mahmu\OneDrive\Desktop\Fine-Grained Pet Breed Classification\data\processed\images\great_pyrenees_105.jpg,16,great_pyrenees
yorkshire_terrier_157,C:\Users\mahmu\OneDrive\Desktop\Fine-Grained Pet Breed Classification\data\processed\images\yorkshire_terrier_157.jpg,37,yorkshire_terrier
shiba_inu_192,C:\Users\mahmu\OneDrive\Desktop\Fine-Grained Pet Breed Classification\data\processed\images\shiba_inu_192.jpg,32,shiba_inu
american_bulldog_153,C:\Users\mahmu\OneDrive\Desktop\Fine-Grained Pet Breed Classification\data\processed\images\american_bulldog_153.jpg,2,american_bulldog
pug_133,C:\Users\mahmu\OneDrive\Desktop\Fine-Grained Pet Breed Classification\data\processed\images\pug_133.jpg,26,pug
samoyed_131,C:\Users\mahmu\OneDrive\Desktop\Fine-Grained Pet Breed Classification\data\processed\images\samoyed_131.jpg,30,samoyed
Bombay_152,C:\Users\mahmu\OneDrive\Desktop\Fine-Grained Pet Breed Classification\data\processed\images\Bombay_152.jpg,8,Bombay
Birman_11,C:\Users\mahmu\OneDrive\Desktop\Fine-Grained Pet Breed Classification\data\processed\images\Birman_11.jpg,7,Birman
boxer_184,C:\Users\mahmu\OneDrive\Desktop\Fine-Grained Pet Breed Classification\data\processed\images\boxer_184.jpg,9,boxer
British_Shorthair_106,C:\Users\mahmu\OneDrive\Desktop\Fine-Grained Pet Breed Classification\data\processed\images\British_Shorthair_106.jpg,10,British_Shorthair
basset_hound_120,C:\Users\mahmu\OneDrive\Desktop\Fine-Grained Pet Breed Classification\data\processed\images\basset_hound_120.jpg,4,basset_hound
British_Shorthair_184,C:\Users\mahmu\OneDrive\Desktop\Fine-Grained Pet Breed Classification\data\processed\images\British_Shorthair_184.jpg,10,British_Shorthair
saint_bernard_157,C:\Users\mahmu\OneDrive\Desktop\Fine-Grained Pet Breed Classification\data\processed\images\saint_bernard_157.jpg,29,saint_bernard
samoyed_174,C:\Users\mahmu\OneDrive\Desktop\Fine-Grained Pet Breed Classification\data\processed\images\samoyed_174.jpg,30,samoyed
boxer_118,C:\Users\mahmu\OneDrive\Desktop\Fine-Grained Pet Breed Classification\data\processed\images\boxer_118.jpg,9,boxer
Birman_176,C:\Users\mahmu\OneDrive\Desktop\Fine-Grained Pet Breed Classification\data\processed\images\Birman_176.jpg,7,Birman
Bengal_108,C:\Users\mahmu\OneDrive\Desktop\Fine-Grained Pet Breed Classification\data\processed\images\Bengal_108.jpg,6,Bengal
Bombay_153,C:\Users\mahmu\OneDrive\Desktop\Fine-Grained Pet Breed Classification\data\processed\images\Bombay_153.jpg,8,Bombay
Sphynx_107,C:\Users\mahmu\OneDrive\Desktop\Fine-Grained Pet Breed Classification\data\processed\images\Sphynx_107.jpg,34,Sphynx
english_setter_167,C:\Users\mahmu\OneDrive\Desktop\Fine-Grained Pet Breed Classification\data\processed\images\english_setter_167.jpg,14,english_setter
pomeranian_16,C:\Users\mahmu\OneDrive\Desktop\Fine-Grained Pet Breed Classification\data\processed\images\pomeranian_16.jpg,25,pomeranian
Maine_Coon_151,C:\Users\mahmu\OneDrive\Desktop\Fine-Grained Pet Breed Classification\data\processed\images\Maine_Coon_151.jpg,21,Maine_Coon
Sphynx_202,C:\Users\mahmu\OneDrive\Desktop\Fine-Grained Pet Breed Classification\data\processed\images\Sphynx_202.jpg,34,Sphynx
miniature_pinscher_100,C:\Users\mahmu\OneDrive\Desktop\Fine-Grained Pet Breed Classification\data\processed\images\miniature_pinscher_100.jpg,22,miniature_pinscher
havanese_160,C:\Users\mahmu\OneDrive\Desktop\Fine-Grained Pet Breed Classification\data\processed\images\havanese_160.jpg,17,havanese
Ragdoll_166,C:\Users\mahmu\OneDrive\Desktop\Fine-Grained Pet Breed Classification\data\processed\images\Ragdoll_166.jpg,27,Ragdoll
american_bulldog_202,C:\Users\mahmu\OneDrive\Desktop\Fine-Grained Pet Breed Classification\data\processed\images\american_bulldog_202.jpg,2,american_bulldog
samoyed_113,C:\Users\mahmu\OneDrive\Desktop\Fine-Grained Pet Breed Classification\data\processed\images\samoyed_113.jpg,30,samoyed
shiba_inu_110,C:\Users\mahmu\OneDrive\Desktop\Fine-Grained Pet Breed Classification\data\processed\images\shiba_inu_110.jpg,32,shiba_inu
english_setter_112,C:\Users\mahmu\OneDrive\Desktop\Fine-Grained Pet Breed Classification\data\processed\images\english_setter_112.jpg,14,english_setter
Sphynx_12,C:\Users\mahmu\OneDrive\Desktop\Fine-Grained Pet Breed Classification\data\processed\images\Sphynx_12.jpg,34,Sphynx
great_pyrenees_134,C:\Users\mahmu\OneDrive\Desktop\Fine-Grained Pet Breed Classification\data\processed\images\great_pyrenees_134.jpg,16,great_pyrenees
Ragdoll_148,C:\Users\mahmu\OneDrive\Desktop\Fine-Grained Pet Breed Classification\data\processed\images\Ragdoll_148.jpg,27,Ragdoll
basset_hound_141,C:\Users\mahmu\OneDrive\Desktop\Fine-Grained Pet Breed Classification\data\processed\images\basset_hound_141.jpg,4,basset_hound
great_pyrenees_120,C:\Users\mahmu\OneDrive\Desktop\Fine-Grained Pet Breed Classification\data\processed\images\great_pyrenees_120.jpg,16,great_pyrenees
pug_172,C:\Users\mahmu\OneDrive\Desktop\Fine-Grained Pet Breed Classification\data\processed\images\pug_172.jpg,26,pug
Bombay_138,C:\Users\mahmu\OneDrive\Desktop\Fine-Grained Pet Breed Classification\data\processed\images\Bombay_138.jpg,8,Bombay
leonberger_169,C:\Users\mahmu\OneDrive\Desktop\Fine-Grained Pet Breed Classification\data\processed\images\leonberger_169.jpg,20,leonberger
Bombay_15,C:\Users\mahmu\OneDrive\Desktop\Fine-Grained Pet Breed Classification\data\processed\images\Bombay_15.jpg,8,Bombay
Persian_114,C:\Users\mahmu\OneDrive\Desktop\Fine-Grained Pet Breed Classification\data\processed\images\Persian_114.jpg,24,Persian
havanese_127,C:\Users\mahmu\OneDrive\Desktop\Fine-Grained Pet Breed Classification\data\processed\images\havanese_127.jpg,17,havanese
Sphynx_117,C:\Users\mahmu\OneDrive\Desktop\Fine-Grained Pet Breed Classification\data\processed\images\Sphynx_117.jpg,34,Sphynx
Russian_Blue_160,C:\Users\mahmu\OneDrive\Desktop\Fine-Grained Pet Breed Classification\data\processed\images\Russian_Blue_160.jpg,28,Russian_Blue
Ragdoll_117,C:\Users\mahmu\OneDrive\Desktop\Fine-Grained Pet Breed Classification\data\processed\images\Ragdoll_117.jpg,27,Ragdoll
Siamese_167,C:\Users\mahmu\OneDrive\Desktop\Fine-Grained Pet Breed Classification\data\processed\images\Siamese_167.jpg,33,Siamese
staffordshire_bull_terrier_101,C:\Users\mahmu\OneDrive\Desktop\Fine-Grained Pet Breed Classification\data\processed\images\staffordshire_bull_terrier_101.jpg,35,staffordshire_bull_terrier
basset_hound_190,C:\Users\mahmu\OneDrive\Desktop\Fine-Grained Pet Breed Classification\data\processed\images\basset_hound_190.jpg,4,basset_hound
miniature_pinscher_108,C:\Users\mahmu\OneDrive\Desktop\Fine-Grained Pet Breed Classification\data\processed\images\miniature_pinscher_108.jpg,22,miniature_pinscher
British_Shorthair_209,C:\Users\mahmu\OneDrive\Desktop\Fine-Grained Pet Breed Classification\data\processed\images\British_Shorthair_209.jpg,10,British_Shorthair
Russian_Blue_133,C:\Users\mahmu\OneDrive\Desktop\Fine-Grained Pet Breed Classification\data\processed\images\Russian_Blue_133.jpg,28,Russian_Blue
american_pit_bull_terrier_179,C:\Users\mahmu\OneDrive\Desktop\Fine-Grained Pet Breed Classification\data\processed\images\american_pit_bull_terrier_179.jpg,3,american_pit_bull_terrier
german_shorthaired_184,C:\Users\mahmu\OneDrive\Desktop\Fine-Grained Pet Breed Classification\data\processed\images\german_shorthaired_184.jpg,15,german_shorthaired
samoyed_133,C:\Users\mahmu\OneDrive\Desktop\Fine-Grained Pet Breed Classification\data\processed\images\samoyed_133.jpg,30,samoyed
english_cocker_spaniel_125,C:\Users\mahmu\OneDrive\Desktop\Fine-Grained Pet Breed Classification\data\processed\images\english_cocker_spaniel_125.jpg,13,english_cocker_spaniel
chihuahua_100,C:\Users\mahmu\OneDrive\Desktop\Fine-Grained Pet Breed Classification\data\processed\images\chihuahua_100.jpg,11,chihuahua
Maine_Coon_174,C:\Users\mahmu\OneDrive\Desktop\Fine-Grained Pet Breed Classification\data\processed\images\Maine_Coon_174.jpg,21,Maine_Coon
basset_hound_104,C:\Users\mahmu\OneDrive\Desktop\Fine-Grained Pet Breed Classification\data\processed\images\basset_hound_104.jpg,4,basset_hound
Ragdoll_164,C:\Users\mahmu\OneDrive\Desktop\Fine-Grained Pet Breed Classification\data\processed\images\Ragdoll_164.jpg,27,Ragdoll
pug_129,C:\Users\mahmu\OneDrive\Desktop\Fine-Grained Pet Breed Classification\data\processed\images\pug_129.jpg,26,pug
boxer_167,C:\Users\mahmu\OneDrive\Desktop\Fine-Grained Pet Breed Classification\data\processed\images\boxer_167.jpg,9,boxer
Egyptian_Mau_131,C:\Users\mahmu\OneDrive\Desktop\Fine-Grained Pet Breed Classification\data\processed\images\Egyptian_Mau_131.jpg,12,Egyptian_Mau
english_cocker_spaniel_180,C:\Users\mahmu\OneDrive\Desktop\Fine-Grained Pet Breed Classification\data\processed\images\english_cocker_spaniel_180.jpg,13,english_cocker_spaniel
samoyed_110,C:\Users\mahmu\OneDrive\Desktop\Fine-Grained Pet Breed Classification\data\processed\images\samoyed_110.jpg,30,samoyed
Maine_Coon_162,C:\Users\mahmu\OneDrive\Desktop\Fine-Grained Pet Breed Classification\data\processed\images\Maine_Coon_162.jpg,21,Maine_Coon
american_bulldog_182,C:\Users\mahmu\OneDrive\Desktop\Fine-Grained Pet Breed Classification\data\processed\images\american_bulldog_182.jpg,2,american_bulldog
newfoundland_17,C:\Users\mahmu\OneDrive\Desktop\Fine-Grained Pet Breed Classification\data\processed\images\newfoundland_17.jpg,23,newfoundland
english_cocker_spaniel_11,C:\Users\mahmu\OneDrive\Desktop\Fine-Grained Pet Breed Classification\data\processed\images\english_cocker_spaniel_11.jpg,13,english_cocker_spaniel
chihuahua_140,C:\Users\mahmu\OneDrive\Desktop\Fine-Grained Pet Breed Classification\data\processed\images\chihuahua_140.jpg,11,chihuahua
Ragdoll_192,C:\Users\mahmu\OneDrive\Desktop\Fine-Grained Pet Breed Classification\data\processed\images\Ragdoll_192.jpg,27,Ragdoll
yorkshire_terrier_101,C:\Users\mahmu\OneDrive\Desktop\Fine-Grained Pet Breed Classification\data\processed\images\yorkshire_terrier_101.jpg,37,yorkshire_terrier
chihuahua_157,C:\Users\mahmu\OneDrive\Desktop\Fine-Grained Pet Breed Classification\data\processed\images\chihuahua_157.jpg,11,chihuahua
american_bulldog_172,C:\Users\mahmu\OneDrive\Desktop\Fine-Grained Pet Breed Classification\data\processed\images\american_bulldog_172.jpg,2,american_bulldog
basset_hound_139,C:\Users\mahmu\OneDrive\Desktop\Fine-Grained Pet Breed Classification\data\processed\images\basset_hound_139.jpg,4,basset_hound
great_pyrenees_130,C:\Users\mahmu\OneDrive\Desktop\Fine-Grained Pet Breed Classification\data\processed\images\great_pyrenees_130.jpg,16,great_pyrenees
staffordshire_bull_terrier_195,C:\Users\mahmu\OneDrive\Desktop\Fine-Grained Pet Breed Classification\data\processed\images\staffordshire_bull_terrier_195.jpg,35,staffordshire_bull_terrier
Abyssinian_152,C:\Users\mahmu\OneDrive\Desktop\Fine-Grained Pet Breed Classification\data\processed\images\Abyssinian_152.jpg,1,Abyssinian
Ragdoll_149,C:\Users\mahmu\OneDrive\Desktop\Fine-Grained Pet Breed Classification\data\processed\images\Ragdoll_149.jpg,27,Ragdoll
japanese_chin_163,C:\Users\mahmu\OneDrive\Desktop\Fine-Grained Pet Breed Classification\data\processed\images\japanese_chin_163.jpg,18,japanese_chin
leonberger_131,C:\Users\mahmu\OneDrive\Desktop\Fine-Grained Pet Breed Classification\data\processed\images\leonberger_131.jpg,20,leonberger
Maine_Coon_101,C:\Users\mahmu\OneDrive\Desktop\Fine-Grained Pet Breed Classification\data\processed\images\Maine_Coon_101.jpg,21,Maine_Coon
boxer_125,C:\Users\mahmu\OneDrive\Desktop\Fine-Grained Pet Breed Classification\data\processed\images\boxer_125.jpg,9,boxer
pug_147,C:\Users\mahmu\OneDrive\Desktop\Fine-Grained Pet Breed Classification\data\processed\images\pug_147.jpg,26,pug
British_Shorthair_125,C:\Users\mahmu\OneDrive\Desktop\Fine-Grained Pet Breed Classification\data\processed\images\British_Shorthair_125.jpg,10,British_Shorthair
great_pyrenees_148,C:\Users\mahmu\OneDrive\Desktop\Fine-Grained Pet Breed Classification\data\processed\images\great_pyrenees_148.jpg,16,great_pyrenees
Russian_Blue_109,C:\Users\mahmu\OneDrive\Desktop\Fine-Grained Pet Breed Classification\data\processed\images\Russian_Blue_109.jpg,28,Russian_Blue
beagle_131,C:\Users\mahmu\OneDrive\Desktop\Fine-Grained Pet Breed Classification\data\processed\images\beagle_131.jpg,5,beagle
Bengal_147,C:\Users\mahmu\OneDrive\Desktop\Fine-Grained Pet Breed Classification\data\processed\images\Bengal_147.jpg,6,Bengal
Bombay_134,C:\Users\mahmu\OneDrive\Desktop\Fine-Grained Pet Breed Classification\data\processed\images\Bombay_134.jpg,8,Bombay
Persian_155,C:\Users\mahmu\OneDrive\Desktop\Fine-Grained Pet Breed Classification\data\processed\images\Persian_155.jpg,24,Persian
yorkshire_terrier_123,C:\Users\mahmu\OneDrive\Desktop\Fine-Grained Pet Breed Classification\data\processed\images\yorkshire_terrier_123.jpg,37,yorkshire_terrier
miniature_pinscher_173,C:\Users\mahmu\OneDrive\Desktop\Fine-Grained Pet Breed Classification\data\processed\images\miniature_pinscher_173.jpg,22,miniature_pinscher
japanese_chin_106,C:\Users\mahmu\OneDrive\Desktop\Fine-Grained Pet Breed Classification\data\processed\images\japanese_chin_106.jpg,18,japanese_chin
basset_hound_163,C:\Users\mahmu\OneDrive\Desktop\Fine-Grained Pet Breed Classification\data\processed\images\basset_hound_163.jpg,4,basset_hound
shiba_inu_195,C:\Users\mahmu\OneDrive\Desktop\Fine-Grained Pet Breed Classification\data\processed\images\shiba_inu_195.jpg,32,shiba_inu
Birman_144,C:\Users\mahmu\OneDrive\Desktop\Fine-Grained Pet Breed Classification\data\processed\images\Birman_144.jpg,7,Birman
Birman_141,C:\Users\mahmu\OneDrive\Desktop\Fine-Grained Pet Breed Classification\data\processed\images\Birman_141.jpg,7,Birman
boxer_143,C:\Users\mahmu\OneDrive\Desktop\Fine-Grained Pet Breed Classification\data\processed\images\boxer_143.jpg,9,boxer
newfoundland_15,C:\Users\mahmu\OneDrive\Desktop\Fine-Grained Pet Breed Classification\data\processed\images\newfoundland_15.jpg,23,newfoundland
Bombay_113,C:\Users\mahmu\OneDrive\Desktop\Fine-Grained Pet Breed Classification\data\processed\images\Bombay_113.jpg,8,Bombay
pomeranian_151,C:\Users\mahmu\OneDrive\Desktop\Fine-Grained Pet Breed Classification\data\processed\images\pomeranian_151.jpg,25,pomeranian
english_cocker_spaniel_189,C:\Users\mahmu\OneDrive\Desktop\Fine-Grained Pet Breed Classification\data\processed\images\english_cocker_spaniel_189.jpg,13,english_cocker_spaniel
staffordshire_bull_terrier_118,C:\Users\mahmu\OneDrive\Desktop\Fine-Grained Pet Breed Classification\data\processed\images\staffordshire_bull_terrier_118.jpg,35,staffordshire_bull_terrier
pug_177,C:\Users\mahmu\OneDrive\Desktop\Fine-Grained Pet Breed Classification\data\processed\images\pug_177.jpg,26,pug
german_shorthaired_115,C:\Users\mahmu\OneDrive\Desktop\Fine-Grained Pet Breed Classification\data\processed\images\german_shorthaired_115.jpg,15,german_shorthaired
basset_hound_176,C:\Users\mahmu\OneDrive\Desktop\Fine-Grained Pet Breed Classification\data\processed\images\basset_hound_176.jpg,4,basset_hound
leonberger_188,C:\Users\mahmu\OneDrive\Desktop\Fine-Grained Pet Breed Classification\data\processed\images\leonberger_188.jpg,20,leonberger
japanese_chin_133,C:\Users\mahmu\OneDrive\Desktop\Fine-Grained Pet Breed Classification\data\processed\images\japanese_chin_133.jpg,18,japanese_chin
Siamese_208,C:\Users\mahmu\OneDrive\Desktop\Fine-Grained Pet Breed Classification\data\processed\images\Siamese_208.jpg,33,Siamese
leonberger_190,C:\Users\mahmu\OneDrive\Desktop\Fine-Grained Pet Breed Classification\data\processed\images\leonberger_190.jpg,20,leonberger
yorkshire_terrier_168,C:\Users\mahmu\OneDrive\Desktop\Fine-Grained Pet Breed Classification\data\processed\images\yorkshire_terrier_168.jpg,37,yorkshire_terrier
Sphynx_105,C:\Users\mahmu\OneDrive\Desktop\Fine-Grained Pet Breed Classification\data\processed\images\Sphynx_105.jpg,34,Sphynx
beagle_117,C:\Users\mahmu\OneDrive\Desktop\Fine-Grained Pet Breed Classification\data\processed\images\beagle_117.jpg,5,beagle
wheaten_terrier_172,C:\Users\mahmu\OneDrive\Desktop\Fine-Grained Pet Breed Classification\data\processed\images\wheaten_terrier_172.jpg,36,wheaten_terrier
wheaten_terrier_15,C:\Users\mahmu\OneDrive\Desktop\Fine-Grained Pet Breed Classification\data\processed\images\wheaten_terrier_15.jpg,36,wheaten_terrier
german_shorthaired_106,C:\Users\mahmu\OneDrive\Desktop\Fine-Grained Pet Breed Classification\data\processed\images\german_shorthaired_106.jpg,15,german_shorthaired
havanese_109,C:\Users\mahmu\OneDrive\Desktop\Fine-Grained Pet Breed Classification\data\processed\images\havanese_109.jpg,17,havanese
Egyptian_Mau_113,C:\Users\mahmu\OneDrive\Desktop\Fine-Grained Pet Breed Classification\data\processed\images\Egyptian_Mau_113.jpg,12,Egyptian_Mau
Abyssinian_133,C:\Users\mahmu\OneDrive\Desktop\Fine-Grained Pet Breed Classification\data\processed\images\Abyssinian_133.jpg,1,Abyssinian
saint_bernard_115,C:\Users\mahmu\OneDrive\Desktop\Fine-Grained Pet Breed Classification\data\processed\images\saint_bernard_115.jpg,29,saint_bernard
chihuahua_108,C:\Users\mahmu\OneDrive\Desktop\Fine-Grained Pet Breed Classification\data\processed\images\chihuahua_108.jpg,11,chihuahua
Sphynx_136,C:\Users\mahmu\OneDrive\Desktop\Fine-Grained Pet Breed Classification\data\processed\images\Sphynx_136.jpg,34,Sphynx
Abyssinian_166,C:\Users\mahmu\OneDrive\Desktop\Fine-Grained Pet Breed Classification\data\processed\images\Abyssinian_166.jpg,1,Abyssinian
japanese_chin_159,C:\Users\mahmu\OneDrive\Desktop\Fine-Grained Pet Breed Classification\data\processed\images\japanese_chin_159.jpg,18,japanese_chin
pug_122,C:\Users\mahmu\OneDrive\Desktop\Fine-Grained Pet Breed Classification\data\processed\images\pug_122.jpg,26,pug
Maine_Coon_109,C:\Users\mahmu\OneDrive\Desktop\Fine-Grained Pet Breed Classification\data\processed\images\Maine_Coon_109.jpg,21,Maine_Coon
yorkshire_terrier_166,C:\Users\mahmu\OneDrive\Desktop\Fine-Grained Pet Breed Classification\data\processed\images\yorkshire_terrier_166.jpg,37,yorkshire_terrier
english_setter_117,C:\Users\mahmu\OneDrive\Desktop\Fine-Grained Pet Breed Classification\data\processed\images\english_setter_117.jpg,14,english_setter
keeshond_180,C:\Users\mahmu\OneDrive\Desktop\Fine-Grained Pet Breed Classification\data\processed\images\keeshond_180.jpg,19,keeshond
keeshond_113,C:\Users\mahmu\OneDrive\Desktop\Fine-Grained Pet Breed Classification\data\processed\images\keeshond_113.jpg,19,keeshond
shiba_inu_172,C:\Users\mahmu\OneDrive\Desktop\Fine-Grained Pet Breed Classification\data\processed\images\shiba_inu_172.jpg,32,shiba_inu
american_bulldog_113,C:\Users\mahmu\OneDrive\Desktop\Fine-Grained Pet Breed Classification\data\processed\images\american_bulldog_113.jpg,2,american_bulldog
staffordshire_bull_terrier_12,C:\Users\mahmu\OneDrive\Desktop\Fine-Grained Pet Breed Classification\data\processed\images\staffordshire_bull_terrier_12.jpg,35,staffordshire_bull_terrier
Ragdoll_150,C:\Users\mahmu\OneDrive\Desktop\Fine-Grained Pet Breed Classification\data\processed\images\Ragdoll_150.jpg,27,Ragdoll
leonberger_103,C:\Users\mahmu\OneDrive\Desktop\Fine-Grained Pet Breed Classification\data\processed\images\leonberger_103.jpg,20,leonberger
saint_bernard_161,C:\Users\mahmu\OneDrive\Desktop\Fine-Grained Pet Breed Classification\data\processed\images\saint_bernard_161.jpg,29,saint_bernard
Sphynx_143,C:\Users\mahmu\OneDrive\Desktop\Fine-Grained Pet Breed Classification\data\processed\images\Sphynx_143.jpg,34,Sphynx
Sphynx_108,C:\Users\mahmu\OneDrive\Desktop\Fine-Grained Pet Breed Classification\data\processed\images\Sphynx_108.jpg,34,Sphynx
shiba_inu_133,C:\Users\mahmu\OneDrive\Desktop\Fine-Grained Pet Breed Classification\data\processed\images\shiba_inu_133.jpg,32,shiba_inu
chihuahua_147,C:\Users\mahmu\OneDrive\Desktop\Fine-Grained Pet Breed Classification\data\processed\images\chihuahua_147.jpg,11,chihuahua
samoyed_124,C:\Users\mahmu\OneDrive\Desktop\Fine-Grained Pet Breed Classification\data\processed\images\samoyed_124.jpg,30,samoyed
shiba_inu_106,C:\Users\mahmu\OneDrive\Desktop\Fine-Grained Pet Breed Classification\data\processed\images\shiba_inu_106.jpg,32,shiba_inu
wheaten_terrier_150,C:\Users\mahmu\OneDrive\Desktop\Fine-Grained Pet Breed Classification\data\processed\images\wheaten_terrier_150.jpg,36,wheaten_terrier
beagle_169,C:\Users\mahmu\OneDrive\Desktop\Fine-Grained Pet Breed Classification\data\processed\images\beagle_169.jpg,5,beagle
keeshond_133,C:\Users\mahmu\OneDrive\Desktop\Fine-Grained Pet Breed Classification\data\processed\images\keeshond_133.jpg,19,keeshond
japanese_chin_132,C:\Users\mahmu\OneDrive\Desktop\Fine-Grained Pet Breed Classification\data\processed\images\japanese_chin_132.jpg,18,japanese_chin
newfoundland_182,C:\Users\mahmu\OneDrive\Desktop\Fine-Grained Pet Breed Classification\data\processed\images\newfoundland_182.jpg,23,newfoundland
boxer_115,C:\Users\mahmu\OneDrive\Desktop\Fine-Grained Pet Breed Classification\data\processed\images\boxer_115.jpg,9,boxer
wheaten_terrier_106,C:\Users\mahmu\OneDrive\Desktop\Fine-Grained Pet Breed Classification\data\processed\images\wheaten_terrier_106.jpg,36,wheaten_terrier
newfoundland_181,C:\Users\mahmu\OneDrive\Desktop\Fine-Grained Pet Breed Classification\data\processed\images\newfoundland_181.jpg,23,newfoundland
beagle_173,C:\Users\mahmu\OneDrive\Desktop\Fine-Grained Pet Breed Classification\data\processed\images\beagle_173.jpg,5,beagle
chihuahua_101,C:\Users\mahmu\OneDrive\Desktop\Fine-Grained Pet Breed Classification\data\processed\images\chihuahua_101.jpg,11,chihuahua
great_pyrenees_13,C:\Users\mahmu\OneDrive\Desktop\Fine-Grained Pet Breed Classification\data\processed\images\great_pyrenees_13.jpg,16,great_pyrenees
american_pit_bull_terrier_142,C:\Users\mahmu\OneDrive\Desktop\Fine-Grained Pet Breed Classification\data\processed\images\american_pit_bull_terrier_142.jpg,3,american_pit_bull_terrier
samoyed_130,C:\Users\mahmu\OneDrive\Desktop\Fine-Grained Pet Breed Classification\data\processed\images\samoyed_130.jpg,30,samoyed
Bombay_12,C:\Users\mahmu\OneDrive\Desktop\Fine-Grained Pet Breed Classification\data\processed\images\Bombay_12.jpg,8,Bombay
Ragdoll_147,C:\Users\mahmu\OneDrive\Desktop\Fine-Grained Pet Breed Classification\data\processed\images\Ragdoll_147.jpg,27,Ragdoll
Sphynx_150,C:\Users\mahmu\OneDrive\Desktop\Fine-Grained Pet Breed Classification\data\processed\images\Sphynx_150.jpg,34,Sphynx
american_bulldog_169,C:\Users\mahmu\OneDrive\Desktop\Fine-Grained Pet Breed Classification\data\processed\images\american_bulldog_169.jpg,2,american_bulldog
chihuahua_174,C:\Users\mahmu\OneDrive\Desktop\Fine-Grained Pet Breed Classification\data\processed\images\chihuahua_174.jpg,11,chihuahua
english_setter_113,C:\Users\mahmu\OneDrive\Desktop\Fine-Grained Pet Breed Classification\data\processed\images\english_setter_113.jpg,14,english_setter
staffordshire_bull_terrier_179,C:\Users\mahmu\OneDrive\Desktop\Fine-Grained Pet Breed Classification\data\processed\images\staffordshire_bull_terrier_179.jpg,35,staffordshire_bull_terrier
basset_hound_122,C:\Users\mahmu\OneDrive\Desktop\Fine-Grained Pet Breed Classification\data\processed\images\basset_hound_122.jpg,4,basset_hound
keeshond_110,C:\Users\mahmu\OneDrive\Desktop\Fine-Grained Pet Breed Classification\data\processed\images\keeshond_110.jpg,19,keeshond
basset_hound_123,C:\Users\mahmu\OneDrive\Desktop\Fine-Grained Pet Breed Classification\data\processed\images\basset_hound_123.jpg,4,basset_hound
pug_114,C:\Users\mahmu\OneDrive\Desktop\Fine-Grained Pet Breed Classification\data\processed\images\pug_114.jpg,26,pug
Abyssinian_167,C:\Users\mahmu\OneDrive\Desktop\Fine-Grained Pet Breed Classification\data\processed\images\Abyssinian_167.jpg,1,Abyssinian
Bombay_162,C:\Users\mahmu\OneDrive\Desktop\Fine-Grained Pet Breed Classification\data\processed\images\Bombay_162.jpg,8,Bombay
newfoundland_135,C:\Users\mahmu\OneDrive\Desktop\Fine-Grained Pet Breed Classification\data\processed\images\newfoundland_135.jpg,23,newfoundland
havanese_150,C:\Users\mahmu\OneDrive\Desktop\Fine-Grained Pet Breed Classification\data\processed\images\havanese_150.jpg,17,havanese
samoyed_153,C:\Users\mahmu\OneDrive\Desktop\Fine-Grained Pet Breed Classification\data\processed\images\samoyed_153.jpg,30,samoyed
boxer_164,C:\Users\mahmu\OneDrive\Desktop\Fine-Grained Pet Breed Classification\data\processed\images\boxer_164.jpg,9,boxer
chihuahua_169,C:\Users\mahmu\OneDrive\Desktop\Fine-Grained Pet Breed Classification\data\processed\images\chihuahua_169.jpg,11,chihuahua
samoyed_14,C:\Users\mahmu\OneDrive\Desktop\Fine-Grained Pet Breed Classification\data\processed\images\samoyed_14.jpg,30,samoyed
pug_117,C:\Users\mahmu\OneDrive\Desktop\Fine-Grained Pet Breed Classification\data\processed\images\pug_117.jpg,26,pug
german_shorthaired_135,C:\Users\mahmu\OneDrive\Desktop\Fine-Grained Pet Breed Classification\data\processed\images\german_shorthaired_135.jpg,15,german_shorthaired
yorkshire_terrier_143,C:\Users\mahmu\OneDrive\Desktop\Fine-Grained Pet Breed Classification\data\processed\images\yorkshire_terrier_143.jpg,37,yorkshire_terrier
Bengal_189,C:\Users\mahmu\OneDrive\Desktop\Fine-Grained Pet Breed Classification\data\processed\images\Bengal_189.jpg,6,Bengal
samoyed_180,C:\Users\mahmu\OneDrive\Desktop\Fine-Grained Pet Breed Classification\data\processed\images\samoyed_180.jpg,30,samoyed
wheaten_terrier_108,C:\Users\mahmu\OneDrive\Desktop\Fine-Grained Pet Breed Classification\data\processed\images\wheaten_terrier_108.jpg,36,wheaten_terrier
american_bulldog_146,C:\Users\mahmu\OneDrive\Desktop\Fine-Grained Pet Breed Classification\data\processed\images\american_bulldog_146.jpg,2,american_bulldog
keeshond_132,C:\Users\mahmu\OneDrive\Desktop\Fine-Grained Pet Breed Classification\data\processed\images\keeshond_132.jpg,19,keeshond
British_Shorthair_169,C:\Users\mahmu\OneDrive\Desktop\Fine-Grained Pet Breed Classification\data\processed\images\British_Shorthair_169.jpg,10,British_Shorthair
Birman_118,C:\Users\mahmu\OneDrive\Desktop\Fine-Grained Pet Breed Classification\data\processed\images\Birman_118.jpg,7,Birman
Birman_171,C:\Users\mahmu\OneDrive\Desktop\Fine-Grained Pet Breed Classification\data\processed\images\Birman_171.jpg,7,Birman
Abyssinian_138,C:\Users\mahmu\OneDrive\Desktop\Fine-Grained Pet Breed Classification\data\processed\images\Abyssinian_138.jpg,1,Abyssinian
havanese_163,C:\Users\mahmu\OneDrive\Desktop\Fine-Grained Pet Breed Classification\data\processed\images\havanese_163.jpg,17,havanese
miniature_pinscher_176,C:\Users\mahmu\OneDrive\Desktop\Fine-Grained Pet Breed Classification\data\processed\images\miniature_pinscher_176.jpg,22,miniature_pinscher
german_shorthaired_182,C:\Users\mahmu\OneDrive\Desktop\Fine-Grained Pet Breed Classification\data\processed\images\german_shorthaired_182.jpg,15,german_shorthaired
keeshond_119,C:\Users\mahmu\OneDrive\Desktop\Fine-Grained Pet Breed Classification\data\processed\images\keeshond_119.jpg,19,keeshond
Bombay_13,C:\Users\mahmu\OneDrive\Desktop\Fine-Grained Pet Breed Classification\data\processed\images\Bombay_13.jpg,8,Bombay
Bengal_100,C:\Users\mahmu\OneDrive\Desktop\Fine-Grained Pet Breed Classification\data\processed\images\Bengal_100.jpg,6,Bengal
Russian_Blue_166,C:\Users\mahmu\OneDrive\Desktop\Fine-Grained Pet Breed Classification\data\processed\images\Russian_Blue_166.jpg,28,Russian_Blue
Egyptian_Mau_163,C:\Users\mahmu\OneDrive\Desktop\Fine-Grained Pet Breed Classification\data\processed\images\Egyptian_Mau_163.jpg,12,Egyptian_Mau
Ragdoll_155,C:\Users\mahmu\OneDrive\Desktop\Fine-Grained Pet Breed Classification\data\processed\images\Ragdoll_155.jpg,27,Ragdoll
wheaten_terrier_11,C:\Users\mahmu\OneDrive\Desktop\Fine-Grained Pet Breed Classification\data\processed\images\wheaten_terrier_11.jpg,36,wheaten_terrier
leonberger_117,C:\Users\mahmu\OneDrive\Desktop\Fine-Grained Pet Breed Classification\data\processed\images\leonberger_117.jpg,20,leonberger
boxer_134,C:\Users\mahmu\OneDrive\Desktop\Fine-Grained Pet Breed Classification\data\processed\images\boxer_134.jpg,9,boxer
american_pit_bull_terrier_172,C:\Users\mahmu\OneDrive\Desktop\Fine-Grained Pet Breed Classification\data\processed\images\american_pit_bull_terrier_172.jpg,3,american_pit_bull_terrier
pomeranian_135,C:\Users\mahmu\OneDrive\Desktop\Fine-Grained Pet Breed Classification\data\processed\images\pomeranian_135.jpg,25,pomeranian
Sphynx_160,C:\Users\mahmu\OneDrive\Desktop\Fine-Grained Pet Breed Classification\data\processed\images\Sphynx_160.jpg,34,Sphynx
Abyssinian_185,C:\Users\mahmu\OneDrive\Desktop\Fine-Grained Pet Breed Classification\data\processed\images\Abyssinian_185.jpg,1,Abyssinian
Russian_Blue_195,C:\Users\mahmu\OneDrive\Desktop\Fine-Grained Pet Breed Classification\data\processed\images\Russian_Blue_195.jpg,28,Russian_Blue
Maine_Coon_117,C:\Users\mahmu\OneDrive\Desktop\Fine-Grained Pet Breed Classification\data\processed\images\Maine_Coon_117.jpg,21,Maine_Coon
shiba_inu_113,C:\Users\mahmu\OneDrive\Desktop\Fine-Grained Pet Breed Classification\data\processed\images\shiba_inu_113.jpg,32,shiba_inu
american_pit_bull_terrier_171,C:\Users\mahmu\OneDrive\Desktop\Fine-Grained Pet Breed Classification\data\processed\images\american_pit_bull_terrier_171.jpg,3,american_pit_bull_terrier
Persian_158,C:\Users\mahmu\OneDrive\Desktop\Fine-Grained Pet Breed Classification\data\processed\images\Persian_158.jpg,24,Persian
Russian_Blue_188,C:\Users\mahmu\OneDrive\Desktop\Fine-Grained Pet Breed Classification\data\processed\images\Russian_Blue_188.jpg,28,Russian_Blue
British_Shorthair_104,C:\Users\mahmu\OneDrive\Desktop\Fine-Grained Pet Breed Classification\data\processed\images\British_Shorthair_104.jpg,10,British_Shorthair
miniature_pinscher_10,C:\Users\mahmu\OneDrive\Desktop\Fine-Grained Pet Breed Classification\data\processed\images\miniature_pinscher_10.jpg,22,miniature_pinscher
pomeranian_114,C:\Users\mahmu\OneDrive\Desktop\Fine-Grained Pet Breed Classification\data\processed\images\pomeranian_114.jpg,25,pomeranian
Bengal_148,C:\Users\mahmu\OneDrive\Desktop\Fine-Grained Pet Breed Classification\data\processed\images\Bengal_148.jpg,6,Bengal
keeshond_125,C:\Users\mahmu\OneDrive\Desktop\Fine-Grained Pet Breed Classification\data\processed\images\keeshond_125.jpg,19,keeshond
Siamese_201,C:\Users\mahmu\OneDrive\Desktop\Fine-Grained Pet Breed Classification\data\processed\images\Siamese_201.jpg,33,Siamese
shiba_inu_152,C:\Users\mahmu\OneDrive\Desktop\Fine-Grained Pet Breed Classification\data\processed\images\shiba_inu_152.jpg,32,shiba_inu
scottish_terrier_181,C:\Users\mahmu\OneDrive\Desktop\Fine-Grained Pet Breed Classification\data\processed\images\scottish_terrier_181.jpg,31,scottish_terrier
keeshond_158,C:\Users\mahmu\OneDrive\Desktop\Fine-Grained Pet Breed Classification\data\processed\images\keeshond_158.jpg,19,keeshond
japanese_chin_120,C:\Users\mahmu\OneDrive\Desktop\Fine-Grained Pet Breed Classification\data\processed\images\japanese_chin_120.jpg,18,japanese_chin
Birman_109,C:\Users\mahmu\OneDrive\Desktop\Fine-Grained Pet Breed Classification\data\processed\images\Birman_109.jpg,7,Birman
Sphynx_112,C:\Users\mahmu\OneDrive\Desktop\Fine-Grained Pet Breed Classification\data\processed\images\Sphynx_112.jpg,34,Sphynx
wheaten_terrier_141,C:\Users\mahmu\OneDrive\Desktop\Fine-Grained Pet Breed Classification\data\processed\images\wheaten_terrier_141.jpg,36,wheaten_terrier
american_pit_bull_terrier_133,C:\Users\mahmu\OneDrive\Desktop\Fine-Grained Pet Breed Classification\data\processed\images\american_pit_bull_terrier_133.jpg,3,american_pit_bull_terrier
miniature_pinscher_16,C:\Users\mahmu\OneDrive\Desktop\Fine-Grained Pet Breed Classification\data\processed\images\miniature_pinscher_16.jpg,22,miniature_pinscher
Maine_Coon_168,C:\Users\mahmu\OneDrive\Desktop\Fine-Grained Pet Breed Classification\data\processed\images\Maine_Coon_168.jpg,21,Maine_Coon
yorkshire_terrier_167,C:\Users\mahmu\OneDrive\Desktop\Fine-Grained Pet Breed Classification\data\processed\images\yorkshire_terrier_167.jpg,37,yorkshire_terrier
japanese_chin_134,C:\Users\mahmu\OneDrive\Desktop\Fine-Grained Pet Breed Classification\data\processed\images\japanese_chin_134.jpg,18,japanese_chin
Bombay_139,C:\Users\mahmu\OneDrive\Desktop\Fine-Grained Pet Breed Classification\data\processed\images\Bombay_139.jpg,8,Bombay
beagle_176,C:\Users\mahmu\OneDrive\Desktop\Fine-Grained Pet Breed Classification\data\processed\images\beagle_176.jpg,5,beagle
scottish_terrier_133,C:\Users\mahmu\OneDrive\Desktop\Fine-Grained Pet Breed Classification\data\processed\images\scottish_terrier_133.jpg,31,scottish_terrier
wheaten_terrier_190,C:\Users\mahmu\OneDrive\Desktop\Fine-Grained Pet Breed Classification\data\processed\images\wheaten_terrier_190.jpg,36,wheaten_terrier
British_Shorthair_181,C:\Users\mahmu\OneDrive\Desktop\Fine-Grained Pet Breed Classification\data\processed\images\British_Shorthair_181.jpg,10,British_Shorthair
Persian_131,C:\Users\mahmu\OneDrive\Desktop\Fine-Grained Pet Breed Classification\data\processed\images\Persian_131.jpg,24,Persian
american_bulldog_149,C:\Users\mahmu\OneDrive\Desktop\Fine-Grained Pet Breed Classification\data\processed\images\american_bulldog_149.jpg,2,american_bulldog
saint_bernard_142,C:\Users\mahmu\OneDrive\Desktop\Fine-Grained Pet Breed Classification\data\processed\images\saint_bernard_142.jpg,29,saint_bernard
leonberger_165,C:\Users\mahmu\OneDrive\Desktop\Fine-Grained Pet Breed Classification\data\processed\images\leonberger_165.jpg,20,leonberger
american_pit_bull_terrier_145,C:\Users\mahmu\OneDrive\Desktop\Fine-Grained Pet Breed Classification\data\processed\images\american_pit_bull_terrier_145.jpg,3,american_pit_bull_terrier
english_setter_136,C:\Users\mahmu\OneDrive\Desktop\Fine-Grained Pet Breed Classification\data\processed\images\english_setter_136.jpg,14,english_setter
wheaten_terrier_139,C:\Users\mahmu\OneDrive\Desktop\Fine-Grained Pet Breed Classification\data\processed\images\wheaten_terrier_139.jpg,36,wheaten_terrier
samoyed_179,C:\Users\mahmu\OneDrive\Desktop\Fine-Grained Pet Breed Classification\data\processed\images\samoyed_179.jpg,30,samoyed
shiba_inu_116,C:\Users\mahmu\OneDrive\Desktop\Fine-Grained Pet Breed Classification\data\processed\images\shiba_inu_116.jpg,32,shiba_inu
keeshond_116,C:\Users\mahmu\OneDrive\Desktop\Fine-Grained Pet Breed Classification\data\processed\images\keeshond_116.jpg,19,keeshond
saint_bernard_179,C:\Users\mahmu\OneDrive\Desktop\Fine-Grained Pet Breed Classification\data\processed\images\saint_bernard_179.jpg,29,saint_bernard
British_Shorthair_127,C:\Users\mahmu\OneDrive\Desktop\Fine-Grained Pet Breed Classification\data\processed\images\British_Shorthair_127.jpg,10,British_Shorthair
Abyssinian_111,C:\Users\mahmu\OneDrive\Desktop\Fine-Grained Pet Breed Classification\data\processed\images\Abyssinian_111.jpg,1,Abyssinian
Abyssinian_158,C:\Users\mahmu\OneDrive\Desktop\Fine-Grained Pet Breed Classification\data\processed\images\Abyssinian_158.jpg,1,Abyssinian
havanese_152,C:\Users\mahmu\OneDrive\Desktop\Fine-Grained Pet Breed Classification\data\processed\images\havanese_152.jpg,17,havanese
Egyptian_Mau_157,C:\Users\mahmu\OneDrive\Desktop\Fine-Grained Pet Breed Classification\data\processed\images\Egyptian_Mau_157.jpg,12,Egyptian_Mau
Russian_Blue_144,C:\Users\mahmu\OneDrive\Desktop\Fine-Grained Pet Breed Classification\data\processed\images\Russian_Blue_144.jpg,28,Russian_Blue
pomeranian_11,C:\Users\mahmu\OneDrive\Desktop\Fine-Grained Pet Breed Classification\data\processed\images\pomeranian_11.jpg,25,pomeranian
Birman_158,C:\Users\mahmu\OneDrive\Desktop\Fine-Grained Pet Breed Classification\data\processed\images\Birman_158.jpg,7,Birman
Sphynx_159,C:\Users\mahmu\OneDrive\Desktop\Fine-Grained Pet Breed Classification\data\processed\images\Sphynx_159.jpg,34,Sphynx
american_bulldog_126,C:\Users\mahmu\OneDrive\Desktop\Fine-Grained Pet Breed Classification\data\processed\images\american_bulldog_126.jpg,2,american_bulldog
Sphynx_111,C:\Users\mahmu\OneDrive\Desktop\Fine-Grained Pet Breed Classification\data\processed\images\Sphynx_111.jpg,34,Sphynx
staffordshire_bull_terrier_16,C:\Users\mahmu\OneDrive\Desktop\Fine-Grained Pet Breed Classification\data\processed\images\staffordshire_bull_terrier_16.jpg,35,staffordshire_bull_terrier
english_setter_160,C:\Users\mahmu\OneDrive\Desktop\Fine-Grained Pet Breed Classification\data\processed\images\english_setter_160.jpg,14,english_setter
american_bulldog_144,C:\Users\mahmu\OneDrive\Desktop\Fine-Grained Pet Breed Classification\data\processed\images\american_bulldog_144.jpg,2,american_bulldog
Bengal_169,C:\Users\mahmu\OneDrive\Desktop\Fine-Grained Pet Breed Classification\data\processed\images\Bengal_169.jpg,6,Bengal
Birman_18,C:\Users\mahmu\OneDrive\Desktop\Fine-Grained Pet Breed Classification\data\processed\images\Birman_18.jpg,7,Birman
great_pyrenees_174,C:\Users\mahmu\OneDrive\Desktop\Fine-Grained Pet Breed Classification\data\processed\images\great_pyrenees_174.jpg,16,great_pyrenees
Bombay_194,C:\Users\mahmu\OneDrive\Desktop\Fine-Grained Pet Breed Classification\data\processed\images\Bombay_194.jpg,8,Bombay
Bengal_149,C:\Users\mahmu\OneDrive\Desktop\Fine-Grained Pet Breed Classification\data\processed\images\Bengal_149.jpg,6,Bengal
beagle_188,C:\Users\mahmu\OneDrive\Desktop\Fine-Grained Pet Breed Classification\data\processed\images\beagle_188.jpg,5,beagle
chihuahua_185,C:\Users\mahmu\OneDrive\Desktop\Fine-Grained Pet Breed Classification\data\processed\images\chihuahua_185.jpg,11,chihuahua
basset_hound_105,C:\Users\mahmu\OneDrive\Desktop\Fine-Grained Pet Breed Classification\data\processed\images\basset_hound_105.jpg,4,basset_hound
Sphynx_104,C:\Users\mahmu\OneDrive\Desktop\Fine-Grained Pet Breed Classification\data\processed\images\Sphynx_104.jpg,34,Sphynx
leonberger_184,C:\Users\mahmu\OneDrive\Desktop\Fine-Grained Pet Breed Classification\data\processed\images\leonberger_184.jpg,20,leonberger
Bengal_151,C:\Users\mahmu\OneDrive\Desktop\Fine-Grained Pet Breed Classification\data\processed\images\Bengal_151.jpg,6,Bengal
keeshond_162,C:\Users\mahmu\OneDrive\Desktop\Fine-Grained Pet Breed Classification\data\processed\images\keeshond_162.jpg,19,keeshond
Egyptian_Mau_185,C:\Users\mahmu\OneDrive\Desktop\Fine-Grained Pet Breed Classification\data\processed\images\Egyptian_Mau_185.jpg,12,Egyptian_Mau
boxer_148,C:\Users\mahmu\OneDrive\Desktop\Fine-Grained Pet Breed Classification\data\processed\images\boxer_148.jpg,9,boxer
keeshond_15,C:\Users\mahmu\OneDrive\Desktop\Fine-Grained Pet Breed Classification\data\processed\images\keeshond_15.jpg,19,keeshond
staffordshire_bull_terrier_175,C:\Users\mahmu\OneDrive\Desktop\Fine-Grained Pet Breed Classification\data\processed\images\staffordshire_bull_terrier_175.jpg,35,staffordshire_bull_terrier
Birman_183,C:\Users\mahmu\OneDrive\Desktop\Fine-Grained Pet Breed Classification\data\processed\images\Birman_183.jpg,7,Birman
english_cocker_spaniel_154,C:\Users\mahmu\OneDrive\Desktop\Fine-Grained Pet Breed Classification\data\processed\images\english_cocker_spaniel_154.jpg,13,english_cocker_spaniel
beagle_184,C:\Users\mahmu\OneDrive\Desktop\Fine-Grained Pet Breed Classification\data\processed\images\beagle_184.jpg,5,beagle
samoyed_145,C:\Users\mahmu\OneDrive\Desktop\Fine-Grained Pet Breed Classification\data\processed\images\samoyed_145.jpg,30,samoyed
keeshond_138,C:\Users\mahmu\OneDrive\Desktop\Fine-Grained Pet Breed Classification\data\processed\images\keeshond_138.jpg,19,keeshond
saint_bernard_165,C:\Users\mahmu\OneDrive\Desktop\Fine-Grained Pet Breed Classification\data\processed\images\saint_bernard_165.jpg,29,saint_bernard
scottish_terrier_138,C:\Users\mahmu\OneDrive\Desktop\Fine-Grained Pet Breed Classification\data\processed\images\scottish_terrier_138.jpg,31,scottish_terrier
great_pyrenees_146,C:\Users\mahmu\OneDrive\Desktop\Fine-Grained Pet Breed Classification\data\processed\images\great_pyrenees_146.jpg,16,great_pyrenees
english_cocker_spaniel_188,C:\Users\mahmu\OneDrive\Desktop\Fine-Grained Pet Breed Classification\data\processed\images\english_cocker_spaniel_188.jpg,13,english_cocker_spaniel
Egyptian_Mau_180,C:\Users\mahmu\OneDrive\Desktop\Fine-Grained Pet Breed Classification\data\processed\images\Egyptian_Mau_180.jpg,12,Egyptian_Mau
pomeranian_146,C:\Users\mahmu\OneDrive\Desktop\Fine-Grained Pet Breed Classification\data\processed\images\pomeranian_146.jpg,25,pomeranian
British_Shorthair_111,C:\Users\mahmu\OneDrive\Desktop\Fine-Grained Pet Breed Classification\data\processed\images\British_Shorthair_111.jpg,10,British_Shorthair
boxer_108,C:\Users\mahmu\OneDrive\Desktop\Fine-Grained Pet Breed Classification\data\processed\images\boxer_108.jpg,9,boxer
boxer_137,C:\Users\mahmu\OneDrive\Desktop\Fine-Grained Pet Breed Classification\data\processed\images\boxer_137.jpg,9,boxer
havanese_146,C:\Users\mahmu\OneDrive\Desktop\Fine-Grained Pet Breed Classification\data\processed\images\havanese_146.jpg,17,havanese
newfoundland_109,C:\Users\mahmu\OneDrive\Desktop\Fine-Grained Pet Breed Classification\data\processed\images\newfoundland_109.jpg,23,newfoundland
Abyssinian_172,C:\Users\mahmu\OneDrive\Desktop\Fine-Grained Pet Breed Classification\data\processed\images\Abyssinian_172.jpg,1,Abyssinian
pomeranian_107,C:\Users\mahmu\OneDrive\Desktop\Fine-Grained Pet Breed Classification\data\processed\images\pomeranian_107.jpg,25,pomeranian
Abyssinian_107,C:\Users\mahmu\OneDrive\Desktop\Fine-Grained Pet Breed Classification\data\processed\images\Abyssinian_107.jpg,1,Abyssinian
chihuahua_132,C:\Users\mahmu\OneDrive\Desktop\Fine-Grained Pet Breed Classification\data\processed\images\chihuahua_132.jpg,11,chihuahua
beagle_190,C:\Users\mahmu\OneDrive\Desktop\Fine-Grained Pet Breed Classification\data\processed\images\beagle_190.jpg,5,beagle
pomeranian_142,C:\Users\mahmu\OneDrive\Desktop\Fine-Grained Pet Breed Classification\data\processed\images\pomeranian_142.jpg,25,pomeranian
german_shorthaired_111,C:\Users\mahmu\OneDrive\Desktop\Fine-Grained Pet Breed Classification\data\processed\images\german_shorthaired_111.jpg,15,german_shorthaired
leonberger_180,C:\Users\mahmu\OneDrive\Desktop\Fine-Grained Pet Breed Classification\data\processed\images\leonberger_180.jpg,20,leonberger
keeshond_108,C:\Users\mahmu\OneDrive\Desktop\Fine-Grained Pet Breed Classification\data\processed\images\keeshond_108.jpg,19,keeshond
Abyssinian_150,C:\Users\mahmu\OneDrive\Desktop\Fine-Grained Pet Breed Classification\data\processed\images\Abyssinian_150.jpg,1,Abyssinian
american_pit_bull_terrier_130,C:\Users\mahmu\OneDrive\Desktop\Fine-Grained Pet Breed Classification\data\processed\images\american_pit_bull_terrier_130.jpg,3,american_pit_bull_terrier
saint_bernard_185,C:\Users\mahmu\OneDrive\Desktop\Fine-Grained Pet Breed Classification\data\processed\images\saint_bernard_185.jpg,29,saint_bernard
Russian_Blue_171,C:\Users\mahmu\OneDrive\Desktop\Fine-Grained Pet Breed Classification\data\processed\images\Russian_Blue_171.jpg,28,Russian_Blue
american_pit_bull_terrier_119,C:\Users\mahmu\OneDrive\Desktop\Fine-Grained Pet Breed Classification\data\processed\images\american_pit_bull_terrier_119.jpg,3,american_pit_bull_terrier
Persian_135,C:\Users\mahmu\OneDrive\Desktop\Fine-Grained Pet Breed Classification\data\processed\images\Persian_135.jpg,24,Persian
english_setter_156,C:\Users\mahmu\OneDrive\Desktop\Fine-Grained Pet Breed Classification\data\processed\images\english_setter_156.jpg,14,english_setter
Bombay_170,C:\Users\mahmu\OneDrive\Desktop\Fine-Grained Pet Breed Classification\data\processed\images\Bombay_170.jpg,8,Bombay
staffordshire_bull_terrier_117,C:\Users\mahmu\OneDrive\Desktop\Fine-Grained Pet Breed Classification\data\processed\images\staffordshire_bull_terrier_117.jpg,35,staffordshire_bull_terrier
saint_bernard_112,C:\Users\mahmu\OneDrive\Desktop\Fine-Grained Pet Breed Classification\data\processed\images\saint_bernard_112.jpg,29,saint_bernard
havanese_116,C:\Users\mahmu\OneDrive\Desktop\Fine-Grained Pet Breed Classification\data\processed\images\havanese_116.jpg,17,havanese
japanese_chin_184,C:\Users\mahmu\OneDrive\Desktop\Fine-Grained Pet Breed Classification\data\processed\images\japanese_chin_184.jpg,18,japanese_chin
basset_hound_114,C:\Users\mahmu\OneDrive\Desktop\Fine-Grained Pet Breed Classification\data\processed\images\basset_hound_114.jpg,4,basset_hound
Bombay_109,C:\Users\mahmu\OneDrive\Desktop\Fine-Grained Pet Breed Classification\data\processed\images\Bombay_109.jpg,8,Bombay
german_shorthaired_133,C:\Users\mahmu\OneDrive\Desktop\Fine-Grained Pet Breed Classification\data\processed\images\german_shorthaired_133.jpg,15,german_shorthaired
Ragdoll_154,C:\Users\mahmu\OneDrive\Desktop\Fine-Grained Pet Breed Classification\data\processed\images\Ragdoll_154.jpg,27,Ragdoll
Siamese_171,C:\Users\mahmu\OneDrive\Desktop\Fine-Grained Pet Breed Classification\data\processed\images\Siamese_171.jpg,33,Siamese
British_Shorthair_139,C:\Users\mahmu\OneDrive\Desktop\Fine-Grained Pet Breed Classification\data\processed\images\British_Shorthair_139.jpg,10,British_Shorthair
samoyed_107,C:\Users\mahmu\OneDrive\Desktop\Fine-Grained Pet Breed Classification\data\processed\images\samoyed_107.jpg,30,samoyed
Maine_Coon_208,C:\Users\mahmu\OneDrive\Desktop\Fine-Grained Pet Breed Classification\data\processed\images\Maine_Coon_208.jpg,21,Maine_Coon
Birman_123,C:\Users\mahmu\OneDrive\Desktop\Fine-Grained Pet Breed Classification\data\processed\images\Birman_123.jpg,7,Birman
american_pit_bull_terrier_139,C:\Users\mahmu\OneDrive\Desktop\Fine-Grained Pet Breed Classification\data\processed\images\american_pit_bull_terrier_139.jpg,3,american_pit_bull_terrier
wheaten_terrier_129,C:\Users\mahmu\OneDrive\Desktop\Fine-Grained Pet Breed Classification\data\processed\images\wheaten_terrier_129.jpg,36,wheaten_terrier
Bengal_134,C:\Users\mahmu\OneDrive\Desktop\Fine-Grained Pet Breed Classification\data\processed\images\Bengal_134.jpg,6,Bengal
staffordshire_bull_terrier_145,C:\Users\mahmu\OneDrive\Desktop\Fine-Grained Pet Breed Classification\data\processed\images\staffordshire_bull_terrier_145.jpg,35,staffordshire_bull_terrier
pomeranian_163,C:\Users\mahmu\OneDrive\Desktop\Fine-Grained Pet Breed Classification\data\processed\images\pomeranian_163.jpg,25,pomeranian
american_bulldog_121,C:\Users\mahmu\OneDrive\Desktop\Fine-Grained Pet Breed Classification\data\processed\images\american_bulldog_121.jpg,2,american_bulldog
german_shorthaired_117,C:\Users\mahmu\OneDrive\Desktop\Fine-Grained Pet Breed Classification\data\processed\images\german_shorthaired_117.jpg,15,german_shorthaired
Egyptian_Mau_138,C:\Users\mahmu\OneDrive\Desktop\Fine-Grained Pet Breed Classification\data\processed\images\Egyptian_Mau_138.jpg,12,Egyptian_Mau
english_setter_164,C:\Users\mahmu\OneDrive\Desktop\Fine-Grained Pet Breed Classification\data\processed\images\english_setter_164.jpg,14,english_setter
newfoundland_100,C:\Users\mahmu\OneDrive\Desktop\Fine-Grained Pet Breed Classification\data\processed\images\newfoundland_100.jpg,23,newfoundland
great_pyrenees_187,C:\Users\mahmu\OneDrive\Desktop\Fine-Grained Pet Breed Classification\data\processed\images\great_pyrenees_187.jpg,16,great_pyrenees
Persian_18,C:\Users\mahmu\OneDrive\Desktop\Fine-Grained Pet Breed Classification\data\processed\images\Persian_18.jpg,24,Persian
Maine_Coon_131,C:\Users\mahmu\OneDrive\Desktop\Fine-Grained Pet Breed Classification\data\processed\images\Maine_Coon_131.jpg,21,Maine_Coon
american_bulldog_124,C:\Users\mahmu\OneDrive\Desktop\Fine-Grained Pet Breed Classification\data\processed\images\american_bulldog_124.jpg,2,american_bulldog
german_shorthaired_118,C:\Users\mahmu\OneDrive\Desktop\Fine-Grained Pet Breed Classification\data\processed\images\german_shorthaired_118.jpg,15,german_shorthaired
shiba_inu_13,C:\Users\mahmu\OneDrive\Desktop\Fine-Grained Pet Breed Classification\data\processed\images\shiba_inu_13.jpg,32,shiba_inu
leonberger_133,C:\Users\mahmu\OneDrive\Desktop\Fine-Grained Pet Breed Classification\data\processed\images\leonberger_133.jpg,20,leonberger
wheaten_terrier_171,C:\Users\mahmu\OneDrive\Desktop\Fine-Grained Pet Breed Classification\data\processed\images\wheaten_terrier_171.jpg,36,wheaten_terrier
english_cocker_spaniel_161,C:\Users\mahmu\OneDrive\Desktop\Fine-Grained Pet Breed Classification\data\processed\images\english_cocker_spaniel_161.jpg,13,english_cocker_spaniel
Birman_120,C:\Users\mahmu\OneDrive\Desktop\Fine-Grained Pet Breed Classification\data\processed\images\Birman_120.jpg,7,Birman
Siamese_205,C:\Users\mahmu\OneDrive\Desktop\Fine-Grained Pet Breed Classification\data\processed\images\Siamese_205.jpg,33,Siamese
Russian_Blue_135,C:\Users\mahmu\OneDrive\Desktop\Fine-Grained Pet Breed Classification\data\processed\images\Russian_Blue_135.jpg,28,Russian_Blue
Bengal_104,C:\Users\mahmu\OneDrive\Desktop\Fine-Grained Pet Breed Classification\data\processed\images\Bengal_104.jpg,6,Bengal
Ragdoll_178,C:\Users\mahmu\OneDrive\Desktop\Fine-Grained Pet Breed Classification\data\processed\images\Ragdoll_178.jpg,27,Ragdoll
newfoundland_151,C:\Users\mahmu\OneDrive\Desktop\Fine-Grained Pet Breed Classification\data\processed\images\newfoundland_151.jpg,23,newfoundland
basset_hound_179,C:\Users\mahmu\OneDrive\Desktop\Fine-Grained Pet Breed Classification\data\processed\images\basset_hound_179.jpg,4,basset_hound
pug_105,C:\Users\mahmu\OneDrive\Desktop\Fine-Grained Pet Breed Classification\data\processed\images\pug_105.jpg,26,pug
basset_hound_167,C:\Users\mahmu\OneDrive\Desktop\Fine-Grained Pet Breed Classification\data\processed\images\basset_hound_167.jpg,4,basset_hound
american_pit_bull_terrier_128,C:\Users\mahmu\OneDrive\Desktop\Fine-Grained Pet Breed Classification\data\processed\images\american_pit_bull_terrier_128.jpg,3,american_pit_bull_terrier
english_setter_173,C:\Users\mahmu\OneDrive\Desktop\Fine-Grained Pet Breed Classification\data\processed\images\english_setter_173.jpg,14,english_setter
pomeranian_175,C:\Users\mahmu\OneDrive\Desktop\Fine-Grained Pet Breed Classification\data\processed\images\pomeranian_175.jpg,25,pomeranian
Birman_130,C:\Users\mahmu\OneDrive\Desktop\Fine-Grained Pet Breed Classification\data\processed\images\Birman_130.jpg,7,Birman
american_pit_bull_terrier_190,C:\Users\mahmu\OneDrive\Desktop\Fine-Grained Pet Breed Classification\data\processed\images\american_pit_bull_terrier_190.jpg,3,american_pit_bull_terrier
keeshond_175,C:\Users\mahmu\OneDrive\Desktop\Fine-Grained Pet Breed Classification\data\processed\images\keeshond_175.jpg,19,keeshond
german_shorthaired_15,C:\Users\mahmu\OneDrive\Desktop\Fine-Grained Pet Breed Classification\data\processed\images\german_shorthaired_15.jpg,15,german_shorthaired
chihuahua_173,C:\Users\mahmu\OneDrive\Desktop\Fine-Grained Pet Breed Classification\data\processed\images\chihuahua_173.jpg,11,chihuahua
basset_hound_129,C:\Users\mahmu\OneDrive\Desktop\Fine-Grained Pet Breed Classification\data\processed\images\basset_hound_129.jpg,4,basset_hound
Persian_149,C:\Users\mahmu\OneDrive\Desktop\Fine-Grained Pet Breed Classification\data\processed\images\Persian_149.jpg,24,Persian
yorkshire_terrier_180,C:\Users\mahmu\OneDrive\Desktop\Fine-Grained Pet Breed Classification\data\processed\images\yorkshire_terrier_180.jpg,37,yorkshire_terrier
pug_110,C:\Users\mahmu\OneDrive\Desktop\Fine-Grained Pet Breed Classification\data\processed\images\pug_110.jpg,26,pug
Bengal_105,C:\Users\mahmu\OneDrive\Desktop\Fine-Grained Pet Breed Classification\data\processed\images\Bengal_105.jpg,6,Bengal
leonberger_181,C:\Users\mahmu\OneDrive\Desktop\Fine-Grained Pet Breed Classification\data\processed\images\leonberger_181.jpg,20,leonberger
chihuahua_180,C:\Users\mahmu\OneDrive\Desktop\Fine-Grained Pet Breed Classification\data\processed\images\chihuahua_180.jpg,11,chihuahua
pug_157,C:\Users\mahmu\OneDrive\Desktop\Fine-Grained Pet Breed Classification\data\processed\images\pug_157.jpg,26,pug
Persian_160,C:\Users\mahmu\OneDrive\Desktop\Fine-Grained Pet Breed Classification\data\processed\images\Persian_160.jpg,24,Persian
beagle_101,C:\Users\mahmu\OneDrive\Desktop\Fine-Grained Pet Breed Classification\data\processed\images\beagle_101.jpg,5,beagle
miniature_pinscher_167,C:\Users\mahmu\OneDrive\Desktop\Fine-Grained Pet Breed Classification\data\processed\images\miniature_pinscher_167.jpg,22,miniature_pinscher
beagle_167,C:\Users\mahmu\OneDrive\Desktop\Fine-Grained Pet Breed Classification\data\processed\images\beagle_167.jpg,5,beagle
leonberger_129,C:\Users\mahmu\OneDrive\Desktop\Fine-Grained Pet Breed Classification\data\processed\images\leonberger_129.jpg,20,leonberger
american_pit_bull_terrier_127,C:\Users\mahmu\OneDrive\Desktop\Fine-Grained Pet Breed Classification\data\processed\images\american_pit_bull_terrier_127.jpg,3,american_pit_bull_terrier
pomeranian_147,C:\Users\mahmu\OneDrive\Desktop\Fine-Grained Pet Breed Classification\data\processed\images\pomeranian_147.jpg,25,pomeranian
Maine_Coon_173,C:\Users\mahmu\OneDrive\Desktop\Fine-Grained Pet Breed Classification\data\processed\images\Maine_Coon_173.jpg,21,Maine_Coon
scottish_terrier_177,C:\Users\mahmu\OneDrive\Desktop\Fine-Grained Pet Breed Classification\data\processed\images\scottish_terrier_177.jpg,31,scottish_terrier
wheaten_terrier_131,C:\Users\mahmu\OneDrive\Desktop\Fine-Grained Pet Breed Classification\data\processed\images\wheaten_terrier_131.jpg,36,wheaten_terrier
japanese_chin_136,C:\Users\mahmu\OneDrive\Desktop\Fine-Grained Pet Breed Classification\data\processed\images\japanese_chin_136.jpg,18,japanese_chin
japanese_chin_104,C:\Users\mahmu\OneDrive\Desktop\Fine-Grained Pet Breed Classification\data\processed\images\japanese_chin_104.jpg,18,japanese_chin
Siamese_147,C:\Users\mahmu\OneDrive\Desktop\Fine-Grained Pet Breed Classification\data\processed\images\Siamese_147.jpg,33,Siamese
chihuahua_110,C:\Users\mahmu\OneDrive\Desktop\Fine-Grained Pet Breed Classification\data\processed\images\chihuahua_110.jpg,11,chihuahua
boxer_147,C:\Users\mahmu\OneDrive\Desktop\Fine-Grained Pet Breed Classification\data\processed\images\boxer_147.jpg,9,boxer
american_pit_bull_terrier_149,C:\Users\mahmu\OneDrive\Desktop\Fine-Grained Pet Breed Classification\data\processed\images\american_pit_bull_terrier_149.jpg,3,american_pit_bull_terrier
basset_hound_166,C:\Users\mahmu\OneDrive\Desktop\Fine-Grained Pet Breed Classification\data\processed\images\basset_hound_166.jpg,4,basset_hound
staffordshire_bull_terrier_128,C:\Users\mahmu\OneDrive\Desktop\Fine-Grained Pet Breed Classification\data\processed\images\staffordshire_bull_terrier_128.jpg,35,staffordshire_bull_terrier
Bombay_157,C:\Users\mahmu\OneDrive\Desktop\Fine-Grained Pet Breed Classification\data\processed\images\Bombay_157.jpg,8,Bombay
basset_hound_135,C:\Users\mahmu\OneDrive\Desktop\Fine-Grained Pet Breed Classification\data\processed\images\basset_hound_135.jpg,4,basset_hound
wheaten_terrier_10,C:\Users\mahmu\OneDrive\Desktop\Fine-Grained Pet Breed Classification\data\processed\images\wheaten_terrier_10.jpg,36,wheaten_terrier
shiba_inu_111,C:\Users\mahmu\OneDrive\Desktop\Fine-Grained Pet Breed Classification\data\processed\images\shiba_inu_111.jpg,32,shiba_inu
basset_hound_188,C:\Users\mahmu\OneDrive\Desktop\Fine-Grained Pet Breed Classification\data\processed\images\basset_hound_188.jpg,4,basset_hound
Siamese_180,C:\Users\mahmu\OneDrive\Desktop\Fine-Grained Pet Breed Classification\data\processed\images\Siamese_180.jpg,33,Siamese
pug_123,C:\Users\mahmu\OneDrive\Desktop\Fine-Grained Pet Breed Classification\data\processed\images\pug_123.jpg,26,pug
english_cocker_spaniel_101,C:\Users\mahmu\OneDrive\Desktop\Fine-Grained Pet Breed Classification\data\processed\images\english_cocker_spaniel_101.jpg,13,english_cocker_spaniel
saint_bernard_175,C:\Users\mahmu\OneDrive\Desktop\Fine-Grained Pet Breed Classification\data\processed\images\saint_bernard_175.jpg,29,saint_bernard
pomeranian_181,C:\Users\mahmu\OneDrive\Desktop\Fine-Grained Pet Breed Classification\data\processed\images\pomeranian_181.jpg,25,pomeranian
Abyssinian_115,C:\Users\mahmu\OneDrive\Desktop\Fine-Grained Pet Breed Classification\data\processed\images\Abyssinian_115.jpg,1,Abyssinian
japanese_chin_145,C:\Users\mahmu\OneDrive\Desktop\Fine-Grained Pet Breed Classification\data\processed\images\japanese_chin_145.jpg,18,japanese_chin
pomeranian_127,C:\Users\mahmu\OneDrive\Desktop\Fine-Grained Pet Breed Classification\data\processed\images\pomeranian_127.jpg,25,pomeranian
Sphynx_198,C:\Users\mahmu\OneDrive\Desktop\Fine-Grained Pet Breed Classification\data\processed\images\Sphynx_198.jpg,34,Sphynx
basset_hound_165,C:\Users\mahmu\OneDrive\Desktop\Fine-Grained Pet Breed Classification\data\processed\images\basset_hound_165.jpg,4,basset_hound
Sphynx_168,C:\Users\mahmu\OneDrive\Desktop\Fine-Grained Pet Breed Classification\data\processed\images\Sphynx_168.jpg,34,Sphynx
Bengal_186,C:\Users\mahmu\OneDrive\Desktop\Fine-Grained Pet Breed Classification\data\processed\images\Bengal_186.jpg,6,Bengal
staffordshire_bull_terrier_125,C:\Users\mahmu\OneDrive\Desktop\Fine-Grained Pet Breed Classification\data\processed\images\staffordshire_bull_terrier_125.jpg,35,staffordshire_bull_terrier
Bombay_188,C:\Users\mahmu\OneDrive\Desktop\Fine-Grained Pet Breed Classification\data\processed\images\Bombay_188.jpg,8,Bombay
american_bulldog_201,C:\Users\mahmu\OneDrive\Desktop\Fine-Grained Pet Breed Classification\data\processed\images\american_bulldog_201.jpg,2,american_bulldog
japanese_chin_164,C:\Users\mahmu\OneDrive\Desktop\Fine-Grained Pet Breed Classification\data\processed\images\japanese_chin_164.jpg,18,japanese_chin
Siamese_140,C:\Users\mahmu\OneDrive\Desktop\Fine-Grained Pet Breed Classification\data\processed\images\Siamese_140.jpg,33,Siamese
american_pit_bull_terrier_159,C:\Users\mahmu\OneDrive\Desktop\Fine-Grained Pet Breed Classification\data\processed\images\american_pit_bull_terrier_159.jpg,3,american_pit_bull_terrier
japanese_chin_105,C:\Users\mahmu\OneDrive\Desktop\Fine-Grained Pet Breed Classification\data\processed\images\japanese_chin_105.jpg,18,japanese_chin
american_bulldog_150,C:\Users\mahmu\OneDrive\Desktop\Fine-Grained Pet Breed Classification\data\processed\images\american_bulldog_150.jpg,2,american_bulldog
chihuahua_113,C:\Users\mahmu\OneDrive\Desktop\Fine-Grained Pet Breed Classification\data\processed\images\chihuahua_113.jpg,11,chihuahua
Russian_Blue_1,C:\Users\mahmu\OneDrive\Desktop\Fine-Grained Pet Breed Classification\data\processed\images\Russian_Blue_1.jpg,28,Russian_Blue
Bengal_118,C:\Users\mahmu\OneDrive\Desktop\Fine-Grained Pet Breed Classification\data\processed\images\Bengal_118.jpg,6,Bengal
Bengal_129,C:\Users\mahmu\OneDrive\Desktop\Fine-Grained Pet Breed Classification\data\processed\images\Bengal_129.jpg,6,Bengal
Birman_122,C:\Users\mahmu\OneDrive\Desktop\Fine-Grained Pet Breed Classification\data\processed\images\Birman_122.jpg,7,Birman
staffordshire_bull_terrier_114,C:\Users\mahmu\OneDrive\Desktop\Fine-Grained Pet Breed Classification\data\processed\images\staffordshire_bull_terrier_114.jpg,35,staffordshire_bull_terrier
samoyed_123,C:\Users\mahmu\OneDrive\Desktop\Fine-Grained Pet Breed Classification\data\processed\images\samoyed_123.jpg,30,samoyed
pug_151,C:\Users\mahmu\OneDrive\Desktop\Fine-Grained Pet Breed Classification\data\processed\images\pug_151.jpg,26,pug
saint_bernard_110,C:\Users\mahmu\OneDrive\Desktop\Fine-Grained Pet Breed Classification\data\processed\images\saint_bernard_110.jpg,29,saint_bernard
boxer_123,C:\Users\mahmu\OneDrive\Desktop\Fine-Grained Pet Breed Classification\data\processed\images\boxer_123.jpg,9,boxer
german_shorthaired_18,C:\Users\mahmu\OneDrive\Desktop\Fine-Grained Pet Breed Classification\data\processed\images\german_shorthaired_18.jpg,15,german_shorthaired
scottish_terrier_142,C:\Users\mahmu\OneDrive\Desktop\Fine-Grained Pet Breed Classification\data\processed\images\scottish_terrier_142.jpg,31,scottish_terrier
samoyed_148,C:\Users\mahmu\OneDrive\Desktop\Fine-Grained Pet Breed Classification\data\processed\images\samoyed_148.jpg,30,samoyed
Russian_Blue_179,C:\Users\mahmu\OneDrive\Desktop\Fine-Grained Pet Breed Classification\data\processed\images\Russian_Blue_179.jpg,28,Russian_Blue
boxer_109,C:\Users\mahmu\OneDrive\Desktop\Fine-Grained Pet Breed Classification\data\processed\images\boxer_109.jpg,9,boxer
Egyptian_Mau_188,C:\Users\mahmu\OneDrive\Desktop\Fine-Grained Pet Breed Classification\data\processed\images\Egyptian_Mau_188.jpg,12,Egyptian_Mau
boxer_158,C:\Users\mahmu\OneDrive\Desktop\Fine-Grained Pet Breed Classification\data\processed\images\boxer_158.jpg,9,boxer
boxer_100,C:\Users\mahmu\OneDrive\Desktop\Fine-Grained Pet Breed Classification\data\processed\images\boxer_100.jpg,9,boxer
Maine_Coon_180,C:\Users\mahmu\OneDrive\Desktop\Fine-Grained Pet Breed Classification\data\processed\images\Maine_Coon_180.jpg,21,Maine_Coon
pomeranian_115,C:\Users\mahmu\OneDrive\Desktop\Fine-Grained Pet Breed Classification\data\processed\images\pomeranian_115.jpg,25,pomeranian
yorkshire_terrier_104,C:\Users\mahmu\OneDrive\Desktop\Fine-Grained Pet Breed Classification\data\processed\images\yorkshire_terrier_104.jpg,37,yorkshire_terrier
scottish_terrier_190,C:\Users\mahmu\OneDrive\Desktop\Fine-Grained Pet Breed Classification\data\processed\images\scottish_terrier_190.jpg,31,scottish_terrier
japanese_chin_178,C:\Users\mahmu\OneDrive\Desktop\Fine-Grained Pet Breed Classification\data\processed\images\japanese_chin_178.jpg,18,japanese_chin
great_pyrenees_107,C:\Users\mahmu\OneDrive\Desktop\Fine-Grained Pet Breed Classification\data\processed\images\great_pyrenees_107.jpg,16,great_pyrenees
pomeranian_13,C:\Users\mahmu\OneDrive\Desktop\Fine-Grained Pet Breed Classification\data\processed\images\pomeranian_13.jpg,25,pomeranian
pomeranian_164,C:\Users\mahmu\OneDrive\Desktop\Fine-Grained Pet Breed Classification\data\processed\images\pomeranian_164.jpg,25,pomeranian
american_bulldog_191,C:\Users\mahmu\OneDrive\Desktop\Fine-Grained Pet Breed Classification\data\processed\images\american_bulldog_191.jpg,2,american_bulldog
english_setter_162,C:\Users\mahmu\OneDrive\Desktop\Fine-Grained Pet Breed Classification\data\processed\images\english_setter_162.jpg,14,english_setter
basset_hound_17,C:\Users\mahmu\OneDrive\Desktop\Fine-Grained Pet Breed Classification\data\processed\images\basset_hound_17.jpg,4,basset_hound
havanese_151,C:\Users\mahmu\OneDrive\Desktop\Fine-Grained Pet Breed Classification\data\processed\images\havanese_151.jpg,17,havanese
japanese_chin_160,C:\Users\mahmu\OneDrive\Desktop\Fine-Grained Pet Breed Classification\data\processed\images\japanese_chin_160.jpg,18,japanese_chin
Persian_183,C:\Users\mahmu\OneDrive\Desktop\Fine-Grained Pet Breed Classification\data\processed\images\Persian_183.jpg,24,Persian
american_bulldog_112,C:\Users\mahmu\OneDrive\Desktop\Fine-Grained Pet Breed Classification\data\processed\images\american_bulldog_112.jpg,2,american_bulldog
newfoundland_169,C:\Users\mahmu\OneDrive\Desktop\Fine-Grained Pet Breed Classification\data\processed\images\newfoundland_169.jpg,23,newfoundland
Russian_Blue_151,C:\Users\mahmu\OneDrive\Desktop\Fine-Grained Pet Breed Classification\data\processed\images\Russian_Blue_151.jpg,28,Russian_Blue
samoyed_112,C:\Users\mahmu\OneDrive\Desktop\Fine-Grained Pet Breed Classification\data\processed\images\samoyed_112.jpg,30,samoyed
english_setter_148,C:\Users\mahmu\OneDrive\Desktop\Fine-Grained Pet Breed Classification\data\processed\images\english_setter_148.jpg,14,english_setter
boxer_127,C:\Users\mahmu\OneDrive\Desktop\Fine-Grained Pet Breed Classification\data\processed\images\boxer_127.jpg,9,boxer
pug_112,C:\Users\mahmu\OneDrive\Desktop\Fine-Grained Pet Breed Classification\data\processed\images\pug_112.jpg,26,pug
chihuahua_158,C:\Users\mahmu\OneDrive\Desktop\Fine-Grained Pet Breed Classification\data\processed\images\chihuahua_158.jpg,11,chihuahua
american_bulldog_193,C:\Users\mahmu\OneDrive\Desktop\Fine-Grained Pet Breed Classification\data\processed\images\american_bulldog_193.jpg,2,american_bulldog
boxer_131,C:\Users\mahmu\OneDrive\Desktop\Fine-Grained Pet Breed Classification\data\processed\images\boxer_131.jpg,9,boxer
basset_hound_152,C:\Users\mahmu\OneDrive\Desktop\Fine-Grained Pet Breed Classification\data\processed\images\basset_hound_152.jpg,4,basset_hound
Sphynx_131,C:\Users\mahmu\OneDrive\Desktop\Fine-Grained Pet Breed Classification\data\processed\images\Sphynx_131.jpg,34,Sphynx
Bombay_179,C:\Users\mahmu\OneDrive\Desktop\Fine-Grained Pet Breed Classification\data\processed\images\Bombay_179.jpg,8,Bombay
scottish_terrier_15,C:\Users\mahmu\OneDrive\Desktop\Fine-Grained Pet Breed Classification\data\processed\images\scottish_terrier_15.jpg,31,scottish_terrier
wheaten_terrier_144,C:\Users\mahmu\OneDrive\Desktop\Fine-Grained Pet Breed Classification\data\processed\images\wheaten_terrier_144.jpg,36,wheaten_terrier
beagle_194,C:\Users\mahmu\OneDrive\Desktop\Fine-Grained Pet Breed Classification\data\processed\images\beagle_194.jpg,5,beagle
Sphynx_189,C:\Users\mahmu\OneDrive\Desktop\Fine-Grained Pet Breed Classification\data\processed\images\Sphynx_189.jpg,34,Sphynx
Bombay_178,C:\Users\mahmu\OneDrive\Desktop\Fine-Grained Pet Breed Classification\data\processed\images\Bombay_178.jpg,8,Bombay
Russian_Blue_187,C:\Users\mahmu\OneDrive\Desktop\Fine-Grained Pet Breed Classification\data\processed\images\Russian_Blue_187.jpg,28,Russian_Blue
leonberger_148,C:\Users\mahmu\OneDrive\Desktop\Fine-Grained Pet Breed Classification\data\processed\images\leonberger_148.jpg,20,leonberger
Siamese_148,C:\Users\mahmu\OneDrive\Desktop\Fine-Grained Pet Breed Classification\data\processed\images\Siamese_148.jpg,33,Siamese
boxer_149,C:\Users\mahmu\OneDrive\Desktop\Fine-Grained Pet Breed Classification\data\processed\images\boxer_149.jpg,9,boxer
yorkshire_terrier_13,C:\Users\mahmu\OneDrive\Desktop\Fine-Grained Pet Breed Classification\data\processed\images\yorkshire_terrier_13.jpg,37,yorkshire_terrier
Abyssinian_100,C:\Users\mahmu\OneDrive\Desktop\Fine-Grained Pet Breed Classification\data\processed\images\Abyssinian_100.jpg,1,Abyssinian
yorkshire_terrier_138,C:\Users\mahmu\OneDrive\Desktop\Fine-Grained Pet Breed Classification\data\processed\images\yorkshire_terrier_138.jpg,37,yorkshire_terrier
miniature_pinscher_159,C:\Users\mahmu\OneDrive\Desktop\Fine-Grained Pet Breed Classification\data\processed\images\miniature_pinscher_159.jpg,22,miniature_pinscher
beagle_137,C:\Users\mahmu\OneDrive\Desktop\Fine-Grained Pet Breed Classification\data\processed\images\beagle_137.jpg,5,beagle
Sphynx_166,C:\Users\mahmu\OneDrive\Desktop\Fine-Grained Pet Breed Classification\data\processed\images\Sphynx_166.jpg,34,Sphynx
Maine_Coon_204,C:\Users\mahmu\OneDrive\Desktop\Fine-Grained Pet Breed Classification\data\processed\images\Maine_Coon_204.jpg,21,Maine_Coon
Egyptian_Mau_147,C:\Users\mahmu\OneDrive\Desktop\Fine-Grained Pet Breed Classification\data\processed\images\Egyptian_Mau_147.jpg,12,Egyptian_Mau
staffordshire_bull_terrier_11,C:\Users\mahmu\OneDrive\Desktop\Fine-Grained Pet Breed Classification\data\processed\images\staffordshire_bull_terrier_11.jpg,35,staffordshire_bull_terrier
samoyed_175,C:\Users\mahmu\OneDrive\Desktop\Fine-Grained Pet Breed Classification\data\processed\images\samoyed_175.jpg,30,samoyed
chihuahua_115,C:\Users\mahmu\OneDrive\Desktop\Fine-Grained Pet Breed Classification\data\processed\images\chihuahua_115.jpg,11,chihuahua
newfoundland_105,C:\Users\mahmu\OneDrive\Desktop\Fine-Grained Pet Breed Classification\data\processed\images\newfoundland_105.jpg,23,newfoundland
Russian_Blue_173,C:\Users\mahmu\OneDrive\Desktop\Fine-Grained Pet Breed Classification\data\processed\images\Russian_Blue_173.jpg,28,Russian_Blue
yorkshire_terrier_162,C:\Users\mahmu\OneDrive\Desktop\Fine-Grained Pet Breed Classification\data\processed\images\yorkshire_terrier_162.jpg,37,yorkshire_terrier
Russian_Blue_116,C:\Users\mahmu\OneDrive\Desktop\Fine-Grained Pet Breed Classification\data\processed\images\Russian_Blue_116.jpg,28,Russian_Blue
Maine_Coon_129,C:\Users\mahmu\OneDrive\Desktop\Fine-Grained Pet Breed Classification\data\processed\images\Maine_Coon_129.jpg,21,Maine_Coon
Ragdoll_197,C:\Users\mahmu\OneDrive\Desktop\Fine-Grained Pet Breed Classification\data\processed\images\Ragdoll_197.jpg,27,Ragdoll
shiba_inu_166,C:\Users\mahmu\OneDrive\Desktop\Fine-Grained Pet Breed Classification\data\processed\images\shiba_inu_166.jpg,32,shiba_inu
american_bulldog_129,C:\Users\mahmu\OneDrive\Desktop\Fine-Grained Pet Breed Classification\data\processed\images\american_bulldog_129.jpg,2,american_bulldog
american_bulldog_119,C:\Users\mahmu\OneDrive\Desktop\Fine-Grained Pet Breed Classification\data\processed\images\american_bulldog_119.jpg,2,american_bulldog
Ragdoll_113,C:\Users\mahmu\OneDrive\Desktop\Fine-Grained Pet Breed Classification\data\processed\images\Ragdoll_113.jpg,27,Ragdoll
Persian_174,C:\Users\mahmu\OneDrive\Desktop\Fine-Grained Pet Breed Classification\data\processed\images\Persian_174.jpg,24,Persian
american_pit_bull_terrier_103,C:\Users\mahmu\OneDrive\Desktop\Fine-Grained Pet Breed Classification\data\processed\images\american_pit_bull_terrier_103.jpg,3,american_pit_bull_terrier
Sphynx_180,C:\Users\mahmu\OneDrive\Desktop\Fine-Grained Pet Breed Classification\data\processed\images\Sphynx_180.jpg,34,Sphynx
english_setter_188,C:\Users\mahmu\OneDrive\Desktop\Fine-Grained Pet Breed Classification\data\processed\images\english_setter_188.jpg,14,english_setter
yorkshire_terrier_118,C:\Users\mahmu\OneDrive\Desktop\Fine-Grained Pet Breed Classification\data\processed\images\yorkshire_terrier_118.jpg,37,yorkshire_terrier
Birman_146,C:\Users\mahmu\OneDrive\Desktop\Fine-Grained Pet Breed Classification\data\processed\images\Birman_146.jpg,7,Birman
pug_176,C:\Users\mahmu\OneDrive\Desktop\Fine-Grained Pet Breed Classification\data\processed\images\pug_176.jpg,26,pug
shiba_inu_115,C:\Users\mahmu\OneDrive\Desktop\Fine-Grained Pet Breed Classification\data\processed\images\shiba_inu_115.jpg,32,shiba_inu
Abyssinian_140,C:\Users\mahmu\OneDrive\Desktop\Fine-Grained Pet Breed Classification\data\processed\images\Abyssinian_140.jpg,1,Abyssinian
staffordshire_bull_terrier_116,C:\Users\mahmu\OneDrive\Desktop\Fine-Grained Pet Breed Classification\data\processed\images\staffordshire_bull_terrier_116.jpg,35,staffordshire_bull_terrier
Birman_189,C:\Users\mahmu\OneDrive\Desktop\Fine-Grained Pet Breed Classification\data\processed\images\Birman_189.jpg,7,Birman
havanese_169,C:\Users\mahmu\OneDrive\Desktop\Fine-Grained Pet Breed Classification\data\processed\images\havanese_169.jpg,17,havanese
Egyptian_Mau_136,C:\Users\mahmu\OneDrive\Desktop\Fine-Grained Pet Breed Classification\data\processed\images\Egyptian_Mau_136.jpg,12,Egyptian_Mau
shiba_inu_130,C:\Users\mahmu\OneDrive\Desktop\Fine-Grained Pet Breed Classification\data\processed\images\shiba_inu_130.jpg,32,shiba_inu
basset_hound_185,C:\Users\mahmu\OneDrive\Desktop\Fine-Grained Pet Breed Classification\data\processed\images\basset_hound_185.jpg,4,basset_hound
Persian_111,C:\Users\mahmu\OneDrive\Desktop\Fine-Grained Pet Breed Classification\data\processed\images\Persian_111.jpg,24,Persian
Bombay_127,C:\Users\mahmu\OneDrive\Desktop\Fine-Grained Pet Breed Classification\data\processed\images\Bombay_127.jpg,8,Bombay
havanese_142,C:\Users\mahmu\OneDrive\Desktop\Fine-Grained Pet Breed Classification\data\processed\images\havanese_142.jpg,17,havanese
Russian_Blue_142,C:\Users\mahmu\OneDrive\Desktop\Fine-Grained Pet Breed Classification\data\processed\images\Russian_Blue_142.jpg,28,Russian_Blue
British_Shorthair_108,C:\Users\mahmu\OneDrive\Desktop\Fine-Grained Pet Breed Classification\data\processed\images\British_Shorthair_108.jpg,10,British_Shorthair
Egyptian_Mau_103,C:\Users\mahmu\OneDrive\Desktop\Fine-Grained Pet Breed Classification\data\processed\images\Egyptian_Mau_103.jpg,12,Egyptian_Mau
staffordshire_bull_terrier_106,C:\Users\mahmu\OneDrive\Desktop\Fine-Grained Pet Breed Classification\data\processed\images\staffordshire_bull_terrier_106.jpg,35,staffordshire_bull_terrier
havanese_149,C:\Users\mahmu\OneDrive\Desktop\Fine-Grained Pet Breed Classification\data\processed\images\havanese_149.jpg,17,havanese
japanese_chin_130,C:\Users\mahmu\OneDrive\Desktop\Fine-Grained Pet Breed Classification\data\processed\images\japanese_chin_130.jpg,18,japanese_chin
Russian_Blue_181,C:\Users\mahmu\OneDrive\Desktop\Fine-Grained Pet Breed Classification\data\processed\images\Russian_Blue_181.jpg,28,Russian_Blue
pug_14,C:\Users\mahmu\OneDrive\Desktop\Fine-Grained Pet Breed Classification\data\processed\images\pug_14.jpg,26,pug
Egyptian_Mau_110,C:\Users\mahmu\OneDrive\Desktop\Fine-Grained Pet Breed Classification\data\processed\images\Egyptian_Mau_110.jpg,12,Egyptian_Mau
chihuahua_148,C:\Users\mahmu\OneDrive\Desktop\Fine-Grained Pet Breed Classification\data\processed\images\chihuahua_148.jpg,11,chihuahua
samoyed_12,C:\Users\mahmu\OneDrive\Desktop\Fine-Grained Pet Breed Classification\data\processed\images\samoyed_12.jpg,30,samoyed
pug_170,C:\Users\mahmu\OneDrive\Desktop\Fine-Grained Pet Breed Classification\data\processed\images\pug_170.jpg,26,pug
yorkshire_terrier_12,C:\Users\mahmu\OneDrive\Desktop\Fine-Grained Pet Breed Classification\data\processed\images\yorkshire_terrier_12.jpg,37,yorkshire_terrier
Maine_Coon_187,C:\Users\mahmu\OneDrive\Desktop\Fine-Grained Pet Breed Classification\data\processed\images\Maine_Coon_187.jpg,21,Maine_Coon
beagle_142,C:\Users\mahmu\OneDrive\Desktop\Fine-Grained Pet Breed Classification\data\processed\images\beagle_142.jpg,5,beagle
german_shorthaired_136,C:\Users\mahmu\OneDrive\Desktop\Fine-Grained Pet Breed Classification\data\processed\images\german_shorthaired_136.jpg,15,german_shorthaired
japanese_chin_169,C:\Users\mahmu\OneDrive\Desktop\Fine-Grained Pet Breed Classification\data\processed\images\japanese_chin_169.jpg,18,japanese_chin
staffordshire_bull_terrier_165,C:\Users\mahmu\OneDrive\Desktop\Fine-Grained Pet Breed Classification\data\processed\images\staffordshire_bull_terrier_165.jpg,35,staffordshire_bull_terrier
Persian_156,C:\Users\mahmu\OneDrive\Desktop\Fine-Grained Pet Breed Classification\data\processed\images\Persian_156.jpg,24,Persian
Siamese_189,C:\Users\mahmu\OneDrive\Desktop\Fine-Grained Pet Breed Classification\data\processed\images\Siamese_189.jpg,33,Siamese
havanese_139,C:\Users\mahmu\OneDrive\Desktop\Fine-Grained Pet Breed Classification\data\processed\images\havanese_139.jpg,17,havanese
Persian_169,C:\Users\mahmu\OneDrive\Desktop\Fine-Grained Pet Breed Classification\data\processed\images\Persian_169.jpg,24,Persian
Bombay_166,C:\Users\mahmu\OneDrive\Desktop\Fine-Grained Pet Breed Classification\data\processed\images\Bombay_166.jpg,8,Bombay
samoyed_156,C:\Users\mahmu\OneDrive\Desktop\Fine-Grained Pet Breed Classification\data\processed\images\samoyed_156.jpg,30,samoyed
Maine_Coon_152,C:\Users\mahmu\OneDrive\Desktop\Fine-Grained Pet Breed Classification\data\processed\images\Maine_Coon_152.jpg,21,Maine_Coon
miniature_pinscher_11,C:\Users\mahmu\OneDrive\Desktop\Fine-Grained Pet Breed Classification\data\processed\images\miniature_pinscher_11.jpg,22,miniature_pinscher
chihuahua_163,C:\Users\mahmu\OneDrive\Desktop\Fine-Grained Pet Breed Classification\data\processed\images\chihuahua_163.jpg,11,chihuahua
leonberger_174,C:\Users\mahmu\OneDrive\Desktop\Fine-Grained Pet Breed Classification\data\processed\images\leonberger_174.jpg,20,leonberger
Ragdoll_100,C:\Users\mahmu\OneDrive\Desktop\Fine-Grained Pet Breed Classification\data\processed\images\Ragdoll_100.jpg,27,Ragdoll
samoyed_144,C:\Users\mahmu\OneDrive\Desktop\Fine-Grained Pet Breed Classification\data\processed\images\samoyed_144.jpg,30,samoyed
samoyed_129,C:\Users\mahmu\OneDrive\Desktop\Fine-Grained Pet Breed Classification\data\processed\images\samoyed_129.jpg,30,samoyed
Bombay_132,C:\Users\mahmu\OneDrive\Desktop\Fine-Grained Pet Breed Classification\data\processed\images\Bombay_132.jpg,8,Bombay
Birman_139,C:\Users\mahmu\OneDrive\Desktop\Fine-Grained Pet Breed Classification\data\processed\images\Birman_139.jpg,7,Birman
Siamese_182,C:\Users\mahmu\OneDrive\Desktop\Fine-Grained Pet Breed Classification\data\processed\images\Siamese_182.jpg,33,Siamese
german_shorthaired_10,C:\Users\mahmu\OneDrive\Desktop\Fine-Grained Pet Breed Classification\data\processed\images\german_shorthaired_10.jpg,15,german_shorthaired
leonberger_167,C:\Users\mahmu\OneDrive\Desktop\Fine-Grained Pet Breed Classification\data\processed\images\leonberger_167.jpg,20,leonberger
english_cocker_spaniel_10,C:\Users\mahmu\OneDrive\Desktop\Fine-Grained Pet Breed Classification\data\processed\images\english_cocker_spaniel_10.jpg,13,english_cocker_spaniel
pug_160,C:\Users\mahmu\OneDrive\Desktop\Fine-Grained Pet Breed Classification\data\processed\images\pug_160.jpg,26,pug
newfoundland_173,C:\Users\mahmu\OneDrive\Desktop\Fine-Grained Pet Breed Classification\data\processed\images\newfoundland_173.jpg,23,newfoundland
pomeranian_137,C:\Users\mahmu\OneDrive\Desktop\Fine-Grained Pet Breed Classification\data\processed\images\pomeranian_137.jpg,25,pomeranian
samoyed_117,C:\Users\mahmu\OneDrive\Desktop\Fine-Grained Pet Breed Classification\data\processed\images\samoyed_117.jpg,30,samoyed
yorkshire_terrier_174,C:\Users\mahmu\OneDrive\Desktop\Fine-Grained Pet Breed Classification\data\processed\images\yorkshire_terrier_174.jpg,37,yorkshire_terrier
shiba_inu_129,C:\Users\mahmu\OneDrive\Desktop\Fine-Grained Pet Breed Classification\data\processed\images\shiba_inu_129.jpg,32,shiba_inu
Sphynx_171,C:\Users\mahmu\OneDrive\Desktop\Fine-Grained Pet Breed Classification\data\processed\images\Sphynx_171.jpg,34,Sphynx
shiba_inu_155,C:\Users\mahmu\OneDrive\Desktop\Fine-Grained Pet Breed Classification\data\processed\images\shiba_inu_155.jpg,32,shiba_inu
leonberger_134,C:\Users\mahmu\OneDrive\Desktop\Fine-Grained Pet Breed Classification\data\processed\images\leonberger_134.jpg,20,leonberger
samoyed_111,C:\Users\mahmu\OneDrive\Desktop\Fine-Grained Pet Breed Classification\data\processed\images\samoyed_111.jpg,30,samoyed
german_shorthaired_161,C:\Users\mahmu\OneDrive\Desktop\Fine-Grained Pet Breed Classification\data\processed\images\german_shorthaired_161.jpg,15,german_shorthaired
pug_126,C:\Users\mahmu\OneDrive\Desktop\Fine-Grained Pet Breed Classification\data\processed\images\pug_126.jpg,26,pug
pomeranian_112,C:\Users\mahmu\OneDrive\Desktop\Fine-Grained Pet Breed Classification\data\processed\images\pomeranian_112.jpg,25,pomeranian
shiba_inu_109,C:\Users\mahmu\OneDrive\Desktop\Fine-Grained Pet Breed Classification\data\processed\images\shiba_inu_109.jpg,32,shiba_inu
miniature_pinscher_150,C:\Users\mahmu\OneDrive\Desktop\Fine-Grained Pet Breed Classification\data\processed\images\miniature_pinscher_150.jpg,22,miniature_pinscher
Maine_Coon_211,C:\Users\mahmu\OneDrive\Desktop\Fine-Grained Pet Breed Classification\data\processed\images\Maine_Coon_211.jpg,21,Maine_Coon
saint_bernard_106,C:\Users\mahmu\OneDrive\Desktop\Fine-Grained Pet Breed Classification\data\processed\images\saint_bernard_106.jpg,29,saint_bernard
shiba_inu_183,C:\Users\mahmu\OneDrive\Desktop\Fine-Grained Pet Breed Classification\data\processed\images\shiba_inu_183.jpg,32,shiba_inu
scottish_terrier_132,C:\Users\mahmu\OneDrive\Desktop\Fine-Grained Pet Breed Classification\data\processed\images\scottish_terrier_132.jpg,31,scottish_terrier
Persian_16,C:\Users\mahmu\OneDrive\Desktop\Fine-Grained Pet Breed Classification\data\processed\images\Persian_16.jpg,24,Persian
pug_12,C:\Users\mahmu\OneDrive\Desktop\Fine-Grained Pet Breed Classification\data\processed\images\pug_12.jpg,26,pug
newfoundland_128,C:\Users\mahmu\OneDrive\Desktop\Fine-Grained Pet Breed Classification\data\processed\images\newfoundland_128.jpg,23,newfoundland
boxer_183,C:\Users\mahmu\OneDrive\Desktop\Fine-Grained Pet Breed Classification\data\processed\images\boxer_183.jpg,9,boxer
shiba_inu_125,C:\Users\mahmu\OneDrive\Desktop\Fine-Grained Pet Breed Classification\data\processed\images\shiba_inu_125.jpg,32,shiba_inu
american_bulldog_142,C:\Users\mahmu\OneDrive\Desktop\Fine-Grained Pet Breed Classification\data\processed\images\american_bulldog_142.jpg,2,american_bulldog
Siamese_195,C:\Users\mahmu\OneDrive\Desktop\Fine-Grained Pet Breed Classification\data\processed\images\Siamese_195.jpg,33,Siamese
Maine_Coon_182,C:\Users\mahmu\OneDrive\Desktop\Fine-Grained Pet Breed Classification\data\processed\images\Maine_Coon_182.jpg,21,Maine_Coon
miniature_pinscher_138,C:\Users\mahmu\OneDrive\Desktop\Fine-Grained Pet Breed Classification\data\processed\images\miniature_pinscher_138.jpg,22,miniature_pinscher
american_pit_bull_terrier_122,C:\Users\mahmu\OneDrive\Desktop\Fine-Grained Pet Breed Classification\data\processed\images\american_pit_bull_terrier_122.jpg,3,american_pit_bull_terrier
Siamese_162,C:\Users\mahmu\OneDrive\Desktop\Fine-Grained Pet Breed Classification\data\processed\images\Siamese_162.jpg,33,Siamese
english_setter_150,C:\Users\mahmu\OneDrive\Desktop\Fine-Grained Pet Breed Classification\data\processed\images\english_setter_150.jpg,14,english_setter
Birman_101,C:\Users\mahmu\OneDrive\Desktop\Fine-Grained Pet Breed Classification\data\processed\images\Birman_101.jpg,7,Birman
pug_158,C:\Users\mahmu\OneDrive\Desktop\Fine-Grained Pet Breed Classification\data\processed\images\pug_158.jpg,26,pug
english_cocker_spaniel_143,C:\Users\mahmu\OneDrive\Desktop\Fine-Grained Pet Breed Classification\data\processed\images\english_cocker_spaniel_143.jpg,13,english_cocker_spaniel
english_setter_132,C:\Users\mahmu\OneDrive\Desktop\Fine-Grained Pet Breed Classification\data\processed\images\english_setter_132.jpg,14,english_setter
shiba_inu_126,C:\Users\mahmu\OneDrive\Desktop\Fine-Grained Pet Breed Classification\data\processed\images\shiba_inu_126.jpg,32,shiba_inu
Bengal_143,C:\Users\mahmu\OneDrive\Desktop\Fine-Grained Pet Breed Classification\data\processed\images\Bengal_143.jpg,6,Bengal
samoyed_182,C:\Users\mahmu\OneDrive\Desktop\Fine-Grained Pet Breed Classification\data\processed\images\samoyed_182.jpg,30,samoyed
Siamese_198,C:\Users\mahmu\OneDrive\Desktop\Fine-Grained Pet Breed Classification\data\processed\images\Siamese_198.jpg,33,Siamese
japanese_chin_100,C:\Users\mahmu\OneDrive\Desktop\Fine-Grained Pet Breed Classification\data\processed\images\japanese_chin_100.jpg,18,japanese_chin
Abyssinian_114,C:\Users\mahmu\OneDrive\Desktop\Fine-Grained Pet Breed Classification\data\processed\images\Abyssinian_114.jpg,1,Abyssinian
scottish_terrier_166,C:\Users\mahmu\OneDrive\Desktop\Fine-Grained Pet Breed Classification\data\processed\images\scottish_terrier_166.jpg,31,scottish_terrier
german_shorthaired_155,C:\Users\mahmu\OneDrive\Desktop\Fine-Grained Pet Breed Classification\data\processed\images\german_shorthaired_155.jpg,15,german_shorthaired
Maine_Coon_137,C:\Users\mahmu\OneDrive\Desktop\Fine-Grained Pet Breed Classification\data\processed\images\Maine_Coon_137.jpg,21,Maine_Coon
leonberger_164,C:\Users\mahmu\OneDrive\Desktop\Fine-Grained Pet Breed Classification\data\processed\images\leonberger_164.jpg,20,leonberger
american_pit_bull_terrier_16,C:\Users\mahmu\OneDrive\Desktop\Fine-Grained Pet Breed Classification\data\processed\images\american_pit_bull_terrier_16.jpg,3,american_pit_bull_terrier
basset_hound_126,C:\Users\mahmu\OneDrive\Desktop\Fine-Grained Pet Breed Classification\data\processed\images\basset_hound_126.jpg,4,basset_hound
yorkshire_terrier_103,C:\Users\mahmu\OneDrive\Desktop\Fine-Grained Pet Breed Classification\data\processed\images\yorkshire_terrier_103.jpg,37,yorkshire_terrier
Bengal_18,C:\Users\mahmu\OneDrive\Desktop\Fine-Grained Pet Breed Classification\data\processed\images\Bengal_18.jpg,6,Bengal
english_cocker_spaniel_108,C:\Users\mahmu\OneDrive\Desktop\Fine-Grained Pet Breed Classification\data\processed\images\english_cocker_spaniel_108.jpg,13,english_cocker_spaniel
Sphynx_110,C:\Users\mahmu\OneDrive\Desktop\Fine-Grained Pet Breed Classification\data\processed\images\Sphynx_110.jpg,34,Sphynx
Persian_170,C:\Users\mahmu\OneDrive\Desktop\Fine-Grained Pet Breed Classification\data\processed\images\Persian_170.jpg,24,Persian
Bombay_135,C:\Users\mahmu\OneDrive\Desktop\Fine-Grained Pet Breed Classification\data\processed\images\Bombay_135.jpg,8,Bombay
beagle_133,C:\Users\mahmu\OneDrive\Desktop\Fine-Grained Pet Breed Classification\data\processed\images\beagle_133.jpg,5,beagle
german_shorthaired_175,C:\Users\mahmu\OneDrive\Desktop\Fine-Grained Pet Breed Classification\data\processed\images\german_shorthaired_175.jpg,15,german_shorthaired
Maine_Coon_184,C:\Users\mahmu\OneDrive\Desktop\Fine-Grained Pet Breed Classification\data\processed\images\Maine_Coon_184.jpg,21,Maine_Coon
Birman_138,C:\Users\mahmu\OneDrive\Desktop\Fine-Grained Pet Breed Classification\data\processed\images\Birman_138.jpg,7,Birman
great_pyrenees_115,C:\Users\mahmu\OneDrive\Desktop\Fine-Grained Pet Breed Classification\data\processed\images\great_pyrenees_115.jpg,16,great_pyrenees
shiba_inu_164,C:\Users\mahmu\OneDrive\Desktop\Fine-Grained Pet Breed Classification\data\processed\images\shiba_inu_164.jpg,32,shiba_inu
german_shorthaired_101,C:\Users\mahmu\OneDrive\Desktop\Fine-Grained Pet Breed Classification\data\processed\images\german_shorthaired_101.jpg,15,german_shorthaired
english_setter_140,C:\Users\mahmu\OneDrive\Desktop\Fine-Grained Pet Breed Classification\data\processed\images\english_setter_140.jpg,14,english_setter
scottish_terrier_104,C:\Users\mahmu\OneDrive\Desktop\Fine-Grained Pet Breed Classification\data\processed\images\scottish_terrier_104.jpg,31,scottish_terrier
great_pyrenees_169,C:\Users\mahmu\OneDrive\Desktop\Fine-Grained Pet Breed Classification\data\processed\images\great_pyrenees_169.jpg,16,great_pyrenees
Sphynx_139,C:\Users\mahmu\OneDrive\Desktop\Fine-Grained Pet Breed Classification\data\processed\images\Sphynx_139.jpg,34,Sphynx
Russian_Blue_17,C:\Users\mahmu\OneDrive\Desktop\Fine-Grained Pet Breed Classification\data\processed\images\Russian_Blue_17.jpg,28,Russian_Blue
Birman_143,C:\Users\mahmu\OneDrive\Desktop\Fine-Grained Pet Breed Classification\data\processed\images\Birman_143.jpg,7,Birman
american_pit_bull_terrier_180,C:\Users\mahmu\OneDrive\Desktop\Fine-Grained Pet Breed Classification\data\processed\images\american_pit_bull_terrier_180.jpg,3,american_pit_bull_terrier
Bombay_137,C:\Users\mahmu\OneDrive\Desktop\Fine-Grained Pet Breed Classification\data\processed\images\Bombay_137.jpg,8,Bombay
boxer_175,C:\Users\mahmu\OneDrive\Desktop\Fine-Grained Pet Breed Classification\data\processed\images\boxer_175.jpg,9,boxer
english_setter_144,C:\Users\mahmu\OneDrive\Desktop\Fine-Grained Pet Breed Classification\data\processed\images\english_setter_144.jpg,14,english_setter
keeshond_173,C:\Users\mahmu\OneDrive\Desktop\Fine-Grained Pet Breed Classification\data\processed\images\keeshond_173.jpg,19,keeshond
staffordshire_bull_terrier_172,C:\Users\mahmu\OneDrive\Desktop\Fine-Grained Pet Breed Classification\data\processed\images\staffordshire_bull_terrier_172.jpg,35,staffordshire_bull_terrier
american_pit_bull_terrier_136,C:\Users\mahmu\OneDrive\Desktop\Fine-Grained Pet Breed Classification\data\processed\images\american_pit_bull_terrier_136.jpg,3,american_pit_bull_terrier
beagle_110,C:\Users\mahmu\OneDrive\Desktop\Fine-Grained Pet Breed Classification\data\processed\images\beagle_110.jpg,5,beagle
Russian_Blue_117,C:\Users\mahmu\OneDrive\Desktop\Fine-Grained Pet Breed Classification\data\processed\images\Russian_Blue_117.jpg,28,Russian_Blue
Bengal_117,C:\Users\mahmu\OneDrive\Desktop\Fine-Grained Pet Breed Classification\data\processed\images\Bengal_117.jpg,6,Bengal
basset_hound_157,C:\Users\mahmu\OneDrive\Desktop\Fine-Grained Pet Breed Classification\data\processed\images\basset_hound_157.jpg,4,basset_hound
Sphynx_174,C:\Users\mahmu\OneDrive\Desktop\Fine-Grained Pet Breed Classification\data\processed\images\Sphynx_174.jpg,34,Sphynx
english_cocker_spaniel_123,C:\Users\mahmu\OneDrive\Desktop\Fine-Grained Pet Breed Classification\data\processed\images\english_cocker_spaniel_123.jpg,13,english_cocker_spaniel
Birman_166,C:\Users\mahmu\OneDrive\Desktop\Fine-Grained Pet Breed Classification\data\processed\images\Birman_166.jpg,7,Birman
scottish_terrier_170,C:\Users\mahmu\OneDrive\Desktop\Fine-Grained Pet Breed Classification\data\processed\images\scottish_terrier_170.jpg,31,scottish_terrier
Siamese_14,C:\Users\mahmu\OneDrive\Desktop\Fine-Grained Pet Breed Classification\data\processed\images\Siamese_14.jpg,33,Siamese
British_Shorthair_135,C:\Users\mahmu\OneDrive\Desktop\Fine-Grained Pet Breed Classification\data\processed\images\British_Shorthair_135.jpg,10,British_Shorthair
leonberger_127,C:\Users\mahmu\OneDrive\Desktop\Fine-Grained Pet Breed Classification\data\processed\images\leonberger_127.jpg,20,leonberger
pug_107,C:\Users\mahmu\OneDrive\Desktop\Fine-Grained Pet Breed Classification\data\processed\images\pug_107.jpg,26,pug
wheaten_terrier_152,C:\Users\mahmu\OneDrive\Desktop\Fine-Grained Pet Breed Classification\data\processed\images\wheaten_terrier_152.jpg,36,wheaten_terrier
Siamese_108,C:\Users\mahmu\OneDrive\Desktop\Fine-Grained Pet Breed Classification\data\processed\images\Siamese_108.jpg,33,Siamese
Ragdoll_188,C:\Users\mahmu\OneDrive\Desktop\Fine-Grained Pet Breed Classification\data\processed\images\Ragdoll_188.jpg,27,Ragdoll
Abyssinian_15,C:\Users\mahmu\OneDrive\Desktop\Fine-Grained Pet Breed Classification\data\processed\images\Abyssinian_15.jpg,1,Abyssinian
boxer_152,C:\Users\mahmu\OneDrive\Desktop\Fine-Grained Pet Breed Classification\data\processed\images\boxer_152.jpg,9,boxer
leonberger_11,C:\Users\mahmu\OneDrive\Desktop\Fine-Grained Pet Breed Classification\data\processed\images\leonberger_11.jpg,20,leonberger
newfoundland_126,C:\Users\mahmu\OneDrive\Desktop\Fine-Grained Pet Breed Classification\data\processed\images\newfoundland_126.jpg,23,newfoundland
keeshond_115,C:\Users\mahmu\OneDrive\Desktop\Fine-Grained Pet Breed Classification\data\processed\images\keeshond_115.jpg,19,keeshond
miniature_pinscher_136,C:\Users\mahmu\OneDrive\Desktop\Fine-Grained Pet Breed Classification\data\processed\images\miniature_pinscher_136.jpg,22,miniature_pinscher
wheaten_terrier_115,C:\Users\mahmu\OneDrive\Desktop\Fine-Grained Pet Breed Classification\data\processed\images\wheaten_terrier_115.jpg,36,wheaten_terrier
yorkshire_terrier_120,C:\Users\mahmu\OneDrive\Desktop\Fine-Grained Pet Breed Classification\data\processed\images\yorkshire_terrier_120.jpg,37,yorkshire_terrier
miniature_pinscher_166,C:\Users\mahmu\OneDrive\Desktop\Fine-Grained Pet Breed Classification\data\processed\images\miniature_pinscher_166.jpg,22,miniature_pinscher
miniature_pinscher_190,C:\Users\mahmu\OneDrive\Desktop\Fine-Grained Pet Breed Classification\data\processed\images\miniature_pinscher_190.jpg,22,miniature_pinscher
yorkshire_terrier_171,C:\Users\mahmu\OneDrive\Desktop\Fine-Grained Pet Breed Classification\data\processed\images\yorkshire_terrier_171.jpg,37,yorkshire_terrier
staffordshire_bull_terrier_100,C:\Users\mahmu\OneDrive\Desktop\Fine-Grained Pet Breed Classification\data\processed\images\staffordshire_bull_terrier_100.jpg,35,staffordshire_bull_terrier
Russian_Blue_101,C:\Users\mahmu\OneDrive\Desktop\Fine-Grained Pet Breed Classification\data\processed\images\Russian_Blue_101.jpg,28,Russian_Blue
shiba_inu_175,C:\Users\mahmu\OneDrive\Desktop\Fine-Grained Pet Breed Classification\data\processed\images\shiba_inu_175.jpg,32,shiba_inu
wheaten_terrier_110,C:\Users\mahmu\OneDrive\Desktop\Fine-Grained Pet Breed Classification\data\processed\images\wheaten_terrier_110.jpg,36,wheaten_terrier
american_bulldog_167,C:\Users\mahmu\OneDrive\Desktop\Fine-Grained Pet Breed Classification\data\processed\images\american_bulldog_167.jpg,2,american_bulldog
saint_bernard_116,C:\Users\mahmu\OneDrive\Desktop\Fine-Grained Pet Breed Classification\data\processed\images\saint_bernard_116.jpg,29,saint_bernard
japanese_chin_107,C:\Users\mahmu\OneDrive\Desktop\Fine-Grained Pet Breed Classification\data\processed\images\japanese_chin_107.jpg,18,japanese_chin
British_Shorthair_113,C:\Users\mahmu\OneDrive\Desktop\Fine-Grained Pet Breed Classification\data\processed\images\British_Shorthair_113.jpg,10,British_Shorthair
scottish_terrier_145,C:\Users\mahmu\OneDrive\Desktop\Fine-Grained Pet Breed Classification\data\processed\images\scottish_terrier_145.jpg,31,scottish_terrier
american_pit_bull_terrier_140,C:\Users\mahmu\OneDrive\Desktop\Fine-Grained Pet Breed Classification\data\processed\images\american_pit_bull_terrier_140.jpg,3,american_pit_bull_terrier
Birman_142,C:\Users\mahmu\OneDrive\Desktop\Fine-Grained Pet Breed Classification\data\processed\images\Birman_142.jpg,7,Birman
Egyptian_Mau_172,C:\Users\mahmu\OneDrive\Desktop\Fine-Grained Pet Breed Classification\data\processed\images\Egyptian_Mau_172.jpg,12,Egyptian_Mau
pug_179,C:\Users\mahmu\OneDrive\Desktop\Fine-Grained Pet Breed Classification\data\processed\images\pug_179.jpg,26,pug
Sphynx_19,C:\Users\mahmu\OneDrive\Desktop\Fine-Grained Pet Breed Classification\data\processed\images\Sphynx_19.jpg,34,Sphynx
Russian_Blue_132,C:\Users\mahmu\OneDrive\Desktop\Fine-Grained Pet Breed Classification\data\processed\images\Russian_Blue_132.jpg,28,Russian_Blue
beagle_17,C:\Users\mahmu\OneDrive\Desktop\Fine-Grained Pet Breed Classification\data\processed\images\beagle_17.jpg,5,beagle
boxer_13,C:\Users\mahmu\OneDrive\Desktop\Fine-Grained Pet Breed Classification\data\processed\images\boxer_13.jpg,9,boxer
beagle_109,C:\Users\mahmu\OneDrive\Desktop\Fine-Grained Pet Breed Classification\data\processed\images\beagle_109.jpg,5,beagle
yorkshire_terrier_172,C:\Users\mahmu\OneDrive\Desktop\Fine-Grained Pet Breed Classification\data\processed\images\yorkshire_terrier_172.jpg,37,yorkshire_terrier
newfoundland_164,C:\Users\mahmu\OneDrive\Desktop\Fine-Grained Pet Breed Classification\data\processed\images\newfoundland_164.jpg,23,newfoundland
Birman_181,C:\Users\mahmu\OneDrive\Desktop\Fine-Grained Pet Breed Classification\data\processed\images\Birman_181.jpg,7,Birman
Ragdoll_173,C:\Users\mahmu\OneDrive\Desktop\Fine-Grained Pet Breed Classification\data\processed\images\Ragdoll_173.jpg,27,Ragdoll
english_setter_157,C:\Users\mahmu\OneDrive\Desktop\Fine-Grained Pet Breed Classification\data\processed\images\english_setter_157.jpg,14,english_setter
Siamese_154,C:\Users\mahmu\OneDrive\Desktop\Fine-Grained Pet Breed Classification\data\processed\images\Siamese_154.jpg,33,Siamese
miniature_pinscher_174,C:\Users\mahmu\OneDrive\Desktop\Fine-Grained Pet Breed Classification\data\processed\images\miniature_pinscher_174.jpg,22,miniature_pinscher
Ragdoll_191,C:\Users\mahmu\OneDrive\Desktop\Fine-Grained Pet Breed Classification\data\processed\images\Ragdoll_191.jpg,27,Ragdoll
american_bulldog_18,C:\Users\mahmu\OneDrive\Desktop\Fine-Grained Pet Breed Classification\data\processed\images\american_bulldog_18.jpg,2,american_bulldog
Ragdoll_179,C:\Users\mahmu\OneDrive\Desktop\Fine-Grained Pet Breed Classification\data\processed\images\Ragdoll_179.jpg,27,Ragdoll
leonberger_157,C:\Users\mahmu\OneDrive\Desktop\Fine-Grained Pet Breed Classification\data\processed\images\leonberger_157.jpg,20,leonberger
saint_bernard_182,C:\Users\mahmu\OneDrive\Desktop\Fine-Grained Pet Breed Classification\data\processed\images\saint_bernard_182.jpg,29,saint_bernard
yorkshire_terrier_156,C:\Users\mahmu\OneDrive\Desktop\Fine-Grained Pet Breed Classification\data\processed\images\yorkshire_terrier_156.jpg,37,yorkshire_terrier
beagle_16,C:\Users\mahmu\OneDrive\Desktop\Fine-Grained Pet Breed Classification\data\processed\images\beagle_16.jpg,5,beagle
english_setter_126,C:\Users\mahmu\OneDrive\Desktop\Fine-Grained Pet Breed Classification\data\processed\images\english_setter_126.jpg,14,english_setter
keeshond_186,C:\Users\mahmu\OneDrive\Desktop\Fine-Grained Pet Breed Classification\data\processed\images\keeshond_186.jpg,19,keeshond
chihuahua_117,C:\Users\mahmu\OneDrive\Desktop\Fine-Grained Pet Breed Classification\data\processed\images\chihuahua_117.jpg,11,chihuahua
shiba_inu_141,C:\Users\mahmu\OneDrive\Desktop\Fine-Grained Pet Breed Classification\data\processed\images\shiba_inu_141.jpg,32,shiba_inu
Birman_119,C:\Users\mahmu\OneDrive\Desktop\Fine-Grained Pet Breed Classification\data\processed\images\Birman_119.jpg,7,Birman
Egyptian_Mau_151,C:\Users\mahmu\OneDrive\Desktop\Fine-Grained Pet Breed Classification\data\processed\images\Egyptian_Mau_151.jpg,12,Egyptian_Mau
samoyed_161,C:\Users\mahmu\OneDrive\Desktop\Fine-Grained Pet Breed Classification\data\processed\images\samoyed_161.jpg,30,samoyed
english_setter_176,C:\Users\mahmu\OneDrive\Desktop\Fine-Grained Pet Breed Classification\data\processed\images\english_setter_176.jpg,14,english_setter
samoyed_141,C:\Users\mahmu\OneDrive\Desktop\Fine-Grained Pet Breed Classification\data\processed\images\samoyed_141.jpg,30,samoyed
Persian_180,C:\Users\mahmu\OneDrive\Desktop\Fine-Grained Pet Breed Classification\data\processed\images\Persian_180.jpg,24,Persian
British_Shorthair_170,C:\Users\mahmu\OneDrive\Desktop\Fine-Grained Pet Breed Classification\data\processed\images\British_Shorthair_170.jpg,10,British_Shorthair
newfoundland_114,C:\Users\mahmu\OneDrive\Desktop\Fine-Grained Pet Breed Classification\data\processed\images\newfoundland_114.jpg,23,newfoundland
american_pit_bull_terrier_126,C:\Users\mahmu\OneDrive\Desktop\Fine-Grained Pet Breed Classification\data\processed\images\american_pit_bull_terrier_126.jpg,3,american_pit_bull_terrier
newfoundland_110,C:\Users\mahmu\OneDrive\Desktop\Fine-Grained Pet Breed Classification\data\processed\images\newfoundland_110.jpg,23,newfoundland
great_pyrenees_119,C:\Users\mahmu\OneDrive\Desktop\Fine-Grained Pet Breed Classification\data\processed\images\great_pyrenees_119.jpg,16,great_pyrenees
Persian_13,C:\Users\mahmu\OneDrive\Desktop\Fine-Grained Pet Breed Classification\data\processed\images\Persian_13.jpg,24,Persian
Sphynx_164,C:\Users\mahmu\OneDrive\Desktop\Fine-Grained Pet Breed Classification\data\processed\images\Sphynx_164.jpg,34,Sphynx
pug_149,C:\Users\mahmu\OneDrive\Desktop\Fine-Grained Pet Breed Classification\data\processed\images\pug_149.jpg,26,pug
pug_103,C:\Users\mahmu\OneDrive\Desktop\Fine-Grained Pet Breed Classification\data\processed\images\pug_103.jpg,26,pug
english_cocker_spaniel_135,C:\Users\mahmu\OneDrive\Desktop\Fine-Grained Pet Breed Classification\data\processed\images\english_cocker_spaniel_135.jpg,13,english_cocker_spaniel
keeshond_103,C:\Users\mahmu\OneDrive\Desktop\Fine-Grained Pet Breed Classification\data\processed\images\keeshond_103.jpg,19,keeshond
beagle_124,C:\Users\mahmu\OneDrive\Desktop\Fine-Grained Pet Breed Classification\data\processed\images\beagle_124.jpg,5,beagle
boxer_135,C:\Users\mahmu\OneDrive\Desktop\Fine-Grained Pet Breed Classification\data\processed\images\boxer_135.jpg,9,boxer
Ragdoll_196,C:\Users\mahmu\OneDrive\Desktop\Fine-Grained Pet Breed Classification\data\processed\images\Ragdoll_196.jpg,27,Ragdoll
german_shorthaired_125,C:\Users\mahmu\OneDrive\Desktop\Fine-Grained Pet Breed Classification\data\processed\images\german_shorthaired_125.jpg,15,german_shorthaired
beagle_111,C:\Users\mahmu\OneDrive\Desktop\Fine-Grained Pet Breed Classification\data\processed\images\beagle_111.jpg,5,beagle
wheaten_terrier_180,C:\Users\mahmu\OneDrive\Desktop\Fine-Grained Pet Breed Classification\data\processed\images\wheaten_terrier_180.jpg,36,wheaten_terrier
saint_bernard_153,C:\Users\mahmu\OneDrive\Desktop\Fine-Grained Pet Breed Classification\data\processed\images\saint_bernard_153.jpg,29,saint_bernard
english_setter_125,C:\Users\mahmu\OneDrive\Desktop\Fine-Grained Pet Breed Classification\data\processed\images\english_setter_125.jpg,14,english_setter
keeshond_102,C:\Users\mahmu\OneDrive\Desktop\Fine-Grained Pet Breed Classification\data\processed\images\keeshond_102.jpg,19,keeshond
Egyptian_Mau_112,C:\Users\mahmu\OneDrive\Desktop\Fine-Grained Pet Breed Classification\data\processed\images\Egyptian_Mau_112.jpg,12,Egyptian_Mau
chihuahua_122,C:\Users\mahmu\OneDrive\Desktop\Fine-Grained Pet Breed Classification\data\processed\images\chihuahua_122.jpg,11,chihuahua
great_pyrenees_137,C:\Users\mahmu\OneDrive\Desktop\Fine-Grained Pet Breed Classification\data\processed\images\great_pyrenees_137.jpg,16,great_pyrenees
american_pit_bull_terrier_147,C:\Users\mahmu\OneDrive\Desktop\Fine-Grained Pet Breed Classification\data\processed\images\american_pit_bull_terrier_147.jpg,3,american_pit_bull_terrier
pug_124,C:\Users\mahmu\OneDrive\Desktop\Fine-Grained Pet Breed Classification\data\processed\images\pug_124.jpg,26,pug
miniature_pinscher_12,C:\Users\mahmu\OneDrive\Desktop\Fine-Grained Pet Breed Classification\data\processed\images\miniature_pinscher_12.jpg,22,miniature_pinscher
leonberger_111,C:\Users\mahmu\OneDrive\Desktop\Fine-Grained Pet Breed Classification\data\processed\images\leonberger_111.jpg,20,leonberger
japanese_chin_108,C:\Users\mahmu\OneDrive\Desktop\Fine-Grained Pet Breed Classification\data\processed\images\japanese_chin_108.jpg,18,japanese_chin
leonberger_16,C:\Users\mahmu\OneDrive\Desktop\Fine-Grained Pet Breed Classification\data\processed\images\leonberger_16.jpg,20,leonberger
english_cocker_spaniel_149,C:\Users\mahmu\OneDrive\Desktop\Fine-Grained Pet Breed Classification\data\processed\images\english_cocker_spaniel_149.jpg,13,english_cocker_spaniel
Siamese_153,C:\Users\mahmu\OneDrive\Desktop\Fine-Grained Pet Breed Classification\data\processed\images\Siamese_153.jpg,33,Siamese
havanese_177,C:\Users\mahmu\OneDrive\Desktop\Fine-Grained Pet Breed Classification\data\processed\images\havanese_177.jpg,17,havanese
leonberger_172,C:\Users\mahmu\OneDrive\Desktop\Fine-Grained Pet Breed Classification\data\processed\images\leonberger_172.jpg,20,leonberger
yorkshire_terrier_109,C:\Users\mahmu\OneDrive\Desktop\Fine-Grained Pet Breed Classification\data\processed\images\yorkshire_terrier_109.jpg,37,yorkshire_terrier
Egyptian_Mau_11,C:\Users\mahmu\OneDrive\Desktop\Fine-Grained Pet Breed Classification\data\processed\images\Egyptian_Mau_11.jpg,12,Egyptian_Mau
wheaten_terrier_166,C:\Users\mahmu\OneDrive\Desktop\Fine-Grained Pet Breed Classification\data\processed\images\wheaten_terrier_166.jpg,36,wheaten_terrier
havanese_115,C:\Users\mahmu\OneDrive\Desktop\Fine-Grained Pet Breed Classification\data\processed\images\havanese_115.jpg,17,havanese
miniature_pinscher_160,C:\Users\mahmu\OneDrive\Desktop\Fine-Grained Pet Breed Classification\data\processed\images\miniature_pinscher_160.jpg,22,miniature_pinscher
miniature_pinscher_175,C:\Users\mahmu\OneDrive\Desktop\Fine-Grained Pet Breed Classification\data\processed\images\miniature_pinscher_175.jpg,22,miniature_pinscher
Birman_131,C:\Users\mahmu\OneDrive\Desktop\Fine-Grained Pet Breed Classification\data\processed\images\Birman_131.jpg,7,Birman
miniature_pinscher_170,C:\Users\mahmu\OneDrive\Desktop\Fine-Grained Pet Breed Classification\data\processed\images\miniature_pinscher_170.jpg,22,miniature_pinscher
Maine_Coon_10,C:\Users\mahmu\OneDrive\Desktop\Fine-Grained Pet Breed Classification\data\processed\images\Maine_Coon_10.jpg,21,Maine_Coon
British_Shorthair_136,C:\Users\mahmu\OneDrive\Desktop\Fine-Grained Pet Breed Classification\data\processed\images\British_Shorthair_136.jpg,10,British_Shorthair
Bengal_164,C:\Users\mahmu\OneDrive\Desktop\Fine-Grained Pet Breed Classification\data\processed\images\Bengal_164.jpg,6,Bengal
newfoundland_121,C:\Users\mahmu\OneDrive\Desktop\Fine-Grained Pet Breed Classification\data\processed\images\newfoundland_121.jpg,23,newfoundland
Birman_168,C:\Users\mahmu\OneDrive\Desktop\Fine-Grained Pet Breed Classification\data\processed\images\Birman_168.jpg,7,Birman
yorkshire_terrier_151,C:\Users\mahmu\OneDrive\Desktop\Fine-Grained Pet Breed Classification\data\processed\images\yorkshire_terrier_151.jpg,37,yorkshire_terrier
german_shorthaired_100,C:\Users\mahmu\OneDrive\Desktop\Fine-Grained Pet Breed Classification\data\processed\images\german_shorthaired_100.jpg,15,german_shorthaired
american_pit_bull_terrier_102,C:\Users\mahmu\OneDrive\Desktop\Fine-Grained Pet Breed Classification\data\processed\images\american_pit_bull_terrier_102.jpg,3,american_pit_bull_terrier
Abyssinian_124,C:\Users\mahmu\OneDrive\Desktop\Fine-Grained Pet Breed Classification\data\processed\images\Abyssinian_124.jpg,1,Abyssinian
Russian_Blue_161,C:\Users\mahmu\OneDrive\Desktop\Fine-Grained Pet Breed Classification\data\processed\images\Russian_Blue_161.jpg,28,Russian_Blue
Egyptian_Mau_118,C:\Users\mahmu\OneDrive\Desktop\Fine-Grained Pet Breed Classification\data\processed\images\Egyptian_Mau_118.jpg,12,Egyptian_Mau
Sphynx_129,C:\Users\mahmu\OneDrive\Desktop\Fine-Grained Pet Breed Classification\data\processed\images\Sphynx_129.jpg,34,Sphynx
pug_17,C:\Users\mahmu\OneDrive\Desktop\Fine-Grained Pet Breed Classification\data\processed\images\pug_17.jpg,26,pug
Egyptian_Mau_101,C:\Users\mahmu\OneDrive\Desktop\Fine-Grained Pet Breed Classification\data\processed\images\Egyptian_Mau_101.jpg,12,Egyptian_Mau
pomeranian_160,C:\Users\mahmu\OneDrive\Desktop\Fine-Grained Pet Breed Classification\data\processed\images\pomeranian_160.jpg,25,pomeranian
saint_bernard_159,C:\Users\mahmu\OneDrive\Desktop\Fine-Grained Pet Breed Classification\data\processed\images\saint_bernard_159.jpg,29,saint_bernard
Bengal_133,C:\Users\mahmu\OneDrive\Desktop\Fine-Grained Pet Breed Classification\data\processed\images\Bengal_133.jpg,6,Bengal
scottish_terrier_188,C:\Users\mahmu\OneDrive\Desktop\Fine-Grained Pet Breed Classification\data\processed\images\scottish_terrier_188.jpg,31,scottish_terrier
staffordshire_bull_terrier_199,C:\Users\mahmu\OneDrive\Desktop\Fine-Grained Pet Breed Classification\data\processed\images\staffordshire_bull_terrier_199.jpg,35,staffordshire_bull_terrier
pug_136,C:\Users\mahmu\OneDrive\Desktop\Fine-Grained Pet Breed Classification\data\processed\images\pug_136.jpg,26,pug
Sphynx_177,C:\Users\mahmu\OneDrive\Desktop\Fine-Grained Pet Breed Classification\data\processed\images\Sphynx_177.jpg,34,Sphynx
american_pit_bull_terrier_174,C:\Users\mahmu\OneDrive\Desktop\Fine-Grained Pet Breed Classification\data\processed\images\american_pit_bull_terrier_174.jpg,3,american_pit_bull_terrier
Russian_Blue_148,C:\Users\mahmu\OneDrive\Desktop\Fine-Grained Pet Breed Classification\data\processed\images\Russian_Blue_148.jpg,28,Russian_Blue
english_setter_110,C:\Users\mahmu\OneDrive\Desktop\Fine-Grained Pet Breed Classification\data\processed\images\english_setter_110.jpg,14,english_setter
Russian_Blue_152,C:\Users\mahmu\OneDrive\Desktop\Fine-Grained Pet Breed Classification\data\processed\images\Russian_Blue_152.jpg,28,Russian_Blue
chihuahua_171,C:\Users\mahmu\OneDrive\Desktop\Fine-Grained Pet Breed Classification\data\processed\images\chihuahua_171.jpg,11,chihuahua
